{"_class":"page","booleanOperation":-1,"clippingMaskMode":0,"do_objectID":"AC35A593-87AA-4F4C-84BE-E76AB8594FE2","groupLayout":{"_class":"MSImmutableFreeformGroupLayout"},"hasClickThrough":false,"hasClippingMask":false,"horizontalRulerData":{"_class":"rulerData","base":-940,"guides":[]},"includeInCloudUpload":true,"isFixedToViewport":false,"isFlippedHorizontal":false,"isFlippedVertical":false,"isLocked":false,"isVisible":true,"layerListExpandedType":0,"layers":[],"name":"Table","nameIsFixed":false,"resizingConstraint":63,"resizingType":0,"rotation":0,"scrollOrigin":"{938, 385}","shouldBreakMaskChain":false,"userInfo":{"com.animaapp.stc-sketch-plugin":{"com.animaapp.uses.anima":1}},"verticalRulerData":{"_class":"rulerData","base":-635,"guides":[]},"zoomValue":1}