{"_class":"page","booleanOperation":-1,"clippingMaskMode":0,"do_objectID":"C4D516E2-680B-442D-B72D-1CE505304B98","groupLayout":{"_class":"MSImmutableFreeformGroupLayout"},"hasClickThrough":false,"hasClippingMask":false,"horizontalRulerData":{"_class":"rulerData","base":-649,"guides":[]},"includeInCloudUpload":true,"isFixedToViewport":false,"isFlippedHorizontal":false,"isFlippedVertical":false,"isLocked":false,"isVisible":true,"layerListExpandedType":0,"layers":[{"_class":"symbolMaster","allowsOverrides":true,"backgroundColor":{"_class":"color","alpha":1,"blue":1,"green":1,"red":1},"booleanOperation":-1,"clippingMaskMode":0,"do_objectID":"E0B02E5E-D456-4387-A71D-CD9D40A0F4B8","frame":{"_class":"rect","constrainProportions":false,"height":273,"width":375,"x":477,"y":-63},"groupLayout":{"_class":"MSImmutableInferredGroupLayout","axis":1,"layoutAnchor":0,"maxSize":0,"minSize":0},"hasBackgroundColor":false,"hasClickThrough":true,"hasClippingMask":false,"horizontalRulerData":{"_class":"rulerData","base":0,"guides":[]},"includeBackgroundColorInExport":true,"includeBackgroundColorInInstance":true,"includeInCloudUpload":true,"isFixedToViewport":false,"isFlippedHorizontal":false,"isFlippedVertical":false,"isFlowHome":false,"isLocked":false,"isVisible":true,"layerListExpandedType":0,"layers":[{"_class":"rectangle","booleanOperation":-1,"clippingMaskMode":0,"do_objectID":"54759229-24EE-49C3-9413-16DBBB6FED3F","edited":false,"fixedRadius":0,"frame":{"_class":"rect","constrainProportions":false,"height":273,"width":375,"x":1.182343112304807e-11,"y":0},"hasClippingMask":false,"hasConvertedToNewRoundCorners":true,"isClosed":true,"isFixedToViewport":false,"isFlippedHorizontal":false,"isFlippedVertical":false,"isLocked":false,"isVisible":true,"name":"overlay","nameIsFixed":true,"needsConvertionToNewRoundCorners":false,"pointRadiusBehaviour":1,"points":[{"_class":"curvePoint","cornerRadius":0,"curveFrom":"{0, 0}","curveMode":1,"curveTo":"{0, 0}","hasCurveFrom":false,"hasCurveTo":false,"point":"{0, 0}"},{"_class":"curvePoint","cornerRadius":0,"curveFrom":"{1, 0}","curveMode":1,"curveTo":"{1, 0}","hasCurveFrom":false,"hasCurveTo":false,"point":"{1, 0}"},{"_class":"curvePoint","cornerRadius":0,"curveFrom":"{1, 1}","curveMode":1,"curveTo":"{1, 1}","hasCurveFrom":false,"hasCurveTo":false,"point":"{1, 1}"},{"_class":"curvePoint","cornerRadius":0,"curveFrom":"{0, 1}","curveMode":1,"curveTo":"{0, 1}","hasCurveFrom":false,"hasCurveTo":false,"point":"{0, 1}"}],"resizingConstraint":63,"resizingType":0,"rotation":0,"sharedStyleID":"ED68DF7C-832E-4789-BFF4-E6E38F11FA13","shouldBreakMaskChain":false,"style":{"_class":"style","blur":{"_class":"blur","center":"{0.5, 0.5}","isEnabled":false,"motionAngle":0,"radius":10,"saturation":1,"type":0},"borderOptions":{"_class":"borderOptions","dashPattern":[],"isEnabled":true,"lineCapStyle":0,"lineJoinStyle":0},"borders":[],"colorControls":{"_class":"colorControls","brightness":0,"contrast":1,"hue":0,"isEnabled":true,"saturation":1},"contextSettings":{"_class":"graphicsContextSettings","blendMode":0,"opacity":0.8},"do_objectID":"1C6D6161-E39E-4CD2-89F5-62D7821EDBBF","endMarkerType":0,"fills":[{"_class":"fill","color":{"_class":"color","alpha":1,"blue":0.1764705882352941,"green":0.1803921568627451,"red":0.1803921568627451},"contextSettings":{"_class":"graphicsContextSettings","blendMode":2,"opacity":1},"fillType":0,"gradient":{"_class":"gradient","elipseLength":0,"from":"{0.5, 0}","gradientType":0,"stops":[{"_class":"gradientStop","color":{"_class":"color","alpha":0.5,"blue":1,"green":1,"red":1},"position":0},{"_class":"gradientStop","color":{"_class":"color","alpha":0.5,"blue":0,"green":0,"red":0},"position":1}],"to":"{0.5, 1}"},"isEnabled":true,"noiseIndex":0,"noiseIntensity":0,"patternFillType":1,"patternTileScale":1}],"innerShadows":[],"miterLimit":10,"shadows":[],"startMarkerType":0,"windingRule":1}},{"_class":"group","booleanOperation":-1,"clippingMaskMode":0,"do_objectID":"D236293A-EAA1-4120-ADA6-55613B18A447","frame":{"_class":"rect","constrainProportions":false,"height":273,"width":375,"x":-2.205524651799351e-11,"y":0},"groupLayout":{"_class":"MSImmutableFreeformGroupLayout"},"hasClickThrough":false,"hasClippingMask":false,"isFixedToViewport":false,"isFlippedHorizontal":false,"isFlippedVertical":false,"isLocked":false,"isVisible":true,"layers":[{"_class":"group","booleanOperation":-1,"clippingMaskMode":0,"do_objectID":"568722A0-9100-486A-81D1-1092C92EC05F","frame":{"_class":"rect","constrainProportions":false,"height":273,"width":375,"x":0,"y":0},"groupLayout":{"_class":"MSImmutableFreeformGroupLayout"},"hasClickThrough":false,"hasClippingMask":false,"isFixedToViewport":false,"isFlippedHorizontal":false,"isFlippedVertical":false,"isLocked":false,"isVisible":true,"layers":[{"_class":"group","booleanOperation":-1,"clippingMaskMode":0,"do_objectID":"AA49E818-5288-4858-9BB0-742EBC7BC60D","frame":{"_class":"rect","constrainProportions":false,"height":273,"width":375,"x":0,"y":0},"groupLayout":{"_class":"MSImmutableFreeformGroupLayout"},"hasClickThrough":false,"hasClippingMask":false,"isFixedToViewport":false,"isFlippedHorizontal":false,"isFlippedVertical":false,"isLocked":false,"isVisible":true,"layers":[{"_class":"group","booleanOperation":-1,"clippingMaskMode":0,"do_objectID":"84EA85F3-89BC-4871-87E8-0CEB3F6EBA2E","frame":{"_class":"rect","constrainProportions":false,"height":273,"width":375,"x":0,"y":0},"groupLayout":{"_class":"MSImmutableFreeformGroupLayout"},"hasClickThrough":false,"hasClippingMask":false,"isFixedToViewport":false,"isFlippedHorizontal":false,"isFlippedVertical":false,"isLocked":false,"isVisible":true,"layers":[{"_class":"symbolInstance","booleanOperation":-1,"clippingMaskMode":0,"do_objectID":"CBC12976-9CAD-4F1C-BE70-2E93C4C0C9AC","frame":{"_class":"rect","constrainProportions":false,"height":273,"width":375,"x":0,"y":0},"hasClippingMask":false,"horizontalSpacing":0,"isFixedToViewport":false,"isFlippedHorizontal":false,"isFlippedVertical":false,"isLocked":false,"isVisible":true,"name":"Other/_Shape/Hub","nameIsFixed":false,"overrideValues":[],"resizingConstraint":18,"resizingType":0,"rotation":0,"scale":1,"shouldBreakMaskChain":false,"style":{"_class":"style","blur":{"_class":"blur","center":"{0.5, 0.5}","isEnabled":false,"motionAngle":0,"radius":10,"saturation":1,"type":0},"borderOptions":{"_class":"borderOptions","dashPattern":[],"isEnabled":true,"lineCapStyle":0,"lineJoinStyle":0},"borders":[],"colorControls":{"_class":"colorControls","brightness":0,"contrast":1,"hue":0,"isEnabled":false,"saturation":1},"contextSettings":{"_class":"graphicsContextSettings","blendMode":0,"opacity":1},"do_objectID":"B9021FB5-C0D8-49E1-A7AA-6503479FF419","endMarkerType":0,"fills":[],"innerShadows":[],"miterLimit":10,"shadows":[],"startMarkerType":0,"windingRule":1},"symbolID":"0F58F2F3-9595-470C-9E96-BC59595032D8","verticalSpacing":0}],"name":"6)Hub/Card/Template","nameIsFixed":false,"resizingConstraint":63,"resizingType":0,"rotation":0,"shouldBreakMaskChain":false,"style":{"_class":"style","blur":{"_class":"blur","center":"{0.5, 0.5}","isEnabled":false,"motionAngle":0,"radius":10,"saturation":1,"type":0},"borderOptions":{"_class":"borderOptions","dashPattern":[],"isEnabled":true,"lineCapStyle":0,"lineJoinStyle":0},"borders":[],"colorControls":{"_class":"colorControls","brightness":0,"contrast":1,"hue":0,"isEnabled":false,"saturation":1},"contextSettings":{"_class":"graphicsContextSettings","blendMode":0,"opacity":1},"do_objectID":"BC96AEC2-7170-4C89-AC9D-9EFF10966937","endMarkerType":0,"fills":[],"innerShadows":[],"miterLimit":10,"shadows":[],"startMarkerType":0,"windingRule":1},"userInfo":{"com.bohemiancoding.sketchtool.detach":{"symbolInstance":{"do_objectID":"F80949ED-4CCF-4A38-B3EB-B5F76E853BAA","frame":{"_class":"rect","constrainProportions":false,"height":460,"width":375,"x":0,"y":0}},"symbolMaster":{"do_objectID":"A12351D4-B244-400F-8F80-EBB4F701EEB9","symbolID":"8947BB18-739F-48BB-B1CF-792C313F3BFB"}},"com.sketch.detach":{"symbolInstance":{"do_objectID":"F80949ED-4CCF-4A38-B3EB-B5F76E853BAA","frame":{"_class":"rect","constrainProportions":false,"height":460,"width":375,"x":0,"y":0}},"symbolMaster":{"do_objectID":"A12351D4-B244-400F-8F80-EBB4F701EEB9","symbolID":"8947BB18-739F-48BB-B1CF-792C313F3BFB"}}}},{"_class":"group","booleanOperation":-1,"clippingMaskMode":0,"do_objectID":"8603E760-8F58-4114-9473-358C439B8985","frame":{"_class":"rect","constrainProportions":false,"height":166,"width":343,"x":16.000000127774,"y":79},"groupLayout":{"_class":"MSImmutableFreeformGroupLayout"},"hasClickThrough":false,"hasClippingMask":false,"isFixedToViewport":false,"isFlippedHorizontal":false,"isFlippedVertical":false,"isLocked":false,"isVisible":true,"layers":[{"_class":"group","booleanOperation":-1,"clippingMaskMode":0,"do_objectID":"96F137B1-770B-4778-8D16-DE13E99961C3","frame":{"_class":"rect","constrainProportions":false,"height":22,"width":209.9999999999999,"x":64.99999999999999,"y":0},"groupLayout":{"_class":"MSImmutableFreeformGroupLayout"},"hasClickThrough":false,"hasClippingMask":false,"isFixedToViewport":false,"isFlippedHorizontal":false,"isFlippedVertical":false,"isLocked":false,"isVisible":true,"layers":[{"_class":"text","attributedString":{"_class":"attributedString","attributes":[{"_class":"stringAttribute","attributes":{"MSAttributedStringColorAttribute":{"_class":"color","alpha":1,"blue":0.7411764705882353,"green":0.7529411764705882,"red":0.7529411764705882},"MSAttributedStringFontAttribute":{"_class":"fontDescriptor","attributes":{"name":"OpenSans-Regular","size":16}},"paragraphStyle":{"_class":"paragraphStyle","alignment":2},"textStyleVerticalAlignmentKey":1},"length":2,"location":0}],"string":"20"},"automaticallyDrawOnUnderlyingPath":false,"booleanOperation":-1,"clippingMaskMode":0,"do_objectID":"20E80C0A-2034-4EFF-875B-47EA26CC70A8","dontSynchroniseWithSymbol":false,"frame":{"_class":"rect","constrainProportions":false,"height":22,"width":32.99999999999999,"x":0,"y":0},"glyphBounds":"{{8, 5}, {17, 13}}","hasClippingMask":true,"isFixedToViewport":false,"isFlippedHorizontal":false,"isFlippedVertical":false,"isLocked":false,"isVisible":true,"lineSpacingBehaviour":3,"name":"Text Value","nameIsFixed":true,"resizingConstraint":27,"resizingType":0,"rotation":0,"sharedStyleID":"424B5D25-819D-4F06-BCAE-C60728B50867","shouldBreakMaskChain":false,"style":{"_class":"style","blur":{"_class":"blur","center":"{0.5, 0.5}","isEnabled":false,"motionAngle":0,"radius":10,"saturation":1,"type":0},"borderOptions":{"_class":"borderOptions","dashPattern":[],"isEnabled":true,"lineCapStyle":0,"lineJoinStyle":0},"borders":[],"colorControls":{"_class":"colorControls","brightness":0,"contrast":1,"hue":0,"isEnabled":true,"saturation":1},"contextSettings":{"_class":"graphicsContextSettings","blendMode":0,"opacity":1},"do_objectID":"27B36764-E57B-4EC6-982C-3BE66B745904","endMarkerType":0,"fills":[],"innerShadows":[],"miterLimit":10,"shadows":[],"startMarkerType":0,"textStyle":{"_class":"textStyle","encodedAttributes":{"MSAttributedStringColorAttribute":{"_class":"color","alpha":1,"blue":0.7411764705882353,"green":0.7529411764705882,"red":0.7529411764705882},"MSAttributedStringFontAttribute":{"_class":"fontDescriptor","attributes":{"name":"OpenSans-Regular","size":16}},"paragraphStyle":{"_class":"paragraphStyle","alignment":2},"textStyleVerticalAlignmentKey":1},"verticalAlignment":0},"windingRule":1},"textBehaviour":1,"userInfo":{"com.sketch.detach":{"sharedStyle":{"sharedStyleId":"11430908-C966-4B9F-BC65-2FE7B1DBB2A6","sharedStyleName":"05) Large/Right/Medium"}},"datasupplier.key":"Names.txt"}},{"_class":"text","attributedString":{"_class":"attributedString","attributes":[{"_class":"stringAttribute","attributes":{"MSAttributedStringColorAttribute":{"_class":"color","alpha":1,"blue":0.7411764705882353,"green":0.7529411764705882,"red":0.7529411764705882},"MSAttributedStringFontAttribute":{"_class":"fontDescriptor","attributes":{"name":"OpenSans-Regular","size":16}},"paragraphStyle":{"_class":"paragraphStyle","alignment":2},"textStyleVerticalAlignmentKey":1},"length":4,"location":0}],"string":"2019"},"automaticallyDrawOnUnderlyingPath":false,"booleanOperation":-1,"clippingMaskMode":0,"do_objectID":"9956E161-BCD4-4284-8F00-A656991CFD85","dontSynchroniseWithSymbol":false,"frame":{"_class":"rect","constrainProportions":false,"height":22,"width":39.99999999999991,"x":170,"y":0},"glyphBounds":"{{2, 5}, {36, 13}}","hasClippingMask":true,"isFixedToViewport":false,"isFlippedHorizontal":false,"isFlippedVertical":false,"isLocked":false,"isVisible":true,"lineSpacingBehaviour":3,"name":"Text Value","nameIsFixed":true,"resizingConstraint":27,"resizingType":0,"rotation":0,"sharedStyleID":"424B5D25-819D-4F06-BCAE-C60728B50867","shouldBreakMaskChain":true,"style":{"_class":"style","blur":{"_class":"blur","center":"{0.5, 0.5}","isEnabled":false,"motionAngle":0,"radius":10,"saturation":1,"type":0},"borderOptions":{"_class":"borderOptions","dashPattern":[],"isEnabled":true,"lineCapStyle":0,"lineJoinStyle":0},"borders":[],"colorControls":{"_class":"colorControls","brightness":0,"contrast":1,"hue":0,"isEnabled":true,"saturation":1},"contextSettings":{"_class":"graphicsContextSettings","blendMode":0,"opacity":1},"do_objectID":"F9ED10BA-757E-4F38-9559-BE22E072D7DF","endMarkerType":0,"fills":[],"innerShadows":[],"miterLimit":10,"shadows":[],"startMarkerType":0,"textStyle":{"_class":"textStyle","encodedAttributes":{"MSAttributedStringColorAttribute":{"_class":"color","alpha":1,"blue":0.7411764705882353,"green":0.7529411764705882,"red":0.7529411764705882},"MSAttributedStringFontAttribute":{"_class":"fontDescriptor","attributes":{"name":"OpenSans-Regular","size":16}},"paragraphStyle":{"_class":"paragraphStyle","alignment":2},"textStyleVerticalAlignmentKey":1},"verticalAlignment":0},"windingRule":1},"textBehaviour":1,"userInfo":{"com.sketch.detach":{"sharedStyle":{"sharedStyleId":"11430908-C966-4B9F-BC65-2FE7B1DBB2A6","sharedStyleName":"05) Large/Right/Medium"}},"datasupplier.key":"Names.txt"}},{"_class":"text","attributedString":{"_class":"attributedString","attributes":[{"_class":"stringAttribute","attributes":{"MSAttributedStringColorAttribute":{"_class":"color","alpha":1,"blue":0.7411764705882353,"green":0.7529411764705882,"red":0.7529411764705882},"MSAttributedStringFontAttribute":{"_class":"fontDescriptor","attributes":{"name":"OpenSans-Regular","size":16}},"paragraphStyle":{"_class":"paragraphStyle","alignment":2},"textStyleVerticalAlignmentKey":1},"length":3,"location":0}],"string":"Dec"},"automaticallyDrawOnUnderlyingPath":false,"booleanOperation":-1,"clippingMaskMode":0,"do_objectID":"3E1EAC78-FD56-465F-8ECA-042FFC4D9E7E","dontSynchroniseWithSymbol":false,"frame":{"_class":"rect","constrainProportions":false,"height":22,"width":32.99999999999997,"x":84,"y":0},"glyphBounds":"{{3, 5}, {28, 13}}","hasClippingMask":true,"isFixedToViewport":false,"isFlippedHorizontal":false,"isFlippedVertical":false,"isLocked":false,"isVisible":true,"lineSpacingBehaviour":3,"name":"Text Value","nameIsFixed":true,"resizingConstraint":27,"resizingType":0,"rotation":0,"sharedStyleID":"424B5D25-819D-4F06-BCAE-C60728B50867","shouldBreakMaskChain":true,"style":{"_class":"style","blur":{"_class":"blur","center":"{0.5, 0.5}","isEnabled":false,"motionAngle":0,"radius":10,"saturation":1,"type":0},"borderOptions":{"_class":"borderOptions","dashPattern":[],"isEnabled":true,"lineCapStyle":0,"lineJoinStyle":0},"borders":[],"colorControls":{"_class":"colorControls","brightness":0,"contrast":1,"hue":0,"isEnabled":true,"saturation":1},"contextSettings":{"_class":"graphicsContextSettings","blendMode":0,"opacity":1},"do_objectID":"12E82D06-B5F0-4F27-B5A5-4259DE1704EA","endMarkerType":0,"fills":[],"innerShadows":[],"miterLimit":10,"shadows":[],"startMarkerType":0,"textStyle":{"_class":"textStyle","encodedAttributes":{"MSAttributedStringColorAttribute":{"_class":"color","alpha":1,"blue":0.7411764705882353,"green":0.7529411764705882,"red":0.7529411764705882},"MSAttributedStringFontAttribute":{"_class":"fontDescriptor","attributes":{"name":"OpenSans-Regular","size":16}},"paragraphStyle":{"_class":"paragraphStyle","alignment":2},"textStyleVerticalAlignmentKey":1},"verticalAlignment":0},"windingRule":1},"textBehaviour":1,"userInfo":{"com.sketch.detach":{"sharedStyle":{"sharedStyleId":"11430908-C966-4B9F-BC65-2FE7B1DBB2A6","sharedStyleName":"05) Large/Right/Medium"}},"datasupplier.key":"Names.txt"}}],"name":"Group","nameIsFixed":false,"resizingConstraint":63,"resizingType":0,"rotation":0,"shouldBreakMaskChain":false,"style":{"_class":"style","blur":{"_class":"blur","center":"{0.5, 0.5}","isEnabled":false,"motionAngle":0,"radius":10,"saturation":1,"type":0},"borderOptions":{"_class":"borderOptions","dashPattern":[],"isEnabled":true,"lineCapStyle":0,"lineJoinStyle":0},"borders":[],"colorControls":{"_class":"colorControls","brightness":0,"contrast":1,"hue":0,"isEnabled":false,"saturation":1},"contextSettings":{"_class":"graphicsContextSettings","blendMode":0,"opacity":1},"do_objectID":"48F67823-B75B-4917-8FCF-7022C032C8AF","endMarkerType":0,"fills":[],"innerShadows":[],"miterLimit":10,"shadows":[],"startMarkerType":0,"windingRule":1}},{"_class":"group","booleanOperation":-1,"clippingMaskMode":0,"do_objectID":"4E5A04EF-3539-4FA2-80C6-5CF9488DFD94","frame":{"_class":"rect","constrainProportions":false,"height":22,"width":209.9999999999999,"x":64.99999999999994,"y":144},"groupLayout":{"_class":"MSImmutableFreeformGroupLayout"},"hasClickThrough":false,"hasClippingMask":false,"isFixedToViewport":false,"isFlippedHorizontal":false,"isFlippedVertical":false,"isLocked":false,"isVisible":true,"layers":[{"_class":"text","attributedString":{"_class":"attributedString","attributes":[{"_class":"stringAttribute","attributes":{"MSAttributedStringColorAttribute":{"_class":"color","alpha":1,"blue":0.7411764705882353,"green":0.7529411764705882,"red":0.7529411764705882},"MSAttributedStringFontAttribute":{"_class":"fontDescriptor","attributes":{"name":"OpenSans-Regular","size":16}},"paragraphStyle":{"_class":"paragraphStyle","alignment":2},"textStyleVerticalAlignmentKey":1},"length":2,"location":0}],"string":"22"},"automaticallyDrawOnUnderlyingPath":false,"booleanOperation":-1,"clippingMaskMode":0,"do_objectID":"32F736C0-70F6-4DF8-9E91-456717CE5AAC","dontSynchroniseWithSymbol":false,"frame":{"_class":"rect","constrainProportions":false,"height":22,"width":32.99999999999999,"x":0,"y":0},"glyphBounds":"{{8, 5}, {17, 12}}","hasClippingMask":true,"isFixedToViewport":false,"isFlippedHorizontal":false,"isFlippedVertical":false,"isLocked":false,"isVisible":true,"lineSpacingBehaviour":3,"name":"Text Value","nameIsFixed":true,"resizingConstraint":27,"resizingType":0,"rotation":0,"sharedStyleID":"424B5D25-819D-4F06-BCAE-C60728B50867","shouldBreakMaskChain":true,"style":{"_class":"style","blur":{"_class":"blur","center":"{0.5, 0.5}","isEnabled":false,"motionAngle":0,"radius":10,"saturation":1,"type":0},"borderOptions":{"_class":"borderOptions","dashPattern":[],"isEnabled":true,"lineCapStyle":0,"lineJoinStyle":0},"borders":[],"colorControls":{"_class":"colorControls","brightness":0,"contrast":1,"hue":0,"isEnabled":true,"saturation":1},"contextSettings":{"_class":"graphicsContextSettings","blendMode":0,"opacity":1},"do_objectID":"80B6E192-80C0-4FC5-B38C-22A8408E80C4","endMarkerType":0,"fills":[],"innerShadows":[],"miterLimit":10,"shadows":[],"startMarkerType":0,"textStyle":{"_class":"textStyle","encodedAttributes":{"MSAttributedStringColorAttribute":{"_class":"color","alpha":1,"blue":0.7411764705882353,"green":0.7529411764705882,"red":0.7529411764705882},"MSAttributedStringFontAttribute":{"_class":"fontDescriptor","attributes":{"name":"OpenSans-Regular","size":16}},"paragraphStyle":{"_class":"paragraphStyle","alignment":2},"textStyleVerticalAlignmentKey":1},"verticalAlignment":0},"windingRule":1},"textBehaviour":1,"userInfo":{"com.sketch.detach":{"sharedStyle":{"sharedStyleId":"11430908-C966-4B9F-BC65-2FE7B1DBB2A6","sharedStyleName":"05) Large/Right/Medium"}},"datasupplier.key":"Names.txt"}},{"_class":"text","attributedString":{"_class":"attributedString","attributes":[{"_class":"stringAttribute","attributes":{"MSAttributedStringColorAttribute":{"_class":"color","alpha":1,"blue":0.7411764705882353,"green":0.7529411764705882,"red":0.7529411764705882},"MSAttributedStringFontAttribute":{"_class":"fontDescriptor","attributes":{"name":"OpenSans-Regular","size":16}},"paragraphStyle":{"_class":"paragraphStyle","alignment":2},"textStyleVerticalAlignmentKey":1},"length":4,"location":0}],"string":"2021"},"automaticallyDrawOnUnderlyingPath":false,"booleanOperation":-1,"clippingMaskMode":0,"do_objectID":"13026A60-2717-4187-A64F-3197411D6B7F","dontSynchroniseWithSymbol":false,"frame":{"_class":"rect","constrainProportions":false,"height":22,"width":39.99999999999994,"x":170,"y":0},"glyphBounds":"{{2, 5}, {33, 13}}","hasClippingMask":true,"isFixedToViewport":false,"isFlippedHorizontal":false,"isFlippedVertical":false,"isLocked":false,"isVisible":true,"lineSpacingBehaviour":3,"name":"Text Value","nameIsFixed":true,"resizingConstraint":27,"resizingType":0,"rotation":0,"sharedStyleID":"424B5D25-819D-4F06-BCAE-C60728B50867","shouldBreakMaskChain":true,"style":{"_class":"style","blur":{"_class":"blur","center":"{0.5, 0.5}","isEnabled":false,"motionAngle":0,"radius":10,"saturation":1,"type":0},"borderOptions":{"_class":"borderOptions","dashPattern":[],"isEnabled":true,"lineCapStyle":0,"lineJoinStyle":0},"borders":[],"colorControls":{"_class":"colorControls","brightness":0,"contrast":1,"hue":0,"isEnabled":true,"saturation":1},"contextSettings":{"_class":"graphicsContextSettings","blendMode":0,"opacity":1},"do_objectID":"7830BBC1-3096-4613-8A66-2D904C29CFE1","endMarkerType":0,"fills":[],"innerShadows":[],"miterLimit":10,"shadows":[],"startMarkerType":0,"textStyle":{"_class":"textStyle","encodedAttributes":{"MSAttributedStringColorAttribute":{"_class":"color","alpha":1,"blue":0.7411764705882353,"green":0.7529411764705882,"red":0.7529411764705882},"MSAttributedStringFontAttribute":{"_class":"fontDescriptor","attributes":{"name":"OpenSans-Regular","size":16}},"paragraphStyle":{"_class":"paragraphStyle","alignment":2},"textStyleVerticalAlignmentKey":1},"verticalAlignment":0},"windingRule":1},"textBehaviour":1,"userInfo":{"com.sketch.detach":{"sharedStyle":{"sharedStyleId":"11430908-C966-4B9F-BC65-2FE7B1DBB2A6","sharedStyleName":"05) Large/Right/Medium"}},"datasupplier.key":"Names.txt"}},{"_class":"text","attributedString":{"_class":"attributedString","attributes":[{"_class":"stringAttribute","attributes":{"MSAttributedStringColorAttribute":{"_class":"color","alpha":1,"blue":0.7411764705882353,"green":0.7529411764705882,"red":0.7529411764705882},"MSAttributedStringFontAttribute":{"_class":"fontDescriptor","attributes":{"name":"OpenSans-Regular","size":16}},"paragraphStyle":{"_class":"paragraphStyle","alignment":2},"textStyleVerticalAlignmentKey":1},"length":3,"location":0}],"string":"Feb"},"automaticallyDrawOnUnderlyingPath":false,"booleanOperation":-1,"clippingMaskMode":0,"do_objectID":"293826A6-9A9D-452E-8EF7-CC7141C86C25","dontSynchroniseWithSymbol":false,"frame":{"_class":"rect","constrainProportions":false,"height":22,"width":32.99999999999999,"x":84,"y":0},"glyphBounds":"{{4, 4}, {26, 14}}","hasClippingMask":true,"isFixedToViewport":false,"isFlippedHorizontal":false,"isFlippedVertical":false,"isLocked":false,"isVisible":true,"lineSpacingBehaviour":3,"name":"Text Value","nameIsFixed":true,"resizingConstraint":27,"resizingType":0,"rotation":0,"sharedStyleID":"424B5D25-819D-4F06-BCAE-C60728B50867","shouldBreakMaskChain":true,"style":{"_class":"style","blur":{"_class":"blur","center":"{0.5, 0.5}","isEnabled":false,"motionAngle":0,"radius":10,"saturation":1,"type":0},"borderOptions":{"_class":"borderOptions","dashPattern":[],"isEnabled":true,"lineCapStyle":0,"lineJoinStyle":0},"borders":[],"colorControls":{"_class":"colorControls","brightness":0,"contrast":1,"hue":0,"isEnabled":true,"saturation":1},"contextSettings":{"_class":"graphicsContextSettings","blendMode":0,"opacity":1},"do_objectID":"5BF67E5C-D38E-491B-8804-586C80116134","endMarkerType":0,"fills":[],"innerShadows":[],"miterLimit":10,"shadows":[],"startMarkerType":0,"textStyle":{"_class":"textStyle","encodedAttributes":{"MSAttributedStringColorAttribute":{"_class":"color","alpha":1,"blue":0.7411764705882353,"green":0.7529411764705882,"red":0.7529411764705882},"MSAttributedStringFontAttribute":{"_class":"fontDescriptor","attributes":{"name":"OpenSans-Regular","size":16}},"paragraphStyle":{"_class":"paragraphStyle","alignment":2},"textStyleVerticalAlignmentKey":1},"verticalAlignment":0},"windingRule":1},"textBehaviour":1,"userInfo":{"com.sketch.detach":{"sharedStyle":{"sharedStyleId":"11430908-C966-4B9F-BC65-2FE7B1DBB2A6","sharedStyleName":"05) Large/Right/Medium"}},"datasupplier.key":"Names.txt"}}],"name":"Group 3","nameIsFixed":false,"resizingConstraint":63,"resizingType":0,"rotation":0,"shouldBreakMaskChain":false,"style":{"_class":"style","blur":{"_class":"blur","center":"{0.5, 0.5}","isEnabled":false,"motionAngle":0,"radius":10,"saturation":1,"type":0},"borderOptions":{"_class":"borderOptions","dashPattern":[],"isEnabled":true,"lineCapStyle":0,"lineJoinStyle":0},"borders":[],"colorControls":{"_class":"colorControls","brightness":0,"contrast":1,"hue":0,"isEnabled":false,"saturation":1},"contextSettings":{"_class":"graphicsContextSettings","blendMode":0,"opacity":1},"do_objectID":"5A8086FC-0C10-41B5-9328-0F7150D35BA5","endMarkerType":0,"fills":[],"innerShadows":[],"miterLimit":10,"shadows":[],"startMarkerType":0,"windingRule":1}},{"_class":"group","booleanOperation":-1,"clippingMaskMode":0,"do_objectID":"06449C45-0730-4042-A45F-5C3614DD69D3","frame":{"_class":"rect","constrainProportions":false,"height":24,"width":215.9999999999999,"x":61.99999999999994,"y":71},"groupLayout":{"_class":"MSImmutableFreeformGroupLayout"},"hasClickThrough":false,"hasClippingMask":false,"isFixedToViewport":false,"isFlippedHorizontal":false,"isFlippedVertical":false,"isLocked":false,"isVisible":true,"layers":[{"_class":"text","attributedString":{"_class":"attributedString","attributes":[{"_class":"stringAttribute","attributes":{"MSAttributedStringColorAttribute":{"_class":"color","alpha":1,"blue":0.1764705882352941,"green":0.1803921568627451,"red":0.1803921568627451},"MSAttributedStringFontAttribute":{"_class":"fontDescriptor","attributes":{"name":"OpenSans-SemiBold","size":18}},"paragraphStyle":{"_class":"paragraphStyle","alignment":2},"textStyleVerticalAlignmentKey":1},"length":2,"location":0}],"string":"21"},"automaticallyDrawOnUnderlyingPath":false,"booleanOperation":-1,"clippingMaskMode":0,"do_objectID":"F5C57443-AD2F-4765-A74C-5334DCB934E6","dontSynchroniseWithSymbol":false,"frame":{"_class":"rect","constrainProportions":false,"height":24,"width":37.99999999999999,"x":0,"y":0},"glyphBounds":"{{9, 5}, {17, 14}}","hasClippingMask":true,"isFixedToViewport":false,"isFlippedHorizontal":false,"isFlippedVertical":false,"isLocked":false,"isVisible":true,"lineSpacingBehaviour":3,"name":"Text Value","nameIsFixed":true,"resizingConstraint":27,"resizingType":0,"rotation":0,"sharedStyleID":"F0E80CDB-BDD9-440D-AB1F-97562D0D2495","shouldBreakMaskChain":true,"style":{"_class":"style","blur":{"_class":"blur","center":"{0.5, 0.5}","isEnabled":false,"motionAngle":0,"radius":10,"saturation":1,"type":0},"borderOptions":{"_class":"borderOptions","dashPattern":[],"isEnabled":true,"lineCapStyle":0,"lineJoinStyle":0},"borders":[],"colorControls":{"_class":"colorControls","brightness":0,"contrast":1,"hue":0,"isEnabled":true,"saturation":1},"contextSettings":{"_class":"graphicsContextSettings","blendMode":0,"opacity":1},"do_objectID":"E2E0282B-746A-4AC0-8576-AD7D7DDB43EB","endMarkerType":0,"fills":[],"innerShadows":[],"miterLimit":10,"shadows":[],"startMarkerType":0,"textStyle":{"_class":"textStyle","encodedAttributes":{"MSAttributedStringColorAttribute":{"_class":"color","alpha":1,"blue":0.1764705882352941,"green":0.1803921568627451,"red":0.1803921568627451},"MSAttributedStringFontAttribute":{"_class":"fontDescriptor","attributes":{"name":"OpenSans-SemiBold","size":18}},"paragraphStyle":{"_class":"paragraphStyle","alignment":2},"textStyleVerticalAlignmentKey":1},"verticalAlignment":0},"windingRule":1},"textBehaviour":1,"userInfo":{"com.sketch.detach":{"sharedStyle":{"sharedStyleId":"11430908-C966-4B9F-BC65-2FE7B1DBB2A6","sharedStyleName":"05) Large/Right/Medium"}},"datasupplier.key":"Names.txt"}},{"_class":"text","attributedString":{"_class":"attributedString","attributes":[{"_class":"stringAttribute","attributes":{"MSAttributedStringColorAttribute":{"_class":"color","alpha":1,"blue":0.1764705882352941,"green":0.1803921568627451,"red":0.1803921568627451},"MSAttributedStringFontAttribute":{"_class":"fontDescriptor","attributes":{"name":"OpenSans-SemiBold","size":18}},"paragraphStyle":{"_class":"paragraphStyle","alignment":2},"textStyleVerticalAlignmentKey":1},"length":4,"location":0}],"string":"2020"},"automaticallyDrawOnUnderlyingPath":false,"booleanOperation":-1,"clippingMaskMode":0,"do_objectID":"5EFDD122-AB03-4AE8-81F8-5D7B7AC22896","dontSynchroniseWithSymbol":false,"frame":{"_class":"rect","constrainProportions":false,"height":24,"width":45.99999999999994,"x":170,"y":0},"glyphBounds":"{{3, 5}, {40, 15}}","hasClippingMask":true,"isFixedToViewport":false,"isFlippedHorizontal":false,"isFlippedVertical":false,"isLocked":false,"isVisible":true,"lineSpacingBehaviour":3,"name":"Text Value","nameIsFixed":true,"resizingConstraint":27,"resizingType":0,"rotation":0,"sharedStyleID":"F0E80CDB-BDD9-440D-AB1F-97562D0D2495","shouldBreakMaskChain":true,"style":{"_class":"style","blur":{"_class":"blur","center":"{0.5, 0.5}","isEnabled":false,"motionAngle":0,"radius":10,"saturation":1,"type":0},"borderOptions":{"_class":"borderOptions","dashPattern":[],"isEnabled":true,"lineCapStyle":0,"lineJoinStyle":0},"borders":[],"colorControls":{"_class":"colorControls","brightness":0,"contrast":1,"hue":0,"isEnabled":true,"saturation":1},"contextSettings":{"_class":"graphicsContextSettings","blendMode":0,"opacity":1},"do_objectID":"1EE03BD5-B369-44B2-9EE5-79CF9957003A","endMarkerType":0,"fills":[],"innerShadows":[],"miterLimit":10,"shadows":[],"startMarkerType":0,"textStyle":{"_class":"textStyle","encodedAttributes":{"MSAttributedStringColorAttribute":{"_class":"color","alpha":1,"blue":0.1764705882352941,"green":0.1803921568627451,"red":0.1803921568627451},"MSAttributedStringFontAttribute":{"_class":"fontDescriptor","attributes":{"name":"OpenSans-SemiBold","size":18}},"paragraphStyle":{"_class":"paragraphStyle","alignment":2},"textStyleVerticalAlignmentKey":1},"verticalAlignment":0},"windingRule":1},"textBehaviour":1,"userInfo":{"com.sketch.detach":{"sharedStyle":{"sharedStyleId":"11430908-C966-4B9F-BC65-2FE7B1DBB2A6","sharedStyleName":"05) Large/Right/Medium"}},"datasupplier.key":"Names.txt"}},{"_class":"text","attributedString":{"_class":"attributedString","attributes":[{"_class":"stringAttribute","attributes":{"MSAttributedStringColorAttribute":{"_class":"color","alpha":1,"blue":0.1764705882352941,"green":0.1803921568627451,"red":0.1803921568627451},"MSAttributedStringFontAttribute":{"_class":"fontDescriptor","attributes":{"name":"OpenSans-SemiBold","size":18}},"paragraphStyle":{"_class":"paragraphStyle","alignment":2},"textStyleVerticalAlignmentKey":1},"length":3,"location":0}],"string":"Jan"},"automaticallyDrawOnUnderlyingPath":false,"booleanOperation":-1,"clippingMaskMode":0,"do_objectID":"0AEF0A92-75BA-4273-A2CD-683DF431CAF9","dontSynchroniseWithSymbol":false,"frame":{"_class":"rect","constrainProportions":false,"height":24,"width":37.99999999999999,"x":84,"y":0},"glyphBounds":"{{4, 6}, {28, 17}}","hasClippingMask":true,"isFixedToViewport":false,"isFlippedHorizontal":false,"isFlippedVertical":false,"isLocked":false,"isVisible":true,"lineSpacingBehaviour":3,"name":"Text Value","nameIsFixed":true,"resizingConstraint":27,"resizingType":0,"rotation":0,"sharedStyleID":"F0E80CDB-BDD9-440D-AB1F-97562D0D2495","shouldBreakMaskChain":true,"style":{"_class":"style","blur":{"_class":"blur","center":"{0.5, 0.5}","isEnabled":false,"motionAngle":0,"radius":10,"saturation":1,"type":0},"borderOptions":{"_class":"borderOptions","dashPattern":[],"isEnabled":true,"lineCapStyle":0,"lineJoinStyle":0},"borders":[],"colorControls":{"_class":"colorControls","brightness":0,"contrast":1,"hue":0,"isEnabled":true,"saturation":1},"contextSettings":{"_class":"graphicsContextSettings","blendMode":0,"opacity":1},"do_objectID":"28BC61AB-D494-4E09-90FF-5F20B1AC6C89","endMarkerType":0,"fills":[],"innerShadows":[],"miterLimit":10,"shadows":[],"startMarkerType":0,"textStyle":{"_class":"textStyle","encodedAttributes":{"MSAttributedStringColorAttribute":{"_class":"color","alpha":1,"blue":0.1764705882352941,"green":0.1803921568627451,"red":0.1803921568627451},"MSAttributedStringFontAttribute":{"_class":"fontDescriptor","attributes":{"name":"OpenSans-SemiBold","size":18}},"paragraphStyle":{"_class":"paragraphStyle","alignment":2},"textStyleVerticalAlignmentKey":1},"verticalAlignment":0},"windingRule":1},"textBehaviour":1,"userInfo":{"com.sketch.detach":{"sharedStyle":{"sharedStyleId":"11430908-C966-4B9F-BC65-2FE7B1DBB2A6","sharedStyleName":"05) Large/Right/Medium"}},"datasupplier.key":"Names.txt"}}],"name":"Group 2","nameIsFixed":false,"resizingConstraint":63,"resizingType":0,"rotation":0,"shouldBreakMaskChain":false,"style":{"_class":"style","blur":{"_class":"blur","center":"{0.5, 0.5}","isEnabled":false,"motionAngle":0,"radius":10,"saturation":1,"type":0},"borderOptions":{"_class":"borderOptions","dashPattern":[],"isEnabled":true,"lineCapStyle":0,"lineJoinStyle":0},"borders":[],"colorControls":{"_class":"colorControls","brightness":0,"contrast":1,"hue":0,"isEnabled":false,"saturation":1},"contextSettings":{"_class":"graphicsContextSettings","blendMode":0,"opacity":1},"do_objectID":"956D4939-3825-456B-94EF-8266A50D8CC4","endMarkerType":0,"fills":[],"innerShadows":[],"miterLimit":10,"shadows":[],"startMarkerType":0,"windingRule":1}},{"_class":"symbolInstance","booleanOperation":-1,"clippingMaskMode":0,"do_objectID":"528559C9-A305-4CA3-9A39-3DB89984DFC6","frame":{"_class":"rect","constrainProportions":false,"height":1,"width":343,"x":0,"y":46},"hasClippingMask":false,"horizontalSpacing":0,"isFixedToViewport":false,"isFlippedHorizontal":false,"isFlippedVertical":false,"isLocked":false,"isVisible":true,"name":"Dividers/Line/Solid/1px","nameIsFixed":false,"overrideValues":[{"_class":"overrideValue","overrideName":"95B89BD4-4654-455A-B68F-ADEFFB562C6E_layerStyle","value":"8A6A48E4-0502-4353-BBA1-8D8E5EEB2564"}],"resizingConstraint":63,"resizingType":0,"rotation":0,"scale":1,"shouldBreakMaskChain":true,"style":{"_class":"style","blur":{"_class":"blur","center":"{0.5, 0.5}","isEnabled":false,"motionAngle":0,"radius":10,"saturation":1,"type":0},"borderOptions":{"_class":"borderOptions","dashPattern":[],"isEnabled":true,"lineCapStyle":0,"lineJoinStyle":0},"borders":[],"colorControls":{"_class":"colorControls","brightness":0,"contrast":1,"hue":0,"isEnabled":false,"saturation":1},"contextSettings":{"_class":"graphicsContextSettings","blendMode":0,"opacity":1},"do_objectID":"453E6512-19BE-4E29-B2C7-9DFB81B8D9D5","endMarkerType":0,"fills":[],"innerShadows":[],"miterLimit":10,"shadows":[],"startMarkerType":0,"windingRule":1},"symbolID":"AD0FEFAE-14B7-4AEA-AF89-D2E1F6E10F46","verticalSpacing":0},{"_class":"symbolInstance","booleanOperation":-1,"clippingMaskMode":0,"do_objectID":"B90ED683-0D54-412F-A9F9-BFAC9C28783C","frame":{"_class":"rect","constrainProportions":false,"height":1,"width":343,"x":0,"y":119},"hasClippingMask":false,"horizontalSpacing":0,"isFixedToViewport":false,"isFlippedHorizontal":false,"isFlippedVertical":false,"isLocked":false,"isVisible":true,"name":"Dividers/Line/Solid/1px","nameIsFixed":false,"overrideValues":[{"_class":"overrideValue","overrideName":"95B89BD4-4654-455A-B68F-ADEFFB562C6E_layerStyle","value":"8A6A48E4-0502-4353-BBA1-8D8E5EEB2564"}],"resizingConstraint":63,"resizingType":0,"rotation":0,"scale":1,"shouldBreakMaskChain":true,"style":{"_class":"style","blur":{"_class":"blur","center":"{0.5, 0.5}","isEnabled":false,"motionAngle":0,"radius":10,"saturation":1,"type":0},"borderOptions":{"_class":"borderOptions","dashPattern":[],"isEnabled":true,"lineCapStyle":0,"lineJoinStyle":0},"borders":[],"colorControls":{"_class":"colorControls","brightness":0,"contrast":1,"hue":0,"isEnabled":false,"saturation":1},"contextSettings":{"_class":"graphicsContextSettings","blendMode":0,"opacity":1},"do_objectID":"4E306762-8786-4BE8-A4BE-44DC5EEDE8CC","endMarkerType":0,"fills":[],"innerShadows":[],"miterLimit":10,"shadows":[],"startMarkerType":0,"windingRule":1},"symbolID":"AD0FEFAE-14B7-4AEA-AF89-D2E1F6E10F46","verticalSpacing":0}],"name":"Group 4","nameIsFixed":false,"resizingConstraint":63,"resizingType":0,"rotation":0,"shouldBreakMaskChain":false,"style":{"_class":"style","blur":{"_class":"blur","center":"{0.5, 0.5}","isEnabled":false,"motionAngle":0,"radius":10,"saturation":1,"type":0},"borderOptions":{"_class":"borderOptions","dashPattern":[],"isEnabled":true,"lineCapStyle":0,"lineJoinStyle":0},"borders":[],"colorControls":{"_class":"colorControls","brightness":0,"contrast":1,"hue":0,"isEnabled":false,"saturation":1},"contextSettings":{"_class":"graphicsContextSettings","blendMode":0,"opacity":1},"do_objectID":"19D91775-ED44-41FA-85AD-D9121A2522C3","endMarkerType":0,"fills":[],"innerShadows":[],"miterLimit":10,"shadows":[],"startMarkerType":0,"windingRule":1}}],"name":"Group 6","nameIsFixed":false,"resizingConstraint":63,"resizingType":0,"rotation":0,"shouldBreakMaskChain":false,"style":{"_class":"style","blur":{"_class":"blur","center":"{0.5, 0.5}","isEnabled":false,"motionAngle":0,"radius":10,"saturation":1,"type":0},"borderOptions":{"_class":"borderOptions","dashPattern":[],"isEnabled":true,"lineCapStyle":0,"lineJoinStyle":0},"borders":[],"colorControls":{"_class":"colorControls","brightness":0,"contrast":1,"hue":0,"isEnabled":false,"saturation":1},"contextSettings":{"_class":"graphicsContextSettings","blendMode":0,"opacity":1},"do_objectID":"0D74EE8B-4A22-485C-B8AD-938F7D5DAD1F","endMarkerType":0,"fills":[],"innerShadows":[],"miterLimit":10,"shadows":[],"startMarkerType":0,"windingRule":1}}],"name":"Group 5","nameIsFixed":false,"resizingConstraint":63,"resizingType":0,"rotation":0,"shouldBreakMaskChain":false,"style":{"_class":"style","blur":{"_class":"blur","center":"{0.5, 0.5}","isEnabled":false,"motionAngle":0,"radius":10,"saturation":1,"type":0},"borderOptions":{"_class":"borderOptions","dashPattern":[],"isEnabled":true,"lineCapStyle":0,"lineJoinStyle":0},"borders":[],"colorControls":{"_class":"colorControls","brightness":0,"contrast":1,"hue":0,"isEnabled":false,"saturation":1},"contextSettings":{"_class":"graphicsContextSettings","blendMode":0,"opacity":1},"do_objectID":"0779FD66-B671-46EE-A6EF-B8CD78052BB6","endMarkerType":0,"fills":[],"innerShadows":[],"miterLimit":10,"shadows":[],"startMarkerType":0,"windingRule":1}},{"_class":"symbolInstance","booleanOperation":-1,"clippingMaskMode":0,"do_objectID":"9F7A7574-FDFE-4EC5-9886-9E08393A3268","frame":{"_class":"rect","constrainProportions":false,"height":48,"width":63,"x":9.000000135328833,"y":14},"hasClippingMask":false,"horizontalSpacing":0,"isFixedToViewport":false,"isFlippedHorizontal":false,"isFlippedVertical":false,"isLocked":false,"isVisible":true,"name":"1)Button/3)Flat/Primary/Text","nameIsFixed":false,"overrideValues":[{"_class":"overrideValue","overrideName":"E0DE5806-1E5B-4B35-94B2-5C4148504FDE/59FD5496-82CC-45DB-B3CB-9C1E322870C7_stringValue","value":"Cancel"}],"resizingConstraint":11,"resizingType":0,"rotation":0,"scale":1,"shouldBreakMaskChain":false,"style":{"_class":"style","blur":{"_class":"blur","center":"{0.5, 0.5}","isEnabled":false,"motionAngle":0,"radius":10,"saturation":1,"type":0},"borderOptions":{"_class":"borderOptions","dashPattern":[],"isEnabled":true,"lineCapStyle":0,"lineJoinStyle":0},"borders":[],"colorControls":{"_class":"colorControls","brightness":0,"contrast":1,"hue":0,"isEnabled":false,"saturation":1},"contextSettings":{"_class":"graphicsContextSettings","blendMode":0,"opacity":1},"do_objectID":"D38FD8F8-7C4C-4FC2-9F4E-1B08D97B3E40","endMarkerType":0,"fills":[],"innerShadows":[],"miterLimit":10,"shadows":[],"startMarkerType":0,"windingRule":1},"symbolID":"CF64D8E7-11A2-4172-A15F-7D6C55C29A92","verticalSpacing":0},{"_class":"symbolInstance","booleanOperation":-1,"clippingMaskMode":0,"do_objectID":"8A81CC10-08B9-4106-8B16-77E762694EC8","frame":{"_class":"rect","constrainProportions":false,"height":48,"width":76,"x":283.0000001353288,"y":14},"hasClippingMask":false,"horizontalSpacing":0,"isFixedToViewport":false,"isFlippedHorizontal":false,"isFlippedVertical":false,"isLocked":false,"isVisible":true,"name":"1)Button/3)Flat/Primary/Text","nameIsFixed":false,"overrideValues":[{"_class":"overrideValue","overrideName":"E0DE5806-1E5B-4B35-94B2-5C4148504FDE/59FD5496-82CC-45DB-B3CB-9C1E322870C7_stringValue","value":"Save Date"}],"resizingConstraint":14,"resizingType":0,"rotation":0,"scale":1,"shouldBreakMaskChain":false,"style":{"_class":"style","blur":{"_class":"blur","center":"{0.5, 0.5}","isEnabled":false,"motionAngle":0,"radius":10,"saturation":1,"type":0},"borderOptions":{"_class":"borderOptions","dashPattern":[],"isEnabled":true,"lineCapStyle":0,"lineJoinStyle":0},"borders":[],"colorControls":{"_class":"colorControls","brightness":0,"contrast":1,"hue":0,"isEnabled":false,"saturation":1},"contextSettings":{"_class":"graphicsContextSettings","blendMode":0,"opacity":1},"do_objectID":"DE09E347-6A0E-4BBD-93DA-B8C014FD4577","endMarkerType":0,"fills":[],"innerShadows":[],"miterLimit":10,"shadows":[],"startMarkerType":0,"windingRule":1},"symbolID":"CF64D8E7-11A2-4172-A15F-7D6C55C29A92","verticalSpacing":0}],"name":"6)Hub/Card/Datapiker+Toggle","nameIsFixed":false,"resizingConstraint":63,"resizingType":0,"rotation":0,"shouldBreakMaskChain":false,"style":{"_class":"style","blur":{"_class":"blur","center":"{0.5, 0.5}","isEnabled":false,"motionAngle":0,"radius":10,"saturation":1,"type":0},"borderOptions":{"_class":"borderOptions","dashPattern":[],"isEnabled":true,"lineCapStyle":0,"lineJoinStyle":0},"borders":[],"colorControls":{"_class":"colorControls","brightness":0,"contrast":1,"hue":0,"isEnabled":false,"saturation":1},"contextSettings":{"_class":"graphicsContextSettings","blendMode":0,"opacity":1},"do_objectID":"28B1B123-43E7-4927-9602-1DAC397CE286","endMarkerType":0,"fills":[],"innerShadows":[],"miterLimit":10,"shadows":[],"startMarkerType":0,"windingRule":1},"userInfo":{"com.abynim.sketchplugins.userflows":{"destinationArtboardID":"1CADA89D-AEBE-43E6-8276-9FE950B0129E"},"com.bohemiancoding.sketchtool.detach":{"symbolInstance":{"do_objectID":"7BB54074-7E0E-4A24-B1A7-FD55F9E6A5EC","frame":{"_class":"rect","constrainProportions":false,"height":460,"width":375,"x":0,"y":352}},"symbolMaster":{"do_objectID":"998A1270-6BBD-4D33-B87E-E561435FD492","symbolID":"2A2BA3DF-0D03-4A60-8D5B-29930D4305B6"}},"com.sketch.detach":{"symbolInstance":{"do_objectID":"7BB54074-7E0E-4A24-B1A7-FD55F9E6A5EC","frame":{"_class":"rect","constrainProportions":false,"height":460,"width":375,"x":0,"y":352}},"symbolMaster":{"do_objectID":"998A1270-6BBD-4D33-B87E-E561435FD492","symbolID":"2A2BA3DF-0D03-4A60-8D5B-29930D4305B6"}}}}],"name":"30)Datapiker","nameIsFixed":true,"overrideProperties":[{"_class":"MSImmutableOverrideProperty","canOverride":true,"overrideName":"0AEF0A92-75BA-4273-A2CD-683DF431CAF9_stringValue"},{"_class":"MSImmutableOverrideProperty","canOverride":true,"overrideName":"0AEF0A92-75BA-4273-A2CD-683DF431CAF9_textStyle"},{"_class":"MSImmutableOverrideProperty","canOverride":true,"overrideName":"13026A60-2717-4187-A64F-3197411D6B7F_stringValue"},{"_class":"MSImmutableOverrideProperty","canOverride":true,"overrideName":"13026A60-2717-4187-A64F-3197411D6B7F_textStyle"},{"_class":"MSImmutableOverrideProperty","canOverride":true,"overrideName":"20E80C0A-2034-4EFF-875B-47EA26CC70A8_stringValue"},{"_class":"MSImmutableOverrideProperty","canOverride":true,"overrideName":"20E80C0A-2034-4EFF-875B-47EA26CC70A8_textStyle"},{"_class":"MSImmutableOverrideProperty","canOverride":true,"overrideName":"293826A6-9A9D-452E-8EF7-CC7141C86C25_stringValue"},{"_class":"MSImmutableOverrideProperty","canOverride":true,"overrideName":"293826A6-9A9D-452E-8EF7-CC7141C86C25_textStyle"},{"_class":"MSImmutableOverrideProperty","canOverride":true,"overrideName":"32F736C0-70F6-4DF8-9E91-456717CE5AAC_stringValue"},{"_class":"MSImmutableOverrideProperty","canOverride":true,"overrideName":"32F736C0-70F6-4DF8-9E91-456717CE5AAC_textStyle"},{"_class":"MSImmutableOverrideProperty","canOverride":true,"overrideName":"3E1EAC78-FD56-465F-8ECA-042FFC4D9E7E_stringValue"},{"_class":"MSImmutableOverrideProperty","canOverride":true,"overrideName":"3E1EAC78-FD56-465F-8ECA-042FFC4D9E7E_textStyle"},{"_class":"MSImmutableOverrideProperty","canOverride":true,"overrideName":"528559C9-A305-4CA3-9A39-3DB89984DFC6/95B89BD4-4654-455A-B68F-ADEFFB562C6E_layerStyle"},{"_class":"MSImmutableOverrideProperty","canOverride":true,"overrideName":"528559C9-A305-4CA3-9A39-3DB89984DFC6_symbolID"},{"_class":"MSImmutableOverrideProperty","canOverride":true,"overrideName":"54759229-24EE-49C3-9413-16DBBB6FED3F_layerStyle"},{"_class":"MSImmutableOverrideProperty","canOverride":true,"overrideName":"5EFDD122-AB03-4AE8-81F8-5D7B7AC22896_stringValue"},{"_class":"MSImmutableOverrideProperty","canOverride":true,"overrideName":"5EFDD122-AB03-4AE8-81F8-5D7B7AC22896_textStyle"},{"_class":"MSImmutableOverrideProperty","canOverride":true,"overrideName":"8A81CC10-08B9-4106-8B16-77E762694EC8/2C167AA9-0D07-4A5B-8F3F-A8505F8F8924/360E5B6C-7095-4495-8097-F47D75A5963E/B07ACB83-94E5-4832-BB5D-E366E2D53E1A_layerStyle"},{"_class":"MSImmutableOverrideProperty","canOverride":true,"overrideName":"8A81CC10-08B9-4106-8B16-77E762694EC8/2C167AA9-0D07-4A5B-8F3F-A8505F8F8924/360E5B6C-7095-4495-8097-F47D75A5963E_symbolID"},{"_class":"MSImmutableOverrideProperty","canOverride":true,"overrideName":"8A81CC10-08B9-4106-8B16-77E762694EC8/2C167AA9-0D07-4A5B-8F3F-A8505F8F8924_symbolID"},{"_class":"MSImmutableOverrideProperty","canOverride":true,"overrideName":"8A81CC10-08B9-4106-8B16-77E762694EC8/E0DE5806-1E5B-4B35-94B2-5C4148504FDE/59FD5496-82CC-45DB-B3CB-9C1E322870C7_stringValue"},{"_class":"MSImmutableOverrideProperty","canOverride":true,"overrideName":"8A81CC10-08B9-4106-8B16-77E762694EC8/E0DE5806-1E5B-4B35-94B2-5C4148504FDE/59FD5496-82CC-45DB-B3CB-9C1E322870C7_textStyle"},{"_class":"MSImmutableOverrideProperty","canOverride":true,"overrideName":"8A81CC10-08B9-4106-8B16-77E762694EC8/E0DE5806-1E5B-4B35-94B2-5C4148504FDE_symbolID"},{"_class":"MSImmutableOverrideProperty","canOverride":true,"overrideName":"8A81CC10-08B9-4106-8B16-77E762694EC8_symbolID"},{"_class":"MSImmutableOverrideProperty","canOverride":true,"overrideName":"9956E161-BCD4-4284-8F00-A656991CFD85_stringValue"},{"_class":"MSImmutableOverrideProperty","canOverride":true,"overrideName":"9956E161-BCD4-4284-8F00-A656991CFD85_textStyle"},{"_class":"MSImmutableOverrideProperty","canOverride":true,"overrideName":"9F7A7574-FDFE-4EC5-9886-9E08393A3268/2C167AA9-0D07-4A5B-8F3F-A8505F8F8924/360E5B6C-7095-4495-8097-F47D75A5963E/B07ACB83-94E5-4832-BB5D-E366E2D53E1A_layerStyle"},{"_class":"MSImmutableOverrideProperty","canOverride":true,"overrideName":"9F7A7574-FDFE-4EC5-9886-9E08393A3268/2C167AA9-0D07-4A5B-8F3F-A8505F8F8924/360E5B6C-7095-4495-8097-F47D75A5963E_symbolID"},{"_class":"MSImmutableOverrideProperty","canOverride":true,"overrideName":"9F7A7574-FDFE-4EC5-9886-9E08393A3268/2C167AA9-0D07-4A5B-8F3F-A8505F8F8924_symbolID"},{"_class":"MSImmutableOverrideProperty","canOverride":true,"overrideName":"9F7A7574-FDFE-4EC5-9886-9E08393A3268/E0DE5806-1E5B-4B35-94B2-5C4148504FDE/59FD5496-82CC-45DB-B3CB-9C1E322870C7_stringValue"},{"_class":"MSImmutableOverrideProperty","canOverride":true,"overrideName":"9F7A7574-FDFE-4EC5-9886-9E08393A3268/E0DE5806-1E5B-4B35-94B2-5C4148504FDE/59FD5496-82CC-45DB-B3CB-9C1E322870C7_textStyle"},{"_class":"MSImmutableOverrideProperty","canOverride":true,"overrideName":"9F7A7574-FDFE-4EC5-9886-9E08393A3268/E0DE5806-1E5B-4B35-94B2-5C4148504FDE_symbolID"},{"_class":"MSImmutableOverrideProperty","canOverride":true,"overrideName":"9F7A7574-FDFE-4EC5-9886-9E08393A3268_symbolID"},{"_class":"MSImmutableOverrideProperty","canOverride":true,"overrideName":"B90ED683-0D54-412F-A9F9-BFAC9C28783C/95B89BD4-4654-455A-B68F-ADEFFB562C6E_layerStyle"},{"_class":"MSImmutableOverrideProperty","canOverride":true,"overrideName":"B90ED683-0D54-412F-A9F9-BFAC9C28783C_symbolID"},{"_class":"MSImmutableOverrideProperty","canOverride":true,"overrideName":"CBC12976-9CAD-4F1C-BE70-2E93C4C0C9AC/15425002-92F4-43A3-8AB5-40BBAC9EFA6C/1538F1B0-1F87-4FB6-BBDE-B7036F3ECE38_layerStyle"},{"_class":"MSImmutableOverrideProperty","canOverride":true,"overrideName":"CBC12976-9CAD-4F1C-BE70-2E93C4C0C9AC/15425002-92F4-43A3-8AB5-40BBAC9EFA6C_symbolID"},{"_class":"MSImmutableOverrideProperty","canOverride":true,"overrideName":"CBC12976-9CAD-4F1C-BE70-2E93C4C0C9AC/5A12A598-EFFC-49F2-8486-65D05179E5C6/1538F1B0-1F87-4FB6-BBDE-B7036F3ECE38_layerStyle"},{"_class":"MSImmutableOverrideProperty","canOverride":true,"overrideName":"CBC12976-9CAD-4F1C-BE70-2E93C4C0C9AC/5A12A598-EFFC-49F2-8486-65D05179E5C6_symbolID"},{"_class":"MSImmutableOverrideProperty","canOverride":true,"overrideName":"CBC12976-9CAD-4F1C-BE70-2E93C4C0C9AC_symbolID"},{"_class":"MSImmutableOverrideProperty","canOverride":true,"overrideName":"F5C57443-AD2F-4765-A74C-5334DCB934E6_stringValue"},{"_class":"MSImmutableOverrideProperty","canOverride":true,"overrideName":"F5C57443-AD2F-4765-A74C-5334DCB934E6_textStyle"}],"presetDictionary":{},"resizesContent":false,"resizingConstraint":63,"resizingType":0,"rotation":0,"shouldBreakMaskChain":true,"style":{"_class":"style","blur":{"_class":"blur","center":"{0.5, 0.5}","isEnabled":false,"motionAngle":0,"radius":10,"saturation":1,"type":0},"borderOptions":{"_class":"borderOptions","dashPattern":[],"isEnabled":true,"lineCapStyle":0,"lineJoinStyle":0},"borders":[],"colorControls":{"_class":"colorControls","brightness":0,"contrast":1,"hue":0,"isEnabled":false,"saturation":1},"contextSettings":{"_class":"graphicsContextSettings","blendMode":0,"opacity":1},"do_objectID":"F893D20C-6970-458B-AA64-7FB60746B4EB","endMarkerType":0,"fills":[],"innerShadows":[],"miterLimit":10,"shadows":[],"startMarkerType":0,"windingRule":1},"symbolID":"377733C4-CD0C-4E40-A402-EE7A5F885410","verticalRulerData":{"_class":"rulerData","base":0,"guides":[]}}],"name":"Datepicker","nameIsFixed":false,"resizingConstraint":63,"resizingType":0,"rotation":0,"shouldBreakMaskChain":false,"userInfo":{},"verticalRulerData":{"_class":"rulerData","base":-493,"guides":[]}}