{"_class":"page","booleanOperation":-1,"clippingMaskMode":0,"do_objectID":"CB1578C0-5065-4EFC-8D73-BA08AD063316","groupLayout":{"_class":"MSImmutableFreeformGroupLayout"},"hasClickThrough":false,"hasClippingMask":false,"horizontalRulerData":{"_class":"rulerData","base":-543,"guides":[]},"includeInCloudUpload":true,"isFixedToViewport":false,"isFlippedHorizontal":false,"isFlippedVertical":false,"isLocked":false,"isVisible":true,"layerListExpandedType":0,"layers":[{"_class":"symbolMaster","allowsOverrides":true,"backgroundColor":{"_class":"color","alpha":1,"blue":0,"green":0,"red":0},"booleanOperation":-1,"clippingMaskMode":0,"do_objectID":"4750CD1F-3089-457B-B202-7D85C074EE2B","frame":{"_class":"rect","constrainProportions":false,"height":14,"width":6,"x":-221,"y":-402},"groupLayout":{"_class":"MSImmutableInferredGroupLayout","axis":0,"layoutAnchor":0,"maxSize":0,"minSize":0},"hasBackgroundColor":true,"hasClickThrough":true,"hasClippingMask":false,"horizontalRulerData":{"_class":"rulerData","base":0,"guides":[]},"includeBackgroundColorInExport":true,"includeBackgroundColorInInstance":false,"includeInCloudUpload":true,"isFixedToViewport":false,"isFlippedHorizontal":false,"isFlippedVertical":false,"isFlowHome":false,"isLocked":false,"isVisible":true,"layerListExpandedType":0,"layers":[{"_class":"text","attributedString":{"_class":"attributedString","attributes":[{"_class":"stringAttribute","attributes":{"MSAttributedStringColorAttribute":{"_class":"color","alpha":1,"blue":1,"green":1,"red":1},"MSAttributedStringFontAttribute":{"_class":"fontDescriptor","attributes":{"name":"OpenSans-SemiBold","size":10}},"paragraphStyle":{"_class":"paragraphStyle","alignment":2},"textStyleVerticalAlignmentKey":1},"length":1,"location":0}],"string":"3"},"automaticallyDrawOnUnderlyingPath":false,"booleanOperation":-1,"clippingMaskMode":0,"do_objectID":"F629EAF5-B39F-43E3-97D1-AD9115C40057","dontSynchroniseWithSymbol":false,"frame":{"_class":"rect","constrainProportions":false,"height":14,"width":6,"x":0,"y":0},"glyphBounds":"{{0, 3}, {6, 9}}","hasClippingMask":false,"isFixedToViewport":false,"isFlippedHorizontal":false,"isFlippedVertical":false,"isLocked":false,"isVisible":true,"lineSpacingBehaviour":3,"name":"3","nameIsFixed":false,"resizingConstraint":47,"resizingType":0,"rotation":0,"sharedStyleID":"6E3CBB5C-DBD6-4BF3-873A-11565848D857","shouldBreakMaskChain":false,"style":{"_class":"style","blur":{"_class":"blur","center":"{0.5, 0.5}","isEnabled":false,"motionAngle":0,"radius":10,"saturation":1,"type":0},"borderOptions":{"_class":"borderOptions","dashPattern":[],"isEnabled":true,"lineCapStyle":0,"lineJoinStyle":0},"borders":[],"colorControls":{"_class":"colorControls","brightness":0,"contrast":1,"hue":0,"isEnabled":true,"saturation":1},"contextSettings":{"_class":"graphicsContextSettings","blendMode":0,"opacity":1},"do_objectID":"5D46A8D7-AB6A-41D7-8FEA-13D6D06A8C6C","endMarkerType":0,"fills":[],"innerShadows":[],"miterLimit":10,"shadows":[],"startMarkerType":0,"textStyle":{"_class":"textStyle","encodedAttributes":{"MSAttributedStringColorAttribute":{"_class":"color","alpha":1,"blue":1,"green":1,"red":1},"MSAttributedStringFontAttribute":{"_class":"fontDescriptor","attributes":{"name":"OpenSans-SemiBold","size":10}},"paragraphStyle":{"_class":"paragraphStyle","alignment":2},"textStyleVerticalAlignmentKey":1},"verticalAlignment":0},"windingRule":1},"textBehaviour":0,"userInfo":{"com.animaapp.stc-sketch-plugin":{"kModelPropertiesKey":{"isAutoWidth":1}}}}],"name":"Other/_Text/Badge/Text","nameIsFixed":false,"overrideProperties":[{"_class":"MSImmutableOverrideProperty","canOverride":true,"overrideName":"F629EAF5-B39F-43E3-97D1-AD9115C40057_stringValue"},{"_class":"MSImmutableOverrideProperty","canOverride":true,"overrideName":"F629EAF5-B39F-43E3-97D1-AD9115C40057_textStyle"}],"presetDictionary":{},"resizesContent":false,"resizingConstraint":63,"resizingType":0,"rotation":0,"shouldBreakMaskChain":true,"style":{"_class":"style","blur":{"_class":"blur","center":"{0.5, 0.5}","isEnabled":false,"motionAngle":0,"radius":10,"saturation":1,"type":0},"borderOptions":{"_class":"borderOptions","dashPattern":[],"isEnabled":true,"lineCapStyle":0,"lineJoinStyle":0},"borders":[],"colorControls":{"_class":"colorControls","brightness":0,"contrast":1,"hue":0,"isEnabled":false,"saturation":1},"contextSettings":{"_class":"graphicsContextSettings","blendMode":0,"opacity":1},"do_objectID":"2B517F2B-5565-4929-AF21-53CF6A466F60","endMarkerType":0,"fills":[],"innerShadows":[],"miterLimit":10,"shadows":[],"startMarkerType":0,"windingRule":1},"symbolID":"5C694FDF-C045-4723-9796-B57B5C9165FD","verticalRulerData":{"_class":"rulerData","base":0,"guides":[]}},{"_class":"symbolMaster","allowsOverrides":true,"backgroundColor":{"_class":"color","alpha":1,"blue":1,"green":1,"red":1},"booleanOperation":-1,"clippingMaskMode":0,"do_objectID":"F9AFA030-B481-4655-A964-EFBD60A556DA","frame":{"_class":"rect","constrainProportions":false,"height":16,"width":16,"x":-207,"y":-402},"groupLayout":{"_class":"MSImmutableFreeformGroupLayout"},"hasBackgroundColor":false,"hasClickThrough":true,"hasClippingMask":false,"horizontalRulerData":{"_class":"rulerData","base":0,"guides":[]},"includeBackgroundColorInExport":true,"includeBackgroundColorInInstance":true,"includeInCloudUpload":true,"isFixedToViewport":false,"isFlippedHorizontal":false,"isFlippedVertical":false,"isFlowHome":false,"isLocked":false,"isVisible":true,"layerListExpandedType":0,"layers":[{"_class":"oval","booleanOperation":-1,"clippingMaskMode":0,"do_objectID":"5FFB816B-3224-484C-8318-9DE0D9A5DB60","edited":false,"frame":{"_class":"rect","constrainProportions":true,"height":16,"width":16,"x":0,"y":0},"hasClippingMask":false,"isClosed":true,"isFixedToViewport":false,"isFlippedHorizontal":false,"isFlippedVertical":false,"isLocked":false,"isVisible":true,"name":"Oval","nameIsFixed":false,"pointRadiusBehaviour":1,"points":[{"_class":"curvePoint","cornerRadius":0,"curveFrom":"{0.77614237490000004, 1}","curveMode":2,"curveTo":"{0.22385762510000001, 1}","hasCurveFrom":true,"hasCurveTo":true,"point":"{0.5, 1}"},{"_class":"curvePoint","cornerRadius":0,"curveFrom":"{1, 0.22385762510000001}","curveMode":2,"curveTo":"{1, 0.77614237490000004}","hasCurveFrom":true,"hasCurveTo":true,"point":"{1, 0.5}"},{"_class":"curvePoint","cornerRadius":0,"curveFrom":"{0.22385762510000001, 0}","curveMode":2,"curveTo":"{0.77614237490000004, 0}","hasCurveFrom":true,"hasCurveTo":true,"point":"{0.5, 0}"},{"_class":"curvePoint","cornerRadius":0,"curveFrom":"{0, 0.77614237490000004}","curveMode":2,"curveTo":"{0, 0.22385762510000001}","hasCurveFrom":true,"hasCurveTo":true,"point":"{0, 0.5}"}],"resizingConstraint":18,"resizingType":0,"rotation":0,"sharedStyleID":"844A3A7F-35E6-4A49-BD7E-905BCF066A0F","shouldBreakMaskChain":false,"style":{"_class":"style","blur":{"_class":"blur","center":"{0.5, 0.5}","isEnabled":false,"motionAngle":0,"radius":10,"saturation":1,"type":0},"borderOptions":{"_class":"borderOptions","dashPattern":[],"isEnabled":true,"lineCapStyle":0,"lineJoinStyle":0},"borders":[{"_class":"border","color":{"_class":"color","alpha":1,"blue":0.592,"green":0.592,"red":0.592},"contextSettings":{"_class":"graphicsContextSettings","blendMode":0,"opacity":1},"fillType":0,"gradient":{"_class":"gradient","elipseLength":0,"from":"{0.5, 0}","gradientType":0,"stops":[{"_class":"gradientStop","color":{"_class":"color","alpha":1,"blue":1,"green":1,"red":1},"position":0},{"_class":"gradientStop","color":{"_class":"color","alpha":1,"blue":0,"green":0,"red":0},"position":1}],"to":"{0.5, 1}"},"isEnabled":false,"position":1,"thickness":1}],"colorControls":{"_class":"colorControls","brightness":0,"contrast":1,"hue":0,"isEnabled":true,"saturation":1},"contextSettings":{"_class":"graphicsContextSettings","blendMode":0,"opacity":1},"do_objectID":"E99BC4A7-B8A7-4B09-A70C-3463A1C189F7","endMarkerType":0,"fills":[{"_class":"fill","color":{"_class":"color","alpha":1,"blue":0.3019607843137255,"green":0.3058823529411765,"red":0.9450980392156862},"contextSettings":{"_class":"graphicsContextSettings","blendMode":0,"opacity":1},"fillType":0,"gradient":{"_class":"gradient","elipseLength":0,"from":"{0.5, 0}","gradientType":0,"stops":[{"_class":"gradientStop","color":{"_class":"color","alpha":1,"blue":1,"green":1,"red":1},"position":0},{"_class":"gradientStop","color":{"_class":"color","alpha":1,"blue":0,"green":0,"red":0},"position":1}],"to":"{0.5, 1}"},"isEnabled":true,"noiseIndex":0,"noiseIntensity":0,"patternFillType":1,"patternTileScale":1}],"innerShadows":[],"miterLimit":10,"shadows":[],"startMarkerType":0,"windingRule":1},"userInfo":{"com.animaapp.stc-sketch-plugin":{"kModelPropertiesKey":{"constraints":{"aspectRatio":{"constant":16,"enabled":1,"model_class":"ADModelConstraint","model_version":0,"multiplier":16},"automatic":1,"model_class":"ADModelViewConstraints","model_version":0,"scaleFactor":1}}}}}],"name":"Other/_Shape/Badge/Default","nameIsFixed":false,"overrideProperties":[{"_class":"MSImmutableOverrideProperty","canOverride":true,"overrideName":"5FFB816B-3224-484C-8318-9DE0D9A5DB60_layerStyle"}],"presetDictionary":{},"resizesContent":false,"resizingConstraint":63,"resizingType":0,"rotation":0,"shouldBreakMaskChain":true,"style":{"_class":"style","blur":{"_class":"blur","center":"{0.5, 0.5}","isEnabled":false,"motionAngle":0,"radius":10,"saturation":1,"type":0},"borderOptions":{"_class":"borderOptions","dashPattern":[],"isEnabled":true,"lineCapStyle":0,"lineJoinStyle":0},"borders":[],"colorControls":{"_class":"colorControls","brightness":0,"contrast":1,"hue":0,"isEnabled":false,"saturation":1},"contextSettings":{"_class":"graphicsContextSettings","blendMode":0,"opacity":1},"do_objectID":"8BE5C9A0-F6C0-4DD2-B4BD-9AE773D2ACAD","endMarkerType":0,"fills":[],"innerShadows":[],"miterLimit":10,"shadows":[],"startMarkerType":0,"windingRule":1},"symbolID":"3DF3DEE9-1B49-4328-B22F-E81F79E69141","verticalRulerData":{"_class":"rulerData","base":0,"guides":[]}},{"_class":"symbolMaster","allowsOverrides":true,"backgroundColor":{"_class":"color","alpha":1,"blue":1,"green":1,"red":1},"booleanOperation":-1,"clippingMaskMode":0,"do_objectID":"39A9FF7E-439B-4D62-B462-D795ADA8C492","frame":{"_class":"rect","constrainProportions":false,"height":16,"width":16,"x":-183,"y":-402},"groupLayout":{"_class":"MSImmutableFreeformGroupLayout"},"hasBackgroundColor":false,"hasClickThrough":true,"hasClippingMask":false,"horizontalRulerData":{"_class":"rulerData","base":0,"guides":[]},"includeBackgroundColorInExport":true,"includeBackgroundColorInInstance":false,"includeInCloudUpload":true,"isFixedToViewport":false,"isFlippedHorizontal":false,"isFlippedVertical":false,"isFlowHome":false,"isLocked":false,"isVisible":true,"layerListExpandedType":0,"layers":[{"_class":"symbolInstance","booleanOperation":-1,"clippingMaskMode":0,"do_objectID":"D2303F98-AD6B-4DC9-97FF-30C8C5726161","frame":{"_class":"rect","constrainProportions":false,"height":16,"width":16,"x":0,"y":0},"hasClippingMask":false,"horizontalSpacing":0,"isFixedToViewport":false,"isFlippedHorizontal":false,"isFlippedVertical":false,"isLocked":false,"isVisible":true,"name":"Other/_Shape/Badge/Default","nameIsFixed":false,"overrideValues":[],"resizingConstraint":18,"resizingType":0,"rotation":0,"scale":1,"shouldBreakMaskChain":false,"style":{"_class":"style","blur":{"_class":"blur","center":"{0.5, 0.5}","isEnabled":false,"motionAngle":0,"radius":10,"saturation":1,"type":0},"borderOptions":{"_class":"borderOptions","dashPattern":[],"isEnabled":true,"lineCapStyle":0,"lineJoinStyle":0},"borders":[],"colorControls":{"_class":"colorControls","brightness":0,"contrast":1,"hue":0,"isEnabled":false,"saturation":1},"contextSettings":{"_class":"graphicsContextSettings","blendMode":0,"opacity":1},"do_objectID":"88FEB780-D740-47A2-9AA1-CACD497D1667","endMarkerType":0,"fills":[],"innerShadows":[],"miterLimit":10,"shadows":[],"startMarkerType":0,"windingRule":1},"symbolID":"3DF3DEE9-1B49-4328-B22F-E81F79E69141","verticalSpacing":0},{"_class":"symbolInstance","booleanOperation":-1,"clippingMaskMode":0,"do_objectID":"61CB6B35-978C-418F-BD9A-34075D1C90D3","frame":{"_class":"rect","constrainProportions":false,"height":14,"width":6,"x":5,"y":1},"hasClippingMask":false,"horizontalSpacing":0,"isFixedToViewport":false,"isFlippedHorizontal":false,"isFlippedVertical":false,"isLocked":false,"isVisible":true,"name":"Other/_Text/Badge/Text","nameIsFixed":false,"overrideValues":[],"resizingConstraint":18,"resizingType":0,"rotation":0,"scale":1,"shouldBreakMaskChain":false,"style":{"_class":"style","blur":{"_class":"blur","center":"{0.5, 0.5}","isEnabled":false,"motionAngle":0,"radius":10,"saturation":1,"type":0},"borderOptions":{"_class":"borderOptions","dashPattern":[],"isEnabled":true,"lineCapStyle":0,"lineJoinStyle":0},"borders":[],"colorControls":{"_class":"colorControls","brightness":0,"contrast":1,"hue":0,"isEnabled":false,"saturation":1},"contextSettings":{"_class":"graphicsContextSettings","blendMode":0,"opacity":1},"do_objectID":"670F1E07-E3A4-4152-9815-5E344D461640","endMarkerType":0,"fills":[],"innerShadows":[],"miterLimit":10,"shadows":[],"startMarkerType":0,"windingRule":1},"symbolID":"5C694FDF-C045-4723-9796-B57B5C9165FD","verticalSpacing":0}],"name":"10)Badge/Badge-Single-Number","nameIsFixed":false,"overrideProperties":[{"_class":"MSImmutableOverrideProperty","canOverride":true,"overrideName":"61CB6B35-978C-418F-BD9A-34075D1C90D3/F629EAF5-B39F-43E3-97D1-AD9115C40057_stringValue"},{"_class":"MSImmutableOverrideProperty","canOverride":true,"overrideName":"61CB6B35-978C-418F-BD9A-34075D1C90D3/F629EAF5-B39F-43E3-97D1-AD9115C40057_textStyle"},{"_class":"MSImmutableOverrideProperty","canOverride":true,"overrideName":"61CB6B35-978C-418F-BD9A-34075D1C90D3_symbolID"},{"_class":"MSImmutableOverrideProperty","canOverride":true,"overrideName":"D2303F98-AD6B-4DC9-97FF-30C8C5726161/5FFB816B-3224-484C-8318-9DE0D9A5DB60_layerStyle"},{"_class":"MSImmutableOverrideProperty","canOverride":true,"overrideName":"D2303F98-AD6B-4DC9-97FF-30C8C5726161_symbolID"}],"presetDictionary":{},"resizesContent":true,"resizingConstraint":63,"resizingType":0,"rotation":0,"shouldBreakMaskChain":true,"style":{"_class":"style","blur":{"_class":"blur","center":"{0.5, 0.5}","isEnabled":false,"motionAngle":0,"radius":10,"saturation":1,"type":0},"borderOptions":{"_class":"borderOptions","dashPattern":[],"isEnabled":true,"lineCapStyle":0,"lineJoinStyle":0},"borders":[],"colorControls":{"_class":"colorControls","brightness":0,"contrast":1,"hue":0,"isEnabled":false,"saturation":1},"contextSettings":{"_class":"graphicsContextSettings","blendMode":0,"opacity":1},"do_objectID":"4240006E-6ED9-4DC5-9B54-76F157951255","endMarkerType":0,"fills":[],"innerShadows":[],"miterLimit":10,"shadows":[],"startMarkerType":0,"windingRule":1},"symbolID":"F708A40D-F9C5-4133-9142-5412DF902770","verticalRulerData":{"_class":"rulerData","base":0,"guides":[]}},{"_class":"symbolMaster","allowsOverrides":true,"backgroundColor":{"_class":"color","alpha":1,"blue":1,"green":1,"red":1},"booleanOperation":-1,"clippingMaskMode":0,"do_objectID":"812C8003-6002-4E4D-851C-520234E7F0CF","frame":{"_class":"rect","constrainProportions":false,"height":16,"width":34,"x":-154,"y":-402},"groupLayout":{"_class":"MSImmutableInferredGroupLayout","axis":0,"layoutAnchor":1,"maxSize":0,"minSize":0},"hasBackgroundColor":false,"hasClickThrough":true,"hasClippingMask":false,"horizontalRulerData":{"_class":"rulerData","base":0,"guides":[]},"includeBackgroundColorInExport":true,"includeBackgroundColorInInstance":false,"includeInCloudUpload":true,"isFixedToViewport":false,"isFlippedHorizontal":false,"isFlippedVertical":false,"isFlowHome":false,"isLocked":false,"isVisible":true,"layerListExpandedType":0,"layers":[{"_class":"symbolInstance","booleanOperation":-1,"clippingMaskMode":0,"do_objectID":"36F4A9AD-1A81-4714-BFDF-1ABE268DDEC1","frame":{"_class":"rect","constrainProportions":false,"height":16,"width":34,"x":0,"y":0},"hasClippingMask":false,"horizontalSpacing":0,"isFixedToViewport":false,"isFlippedHorizontal":false,"isFlippedVertical":false,"isLocked":false,"isVisible":true,"name":"_Shape/24px/↖️↗️↘️↙️","nameIsFixed":false,"overrideValues":[{"_class":"overrideValue","overrideName":"B5C384AA-E996-491A-8144-1444C4F0DD5C_layerStyle","value":"844A3A7F-35E6-4A49-BD7E-905BCF066A0F"}],"resizingConstraint":18,"resizingType":0,"rotation":0,"scale":1,"shouldBreakMaskChain":false,"style":{"_class":"style","blur":{"_class":"blur","center":"{0.5, 0.5}","isEnabled":false,"motionAngle":0,"radius":10,"saturation":1,"type":0},"borderOptions":{"_class":"borderOptions","dashPattern":[],"isEnabled":true,"lineCapStyle":0,"lineJoinStyle":0},"borders":[],"colorControls":{"_class":"colorControls","brightness":0,"contrast":1,"hue":0,"isEnabled":false,"saturation":1},"contextSettings":{"_class":"graphicsContextSettings","blendMode":0,"opacity":1},"do_objectID":"6D9015A6-72BD-4F50-8195-E30B48526105","endMarkerType":0,"fills":[],"innerShadows":[],"miterLimit":10,"shadows":[],"startMarkerType":0,"windingRule":1},"symbolID":"FCB3C127-62D6-4837-8812-661E6A25986F","verticalSpacing":0},{"_class":"symbolInstance","booleanOperation":-1,"clippingMaskMode":0,"do_objectID":"F65080B8-E871-491D-8D67-6AF497386554","frame":{"_class":"rect","constrainProportions":false,"height":14,"width":18,"x":8,"y":1},"hasClippingMask":false,"horizontalSpacing":0,"isFixedToViewport":false,"isFlippedHorizontal":false,"isFlippedVertical":false,"isLocked":false,"isVisible":true,"name":"Other/_Text/Badge/Text","nameIsFixed":false,"overrideValues":[{"_class":"overrideValue","overrideName":"F629EAF5-B39F-43E3-97D1-AD9115C40057_stringValue","value":"100"}],"resizingConstraint":18,"resizingType":0,"rotation":0,"scale":1,"shouldBreakMaskChain":false,"style":{"_class":"style","blur":{"_class":"blur","center":"{0.5, 0.5}","isEnabled":false,"motionAngle":0,"radius":10,"saturation":1,"type":0},"borderOptions":{"_class":"borderOptions","dashPattern":[],"isEnabled":true,"lineCapStyle":0,"lineJoinStyle":0},"borders":[],"colorControls":{"_class":"colorControls","brightness":0,"contrast":1,"hue":0,"isEnabled":false,"saturation":1},"contextSettings":{"_class":"graphicsContextSettings","blendMode":0,"opacity":1},"do_objectID":"04409489-4DD6-483F-ADBA-FF49BA0F78EA","endMarkerType":0,"fills":[],"innerShadows":[],"miterLimit":10,"shadows":[],"startMarkerType":0,"windingRule":1},"symbolID":"5C694FDF-C045-4723-9796-B57B5C9165FD","verticalSpacing":0}],"name":"10)Badge/Badge-Single-long-number","nameIsFixed":true,"overrideProperties":[{"_class":"MSImmutableOverrideProperty","canOverride":true,"overrideName":"36F4A9AD-1A81-4714-BFDF-1ABE268DDEC1/B5C384AA-E996-491A-8144-1444C4F0DD5C_layerStyle"},{"_class":"MSImmutableOverrideProperty","canOverride":true,"overrideName":"36F4A9AD-1A81-4714-BFDF-1ABE268DDEC1_symbolID"},{"_class":"MSImmutableOverrideProperty","canOverride":true,"overrideName":"F65080B8-E871-491D-8D67-6AF497386554/F629EAF5-B39F-43E3-97D1-AD9115C40057_stringValue"},{"_class":"MSImmutableOverrideProperty","canOverride":true,"overrideName":"F65080B8-E871-491D-8D67-6AF497386554/F629EAF5-B39F-43E3-97D1-AD9115C40057_textStyle"},{"_class":"MSImmutableOverrideProperty","canOverride":true,"overrideName":"F65080B8-E871-491D-8D67-6AF497386554_symbolID"}],"presetDictionary":{},"resizesContent":true,"resizingConstraint":63,"resizingType":0,"rotation":0,"shouldBreakMaskChain":true,"style":{"_class":"style","blur":{"_class":"blur","center":"{0.5, 0.5}","isEnabled":false,"motionAngle":0,"radius":10,"saturation":1,"type":0},"borderOptions":{"_class":"borderOptions","dashPattern":[],"isEnabled":true,"lineCapStyle":0,"lineJoinStyle":0},"borders":[],"colorControls":{"_class":"colorControls","brightness":0,"contrast":1,"hue":0,"isEnabled":false,"saturation":1},"contextSettings":{"_class":"graphicsContextSettings","blendMode":0,"opacity":1},"do_objectID":"4DE9B55D-E7F0-4C5E-AB5D-5E718A6A4D04","endMarkerType":0,"fills":[],"innerShadows":[],"miterLimit":10,"shadows":[],"startMarkerType":0,"windingRule":1},"symbolID":"053050BA-B471-4DB6-A86B-8823C1198E74","verticalRulerData":{"_class":"rulerData","base":0,"guides":[]}},{"_class":"artboard","backgroundColor":{"_class":"color","alpha":1,"blue":1,"green":1,"red":1},"booleanOperation":-1,"clippingMaskMode":0,"do_objectID":"9E4AB159-4132-4229-82BC-D14997C4E1C6","frame":{"_class":"rect","constrainProportions":false,"height":352,"width":401,"x":-221,"y":-778},"groupLayout":{"_class":"MSImmutableFreeformGroupLayout"},"hasBackgroundColor":false,"hasClickThrough":false,"hasClippingMask":false,"horizontalRulerData":{"_class":"rulerData","base":0,"guides":[80,205]},"includeBackgroundColorInExport":true,"includeInCloudUpload":true,"isFixedToViewport":false,"isFlippedHorizontal":false,"isFlippedVertical":false,"isFlowHome":false,"isLocked":false,"isVisible":true,"layerListExpandedType":0,"layers":[{"_class":"group","booleanOperation":-1,"clippingMaskMode":0,"do_objectID":"C85AF115-7D58-4518-B937-48326FF358CD","frame":{"_class":"rect","constrainProportions":false,"height":195,"width":1353,"x":-28,"y":0},"groupLayout":{"_class":"MSImmutableFreeformGroupLayout"},"hasClickThrough":false,"hasClippingMask":false,"isFixedToViewport":false,"isFlippedHorizontal":false,"isFlippedVertical":false,"isLocked":false,"isVisible":true,"layers":[{"_class":"rectangle","booleanOperation":-1,"clippingMaskMode":0,"do_objectID":"2EAD0D32-961C-4739-A854-8A7A73A23D1D","edited":false,"fixedRadius":0,"frame":{"_class":"rect","constrainProportions":false,"height":195,"width":1325,"x":28,"y":0},"hasClippingMask":false,"hasConvertedToNewRoundCorners":true,"isClosed":true,"isFixedToViewport":false,"isFlippedHorizontal":false,"isFlippedVertical":false,"isLocked":false,"isVisible":true,"name":"Rectangle","nameIsFixed":false,"needsConvertionToNewRoundCorners":false,"pointRadiusBehaviour":1,"points":[{"_class":"curvePoint","cornerRadius":0,"curveFrom":"{0, 0}","curveMode":1,"curveTo":"{0, 0}","hasCurveFrom":false,"hasCurveTo":false,"point":"{0, 0}"},{"_class":"curvePoint","cornerRadius":0,"curveFrom":"{1, 0}","curveMode":1,"curveTo":"{1, 0}","hasCurveFrom":false,"hasCurveTo":false,"point":"{1, 0}"},{"_class":"curvePoint","cornerRadius":0,"curveFrom":"{1, 1}","curveMode":1,"curveTo":"{1, 1}","hasCurveFrom":false,"hasCurveTo":false,"point":"{1, 1}"},{"_class":"curvePoint","cornerRadius":0,"curveFrom":"{0, 1}","curveMode":1,"curveTo":"{0, 1}","hasCurveFrom":false,"hasCurveTo":false,"point":"{0, 1}"}],"resizingConstraint":63,"resizingType":0,"rotation":0,"sharedStyleID":"FF79DF52-402D-4A5D-8412-7222F0EB2E86","shouldBreakMaskChain":false,"style":{"_class":"style","blur":{"_class":"blur","center":"{0.5, 0.5}","isEnabled":false,"motionAngle":0,"radius":10,"saturation":1,"type":0},"borderOptions":{"_class":"borderOptions","dashPattern":[],"isEnabled":true,"lineCapStyle":0,"lineJoinStyle":0},"borders":[{"_class":"border","color":{"_class":"color","alpha":1,"blue":0.9686274509803922,"green":0.9450980392156862,"red":0.9294117647058824},"contextSettings":{"_class":"graphicsContextSettings","blendMode":0,"opacity":1},"fillType":0,"gradient":{"_class":"gradient","elipseLength":0,"from":"{0.5, 0}","gradientType":0,"stops":[{"_class":"gradientStop","color":{"_class":"color","alpha":1,"blue":1,"green":1,"red":1},"position":0},{"_class":"gradientStop","color":{"_class":"color","alpha":1,"blue":0,"green":0,"red":0},"position":1}],"to":"{0.5, 1}"},"isEnabled":false,"position":1,"thickness":1}],"colorControls":{"_class":"colorControls","brightness":0,"contrast":1,"hue":0,"isEnabled":true,"saturation":1},"contextSettings":{"_class":"graphicsContextSettings","blendMode":0,"opacity":1},"do_objectID":"2E803EB5-CF22-430F-B329-129512F2B536","endMarkerType":0,"fills":[{"_class":"fill","color":{"_class":"color","alpha":1,"blue":0.9882352941176471,"green":0.9764705882352941,"red":0.9686274509803922},"contextSettings":{"_class":"graphicsContextSettings","blendMode":0,"opacity":1},"fillType":0,"gradient":{"_class":"gradient","elipseLength":0,"from":"{0.5, 0}","gradientType":0,"stops":[{"_class":"gradientStop","color":{"_class":"color","alpha":1,"blue":1,"green":1,"red":1},"position":0},{"_class":"gradientStop","color":{"_class":"color","alpha":1,"blue":0,"green":0,"red":0},"position":1}],"to":"{0.5, 1}"},"isEnabled":true,"noiseIndex":0,"noiseIntensity":0,"patternFillType":1,"patternTileScale":1}],"innerShadows":[],"miterLimit":10,"shadows":[],"startMarkerType":0,"windingRule":0}},{"_class":"shapeGroup","booleanOperation":-1,"clippingMaskMode":0,"do_objectID":"F315F879-59D5-4ADC-8588-6B33445C6E83","frame":{"_class":"rect","constrainProportions":true,"height":160,"width":112,"x":0,"y":15},"groupLayout":{"_class":"MSImmutableFreeformGroupLayout"},"hasClickThrough":false,"hasClippingMask":false,"isFixedToViewport":false,"isFlippedHorizontal":false,"isFlippedVertical":false,"isLocked":false,"isVisible":true,"layers":[{"_class":"shapePath","booleanOperation":-1,"clippingMaskMode":0,"do_objectID":"6A568CDD-F969-4C68-BFCC-E9FEFC774330","edited":true,"frame":{"_class":"rect","constrainProportions":false,"height":160,"width":112,"x":0,"y":0},"hasClippingMask":false,"isClosed":true,"isFixedToViewport":false,"isFlippedHorizontal":false,"isFlippedVertical":false,"isLocked":false,"isVisible":true,"name":"Path","nameIsFixed":false,"pointRadiusBehaviour":1,"points":[{"_class":"curvePoint","cornerRadius":0,"curveFrom":"{0.66919191919191912, 1}","curveMode":2,"curveTo":"{0.33459595959595961, 1}","hasCurveFrom":true,"hasCurveTo":true,"point":"{0.5, 1}"},{"_class":"curvePoint","cornerRadius":0,"curveFrom":"{0.95896464646464652, 0.7998447549345753}","curveMode":2,"curveTo":"{0.79482323232323226, 0.95996895098691515}","hasCurveFrom":true,"hasCurveTo":true,"point":"{0.87689393939393945, 0.87990685296074522}"},{"_class":"curvePoint","cornerRadius":0,"curveFrom":"{1, 0.33532934131736525}","curveMode":2,"curveTo":"{1, 0.67376358394322455}","hasCurveFrom":true,"hasCurveTo":true,"point":"{1, 0.50166333998669332}"},{"_class":"curvePoint","cornerRadius":0,"curveFrom":"{0.78929924242424243, 0.042027056997116882}","curveMode":2,"curveTo":"{0.95785984848484851, 0.21013528498558437}","hasCurveFrom":true,"hasCurveTo":true,"point":"{0.87357954545454541, 0.12608117099135063}"},{"_class":"curvePoint","cornerRadius":0,"curveFrom":"{0.33080808080808083, 0}","curveMode":2,"curveTo":"{0.66477272727272729, 0}","hasCurveFrom":true,"hasCurveTo":true,"point":"{0.5, 0}"},{"_class":"curvePoint","cornerRadius":0,"curveFrom":"{0.041035353535353543, 0.20181858505211797}","curveMode":2,"curveTo":"{0.20517676767676765, 0.040363717010423607}","hasCurveFrom":true,"hasCurveTo":true,"point":"{0.12310606060606061, 0.12109115103127079}"},{"_class":"curvePoint","cornerRadius":0,"curveFrom":"{0, 0.66666666666666663}","curveMode":2,"curveTo":"{0, 0.32867598137059217}","hasCurveFrom":true,"hasCurveTo":true,"point":"{0, 0.50166333998669332}"},{"_class":"curvePoint","cornerRadius":0,"curveFrom":"{0.20991161616161613, 0.95819472166777553}","curveMode":2,"curveTo":"{0.041982323232323239, 0.79097360833887775}","hasCurveFrom":true,"hasCurveTo":true,"point":"{0.1259469696969697, 0.8745841650033267}"}],"resizingConstraint":63,"resizingType":0,"rotation":0,"shouldBreakMaskChain":false,"style":{"_class":"style","blur":{"_class":"blur","center":"{0.5, 0.5}","isEnabled":false,"motionAngle":0,"radius":10,"saturation":1,"type":0},"borderOptions":{"_class":"borderOptions","dashPattern":[],"isEnabled":true,"lineCapStyle":0,"lineJoinStyle":0},"borders":[],"colorControls":{"_class":"colorControls","brightness":0,"contrast":1,"hue":0,"isEnabled":false,"saturation":1},"contextSettings":{"_class":"graphicsContextSettings","blendMode":0,"opacity":1},"do_objectID":"CAF51923-77C3-4362-A93A-BB0EE48101C3","endMarkerType":0,"fills":[],"innerShadows":[],"miterLimit":10,"shadows":[],"startMarkerType":0,"windingRule":1}},{"_class":"shapePath","booleanOperation":-1,"clippingMaskMode":0,"do_objectID":"7CC3371B-523B-4D78-8CFF-12634109BD89","edited":true,"frame":{"_class":"rect","constrainProportions":false,"height":93,"width":29,"x":42,"y":34},"hasClippingMask":false,"isClosed":true,"isFixedToViewport":false,"isFlippedHorizontal":false,"isFlippedVertical":false,"isLocked":false,"isVisible":true,"name":"Path","nameIsFixed":false,"pointRadiusBehaviour":1,"points":[{"_class":"curvePoint","cornerRadius":0,"curveFrom":"{0.3197530864197532, 1}","curveMode":2,"curveTo":"{0.68271604938271613, 1}","hasCurveFrom":true,"hasCurveTo":true,"point":"{0.5, 1}"},{"_class":"curvePoint","cornerRadius":0,"curveFrom":"{0.038271604938271697, 0.82224770642201839}","curveMode":2,"curveTo":"{0.19135802469135793, 0.96444954128440363}","hasCurveFrom":true,"hasCurveTo":true,"point":"{0.11481481481481481, 0.89334862385321101}"},{"_class":"curvePoint","cornerRadius":0,"curveFrom":"{0, 0.50229357798165142}","curveMode":4,"curveTo":"{0, 0.69189602446483178}","hasCurveFrom":false,"hasCurveTo":true,"point":"{0, 0.50229357798165142}"},{"_class":"curvePoint","cornerRadius":0,"curveFrom":"{0.0018896747233049138, 0.3047829946860669}","curveMode":4,"curveTo":"{6.8301496022656836e-05, 0.48841477058762528}","hasCurveFrom":true,"hasCurveTo":false,"point":"{6.8301496022656836e-05, 0.48841477058762528}"},{"_class":"curvePoint","cornerRadius":0,"curveFrom":"{0.19135802469135793, 0.035932721712538251}","curveMode":2,"curveTo":"{0.040138512496235811, 0.17791079286939665}","hasCurveFrom":true,"hasCurveTo":true,"point":"{0.11481481481481481, 0.10779816513761468}"},{"_class":"curvePoint","cornerRadius":0,"curveFrom":"{0.6802469135802468, 0}","curveMode":2,"curveTo":"{0.3197530864197532, 0}","hasCurveFrom":true,"hasCurveTo":true,"point":"{0.5, 0}"},{"_class":"curvePoint","cornerRadius":0,"curveFrom":"{0.96172839506172836, 0.18635321100917432}","curveMode":2,"curveTo":"{0.80864197530864201, 0.037270642201834861}","hasCurveFrom":true,"hasCurveTo":true,"point":"{0.88518518518518519, 0.11181192660550458}"},{"_class":"curvePoint","cornerRadius":0,"curveFrom":"{1, 0.68730886850152895}","curveMode":2,"curveTo":"{1, 0.3165137614678899}","hasCurveFrom":true,"hasCurveTo":true,"point":"{1, 0.50229357798165142}"},{"_class":"curvePoint","cornerRadius":0,"curveFrom":"{0.81172839506172834, 0.96330275229357798}","curveMode":2,"curveTo":"{0.9623456790123458, 0.8165137614678899}","hasCurveFrom":true,"hasCurveTo":true,"point":"{0.88703703703703707, 0.88990825688073394}"}],"resizingConstraint":63,"resizingType":0,"rotation":0,"shouldBreakMaskChain":false,"style":{"_class":"style","blur":{"_class":"blur","center":"{0.5, 0.5}","isEnabled":false,"motionAngle":0,"radius":10,"saturation":1,"type":0},"borderOptions":{"_class":"borderOptions","dashPattern":[],"isEnabled":true,"lineCapStyle":0,"lineJoinStyle":0},"borders":[],"colorControls":{"_class":"colorControls","brightness":0,"contrast":1,"hue":0,"isEnabled":false,"saturation":1},"contextSettings":{"_class":"graphicsContextSettings","blendMode":0,"opacity":1},"do_objectID":"4AC816D3-1976-4367-A45F-A34A719A56C4","endMarkerType":0,"fills":[],"innerShadows":[],"miterLimit":10,"shadows":[],"startMarkerType":0,"windingRule":1}}],"name":"0","nameIsFixed":false,"resizingConstraint":63,"resizingType":0,"rotation":0,"shouldBreakMaskChain":false,"style":{"_class":"style","blur":{"_class":"blur","center":"{0.5, 0.5}","isEnabled":false,"motionAngle":0,"radius":10,"saturation":1,"type":0},"borderOptions":{"_class":"borderOptions","dashPattern":[],"isEnabled":true,"lineCapStyle":0,"lineJoinStyle":0},"borders":[],"colorControls":{"_class":"colorControls","brightness":0,"contrast":1,"hue":0,"isEnabled":false,"saturation":1},"contextSettings":{"_class":"graphicsContextSettings","blendMode":0,"opacity":1},"do_objectID":"CC5AEEED-468F-4A68-870A-0F8EE12AD32B","endMarkerType":0,"fills":[{"_class":"fill","color":{"_class":"color","alpha":1,"blue":1,"green":1,"red":1},"contextSettings":{"_class":"graphicsContextSettings","blendMode":0,"opacity":1},"fillType":0,"gradient":{"_class":"gradient","elipseLength":0,"from":"{0.5, 0}","gradientType":0,"stops":[{"_class":"gradientStop","color":{"_class":"color","alpha":1,"blue":1,"green":1,"red":1},"position":0},{"_class":"gradientStop","color":{"_class":"color","alpha":1,"blue":0,"green":0,"red":0},"position":1}],"to":"{0.5, 1}"},"isEnabled":true,"noiseIndex":0,"noiseIntensity":0,"patternFillType":1,"patternTileScale":1}],"innerShadows":[],"miterLimit":10,"shadows":[],"startMarkerType":0,"windingRule":0},"windingRule":0},{"_class":"group","booleanOperation":-1,"clippingMaskMode":0,"do_objectID":"6A7F6E20-9AD6-424D-92A4-C75281AC5C74","frame":{"_class":"rect","constrainProportions":false,"height":80,"width":295,"x":99,"y":47},"groupLayout":{"_class":"MSImmutableFreeformGroupLayout"},"hasClickThrough":false,"hasClippingMask":false,"isFixedToViewport":false,"isFlippedHorizontal":false,"isFlippedVertical":false,"isLocked":false,"isVisible":true,"layers":[{"_class":"text","attributedString":{"_class":"attributedString","attributes":[{"_class":"stringAttribute","attributes":{"MSAttributedStringColorAttribute":{"_class":"color","alpha":1,"blue":0.7019607843137254,"green":0.6078431372549019,"red":0.5607843137254902},"MSAttributedStringFontAttribute":{"_class":"fontDescriptor","attributes":{"name":"OpenSans-SemiBold","size":15}},"paragraphStyle":{"_class":"paragraphStyle","alignment":0,"maximumLineHeight":24,"minimumLineHeight":24},"textStyleVerticalAlignmentKey":1},"length":34,"location":0}],"string":"There are different types of sizes"},"automaticallyDrawOnUnderlyingPath":false,"booleanOperation":0,"clippingMaskMode":0,"do_objectID":"8863E281-00E8-437E-93CB-E0341BC68D37","dontSynchroniseWithSymbol":false,"frame":{"_class":"rect","constrainProportions":false,"height":24,"width":238,"x":0,"y":56},"glyphBounds":"{{0, 6}, {237, 16}}","hasClippingMask":false,"isFixedToViewport":false,"isFlippedHorizontal":false,"isFlippedVertical":false,"isLocked":false,"isVisible":true,"lineSpacingBehaviour":3,"name":"There are different","nameIsFixed":false,"resizingConstraint":47,"resizingType":0,"rotation":0,"shouldBreakMaskChain":false,"style":{"_class":"style","blur":{"_class":"blur","center":"{0.5, 0.5}","isEnabled":false,"motionAngle":0,"radius":10,"saturation":1,"type":0},"borderOptions":{"_class":"borderOptions","dashPattern":[],"isEnabled":true,"lineCapStyle":0,"lineJoinStyle":0},"borders":[],"colorControls":{"_class":"colorControls","brightness":0,"contrast":1,"hue":0,"isEnabled":true,"saturation":1},"contextSettings":{"_class":"graphicsContextSettings","blendMode":0,"opacity":1},"do_objectID":"215FF877-2109-4CAD-AD67-50387828A943","endMarkerType":0,"fills":[],"innerShadows":[],"miterLimit":10,"shadows":[],"startMarkerType":0,"textStyle":{"_class":"textStyle","encodedAttributes":{"MSAttributedStringColorAttribute":{"_class":"color","alpha":1,"blue":0.7019607843137254,"green":0.6078431372549019,"red":0.5607843137254902},"MSAttributedStringFontAttribute":{"_class":"fontDescriptor","attributes":{"name":"OpenSans-SemiBold","size":15}},"paragraphStyle":{"_class":"paragraphStyle","alignment":0,"maximumLineHeight":24,"minimumLineHeight":24},"textStyleVerticalAlignmentKey":1},"verticalAlignment":0},"windingRule":1},"textBehaviour":0,"userInfo":{"com.animaapp.stc-sketch-plugin":{"kModelPropertiesKey":{"isAutoWidth":1}}}},{"_class":"text","attributedString":{"_class":"attributedString","attributes":[{"_class":"stringAttribute","attributes":{"MSAttributedStringColorAttribute":{"_class":"color","alpha":1,"blue":0.1764705882352941,"green":0.1803921568627451,"red":0.1803921568627451},"MSAttributedStringFontAttribute":{"_class":"fontDescriptor","attributes":{"name":"AppleColorEmoji","size":36}},"paragraphStyle":{"_class":"paragraphStyle","alignment":0,"maximumLineHeight":48,"minimumLineHeight":48},"textStyleVerticalAlignmentKey":1},"length":1,"location":0},{"_class":"stringAttribute","attributes":{"MSAttributedStringColorAttribute":{"_class":"color","alpha":1,"blue":0.1764705882352941,"green":0.1803921568627451,"red":0.1803921568627451},"MSAttributedStringFontAttribute":{"_class":"fontDescriptor","attributes":{"name":"OpenSans-Bold","size":36}},"paragraphStyle":{"_class":"paragraphStyle","alignment":0,"maximumLineHeight":48,"minimumLineHeight":48},"textStyleVerticalAlignmentKey":1},"length":14,"location":1}],"string":"⛳ Badge control"},"automaticallyDrawOnUnderlyingPath":false,"booleanOperation":0,"clippingMaskMode":0,"do_objectID":"7581068A-A826-499F-8374-E9A7A26BC71C","dontSynchroniseWithSymbol":false,"frame":{"_class":"rect","constrainProportions":false,"height":48,"width":295,"x":0,"y":0},"glyphBounds":"{{0, 6}, {292, 41}}","hasClippingMask":false,"isFixedToViewport":false,"isFlippedHorizontal":false,"isFlippedVertical":false,"isLocked":false,"isVisible":true,"lineSpacingBehaviour":3,"name":"⛳ Badge control","nameIsFixed":false,"resizingConstraint":47,"resizingType":0,"rotation":0,"sharedStyleID":"FC2871CD-6066-4AA7-8E5D-CEAE25E809F6","shouldBreakMaskChain":false,"style":{"_class":"style","blur":{"_class":"blur","center":"{0.5, 0.5}","isEnabled":false,"motionAngle":0,"radius":10,"saturation":1,"type":0},"borderOptions":{"_class":"borderOptions","dashPattern":[],"isEnabled":true,"lineCapStyle":0,"lineJoinStyle":0},"borders":[],"colorControls":{"_class":"colorControls","brightness":0,"contrast":1,"hue":0,"isEnabled":true,"saturation":1},"contextSettings":{"_class":"graphicsContextSettings","blendMode":0,"opacity":1},"do_objectID":"89DF1FAA-4893-42C1-96D9-3271726154E0","endMarkerType":0,"fills":[],"innerShadows":[],"miterLimit":10,"shadows":[],"startMarkerType":0,"textStyle":{"_class":"textStyle","encodedAttributes":{"MSAttributedStringColorAttribute":{"_class":"color","alpha":1,"blue":0.1764705882352941,"green":0.1803921568627451,"red":0.1803921568627451},"MSAttributedStringFontAttribute":{"_class":"fontDescriptor","attributes":{"name":"AppleColorEmoji","size":36}},"paragraphStyle":{"_class":"paragraphStyle","alignment":0,"maximumLineHeight":48,"minimumLineHeight":48},"textStyleVerticalAlignmentKey":1},"verticalAlignment":1},"windingRule":1},"textBehaviour":0,"userInfo":{"com.animaapp.stc-sketch-plugin":{"kModelPropertiesKey":{"isAutoWidth":1}}}}],"name":"Group","nameIsFixed":false,"resizingConstraint":63,"resizingType":0,"rotation":0,"shouldBreakMaskChain":false,"style":{"_class":"style","blur":{"_class":"blur","center":"{0.5, 0.5}","isEnabled":false,"motionAngle":0,"radius":10,"saturation":1,"type":0},"borderOptions":{"_class":"borderOptions","dashPattern":[],"isEnabled":true,"lineCapStyle":0,"lineJoinStyle":0},"borders":[],"colorControls":{"_class":"colorControls","brightness":0,"contrast":1,"hue":0,"isEnabled":true,"saturation":1},"contextSettings":{"_class":"graphicsContextSettings","blendMode":0,"opacity":1},"do_objectID":"F25A005F-C240-4F8D-B958-4B85BBC2599A","endMarkerType":0,"fills":[],"innerShadows":[],"miterLimit":10,"shadows":[],"startMarkerType":0,"windingRule":1}}],"name":"Group 2","nameIsFixed":false,"resizingConstraint":63,"resizingType":0,"rotation":0,"shouldBreakMaskChain":false,"style":{"_class":"style","blur":{"_class":"blur","center":"{0.5, 0.5}","isEnabled":false,"motionAngle":0,"radius":10,"saturation":1,"type":0},"borderOptions":{"_class":"borderOptions","dashPattern":[],"isEnabled":true,"lineCapStyle":0,"lineJoinStyle":0},"borders":[],"colorControls":{"_class":"colorControls","brightness":0,"contrast":1,"hue":0,"isEnabled":true,"saturation":1},"contextSettings":{"_class":"graphicsContextSettings","blendMode":0,"opacity":1},"do_objectID":"17ACC416-7E50-40E6-91A0-A9D3F2F63973","endMarkerType":0,"fills":[],"innerShadows":[],"miterLimit":10,"shadows":[],"startMarkerType":0,"windingRule":1}},{"_class":"group","booleanOperation":-1,"clippingMaskMode":0,"do_objectID":"06B95C6F-A3C2-4968-AC6E-54013F9D81A5","frame":{"_class":"rect","constrainProportions":false,"height":2,"width":513,"x":0,"y":193},"groupLayout":{"_class":"MSImmutableFreeformGroupLayout"},"hasClickThrough":false,"hasClippingMask":false,"isFixedToViewport":false,"isFlippedHorizontal":false,"isFlippedVertical":false,"isLocked":false,"isVisible":true,"layers":[{"_class":"rectangle","booleanOperation":-1,"clippingMaskMode":0,"do_objectID":"FE01D279-A59E-4182-9B4B-DB71D8B08C17","edited":false,"fixedRadius":0,"frame":{"_class":"rect","constrainProportions":false,"height":2,"width":513,"x":0,"y":0},"hasClippingMask":true,"hasConvertedToNewRoundCorners":true,"isClosed":true,"isFixedToViewport":false,"isFlippedHorizontal":false,"isFlippedVertical":false,"isLocked":false,"isVisible":true,"name":"🎨 Divider Color","nameIsFixed":true,"needsConvertionToNewRoundCorners":false,"pointRadiusBehaviour":1,"points":[{"_class":"curvePoint","cornerRadius":0,"curveFrom":"{0, 0}","curveMode":1,"curveTo":"{0, 0}","hasCurveFrom":false,"hasCurveTo":false,"point":"{0, 0}"},{"_class":"curvePoint","cornerRadius":0,"curveFrom":"{1, 0}","curveMode":1,"curveTo":"{1, 0}","hasCurveFrom":false,"hasCurveTo":false,"point":"{1, 0}"},{"_class":"curvePoint","cornerRadius":0,"curveFrom":"{1, 1}","curveMode":1,"curveTo":"{1, 1}","hasCurveFrom":false,"hasCurveTo":false,"point":"{1, 1}"},{"_class":"curvePoint","cornerRadius":0,"curveFrom":"{0, 1}","curveMode":1,"curveTo":"{0, 1}","hasCurveFrom":false,"hasCurveTo":false,"point":"{0, 1}"}],"resizingConstraint":15,"resizingType":0,"rotation":0,"shouldBreakMaskChain":false,"style":{"_class":"style","blur":{"_class":"blur","center":"{0.5, 0.5}","isEnabled":false,"motionAngle":0,"radius":10,"saturation":1,"type":0},"borderOptions":{"_class":"borderOptions","dashPattern":[],"isEnabled":true,"lineCapStyle":0,"lineJoinStyle":0},"borders":[{"_class":"border","color":{"_class":"color","alpha":1,"blue":0.592,"green":0.592,"red":0.592},"contextSettings":{"_class":"graphicsContextSettings","blendMode":0,"opacity":1},"fillType":0,"gradient":{"_class":"gradient","elipseLength":0,"from":"{0.5, 0}","gradientType":0,"stops":[{"_class":"gradientStop","color":{"_class":"color","alpha":1,"blue":1,"green":1,"red":1},"position":0},{"_class":"gradientStop","color":{"_class":"color","alpha":1,"blue":0,"green":0,"red":0},"position":1}],"to":"{0.5, 1}"},"isEnabled":false,"position":1,"thickness":1}],"colorControls":{"_class":"colorControls","brightness":0,"contrast":1,"hue":0,"isEnabled":true,"saturation":1},"contextSettings":{"_class":"graphicsContextSettings","blendMode":0,"opacity":1},"do_objectID":"09CB663F-5178-4B1E-8134-F71ABEEA9AD7","endMarkerType":0,"fills":[{"_class":"fill","color":{"_class":"color","alpha":1,"blue":0.9529411764705882,"green":0.9568627450980391,"red":0.9568627450980391},"contextSettings":{"_class":"graphicsContextSettings","blendMode":0,"opacity":1},"fillType":0,"gradient":{"_class":"gradient","elipseLength":0,"from":"{0.5, 0}","gradientType":0,"stops":[{"_class":"gradientStop","color":{"_class":"color","alpha":1,"blue":1,"green":1,"red":1},"position":0},{"_class":"gradientStop","color":{"_class":"color","alpha":1,"blue":0,"green":0,"red":0},"position":1}],"to":"{0.5, 1}"},"isEnabled":true,"noiseIndex":0,"noiseIntensity":0,"patternFillType":1,"patternTileScale":1}],"innerShadows":[],"miterLimit":10,"shadows":[],"startMarkerType":0,"windingRule":1},"userInfo":{"com.animaapp.stc-sketch-plugin":{"kModelPropertiesKey":{}}}}],"name":"20) Divider/ ━ 2px","nameIsFixed":false,"resizingConstraint":63,"resizingType":0,"rotation":0,"shouldBreakMaskChain":false,"style":{"_class":"style","blur":{"_class":"blur","center":"{0.5, 0.5}","isEnabled":false,"motionAngle":0,"radius":10,"saturation":1,"type":0},"borderOptions":{"_class":"borderOptions","dashPattern":[],"isEnabled":true,"lineCapStyle":0,"lineJoinStyle":0},"borders":[],"colorControls":{"_class":"colorControls","brightness":0,"contrast":1,"hue":0,"isEnabled":true,"saturation":1},"contextSettings":{"_class":"graphicsContextSettings","blendMode":0,"opacity":1},"do_objectID":"9D75C2FF-BE76-4607-87EE-9F36F42444AA","endMarkerType":0,"fills":[],"innerShadows":[],"miterLimit":10,"shadows":[],"startMarkerType":0,"windingRule":1},"userInfo":{"com.bohemiancoding.sketchtool.detach":{"symbolInstance":{"do_objectID":"2D7C07DB-3117-4D18-A61E-18B459D799B7","frame":{"_class":"rect","constrainProportions":false,"height":1,"width":513,"x":0,"y":193}},"symbolMaster":{"do_objectID":"C8571338-3297-4E66-8428-198BD426F589","symbolID":"B5C99A05-C172-4688-8B17-1A02D0176BB0"}},"com.sketch.detach":{"symbolInstance":{"do_objectID":"2D7C07DB-3117-4D18-A61E-18B459D799B7","frame":{"_class":"rect","constrainProportions":false,"height":1,"width":513,"x":0,"y":193}},"symbolMaster":{"do_objectID":"C8571338-3297-4E66-8428-198BD426F589","symbolID":"B5C99A05-C172-4688-8B17-1A02D0176BB0"}}}},{"_class":"rectangle","booleanOperation":-1,"clippingMaskMode":0,"do_objectID":"0CC038C7-AB2C-4BDE-B0AC-DF4842C83130","edited":false,"fixedRadius":1,"frame":{"_class":"rect","constrainProportions":false,"height":4,"width":123,"x":320,"y":380},"hasClippingMask":false,"hasConvertedToNewRoundCorners":true,"isClosed":true,"isFixedToViewport":false,"isFlippedHorizontal":false,"isFlippedVertical":false,"isLocked":false,"isVisible":false,"name":"Selector","nameIsFixed":true,"needsConvertionToNewRoundCorners":false,"pointRadiusBehaviour":1,"points":[{"_class":"curvePoint","cornerRadius":1,"curveFrom":"{0, 0}","curveMode":1,"curveTo":"{0, 0}","hasCurveFrom":false,"hasCurveTo":false,"point":"{0, 0}"},{"_class":"curvePoint","cornerRadius":1,"curveFrom":"{1, 0}","curveMode":1,"curveTo":"{1, 0}","hasCurveFrom":false,"hasCurveTo":false,"point":"{1, 0}"},{"_class":"curvePoint","cornerRadius":1,"curveFrom":"{1, 1}","curveMode":1,"curveTo":"{1, 1}","hasCurveFrom":false,"hasCurveTo":false,"point":"{1, 1}"},{"_class":"curvePoint","cornerRadius":1,"curveFrom":"{0, 1}","curveMode":1,"curveTo":"{0, 1}","hasCurveFrom":false,"hasCurveTo":false,"point":"{0, 1}"}],"resizingConstraint":34,"resizingType":0,"rotation":0,"shouldBreakMaskChain":false,"style":{"_class":"style","blur":{"_class":"blur","center":"{0.5, 0.5}","isEnabled":false,"motionAngle":0,"radius":10,"saturation":1,"type":0},"borderOptions":{"_class":"borderOptions","dashPattern":[],"isEnabled":true,"lineCapStyle":0,"lineJoinStyle":0},"borders":[],"colorControls":{"_class":"colorControls","brightness":0,"contrast":1,"hue":0,"isEnabled":true,"saturation":1},"contextSettings":{"_class":"graphicsContextSettings","blendMode":0,"opacity":0.1599999964237213},"do_objectID":"A15981C8-1709-460B-BB21-F65EED127399","endMarkerType":0,"fills":[{"_class":"fill","color":{"_class":"color","alpha":1,"blue":0.7019607843137254,"green":0.6078431372549019,"red":0.5607843137254902},"contextSettings":{"_class":"graphicsContextSettings","blendMode":0,"opacity":1},"fillType":0,"gradient":{"_class":"gradient","elipseLength":1,"from":"{0, 0}","gradientType":0,"stops":[{"_class":"gradientStop","color":{"_class":"color","alpha":1,"blue":0.6812630891799927,"green":0.1368522942066193,"red":0.1894279420375824},"position":0},{"_class":"gradientStop","color":{"_class":"color","alpha":1,"blue":0.8446085453033447,"green":0.4293425381183624,"red":0.7855268716812134},"position":1}],"to":"{1.0199999809265137, 1.0099999904632568}"},"isEnabled":true,"noiseIndex":0,"noiseIntensity":0,"patternFillType":1,"patternTileScale":1}],"innerShadows":[],"miterLimit":10,"shadows":[],"startMarkerType":0,"windingRule":1},"userInfo":{"com.animaapp.stc-sketch-plugin":{"kModelPropertiesKey":{}}}},{"_class":"symbolInstance","booleanOperation":-1,"clippingMaskMode":0,"do_objectID":"D1178E3D-966A-48F4-B84A-97F8F6C05872","frame":{"_class":"rect","constrainProportions":false,"height":16,"width":16,"x":50,"y":299},"hasClippingMask":false,"horizontalSpacing":0,"isFixedToViewport":false,"isFlippedHorizontal":false,"isFlippedVertical":false,"isLocked":false,"isVisible":true,"name":"10)Badge/Badge-Single-Number","nameIsFixed":false,"overrideValues":[],"resizingConstraint":63,"resizingType":0,"rotation":0,"scale":1,"shouldBreakMaskChain":false,"style":{"_class":"style","blur":{"_class":"blur","center":"{0.5, 0.5}","isEnabled":false,"motionAngle":0,"radius":10,"saturation":1,"type":0},"borderOptions":{"_class":"borderOptions","dashPattern":[],"isEnabled":true,"lineCapStyle":0,"lineJoinStyle":0},"borders":[],"colorControls":{"_class":"colorControls","brightness":0,"contrast":1,"hue":0,"isEnabled":false,"saturation":1},"contextSettings":{"_class":"graphicsContextSettings","blendMode":0,"opacity":1},"do_objectID":"A5D1A538-7E97-44C7-B977-C20E85BE8689","endMarkerType":0,"fills":[],"innerShadows":[],"miterLimit":10,"shadows":[],"startMarkerType":0,"windingRule":1},"symbolID":"F708A40D-F9C5-4133-9142-5412DF902770","verticalSpacing":0},{"_class":"symbolInstance","booleanOperation":-1,"clippingMaskMode":0,"do_objectID":"F80C46CC-2173-49EB-A06C-149DF0978719","frame":{"_class":"rect","constrainProportions":false,"height":16,"width":35,"x":82,"y":299},"hasClippingMask":false,"horizontalSpacing":0,"isFixedToViewport":false,"isFlippedHorizontal":false,"isFlippedVertical":false,"isLocked":false,"isVisible":true,"name":"10)Badge/Badge-Single-long-number","nameIsFixed":false,"overrideValues":[{"_class":"overrideValue","overrideName":"F65080B8-E871-491D-8D67-6AF497386554/F629EAF5-B39F-43E3-97D1-AD9115C40057_stringValue","value":"10"}],"resizingConstraint":63,"resizingType":0,"rotation":0,"scale":1,"shouldBreakMaskChain":false,"style":{"_class":"style","blur":{"_class":"blur","center":"{0.5, 0.5}","isEnabled":false,"motionAngle":0,"radius":10,"saturation":1,"type":0},"borderOptions":{"_class":"borderOptions","dashPattern":[],"isEnabled":true,"lineCapStyle":0,"lineJoinStyle":0},"borders":[],"colorControls":{"_class":"colorControls","brightness":0,"contrast":1,"hue":0,"isEnabled":false,"saturation":1},"contextSettings":{"_class":"graphicsContextSettings","blendMode":0,"opacity":1},"do_objectID":"5100505A-F854-46D7-A18D-E19691BE07DF","endMarkerType":0,"fills":[],"innerShadows":[],"miterLimit":10,"shadows":[],"startMarkerType":0,"windingRule":1},"symbolID":"053050BA-B471-4DB6-A86B-8823C1198E74","verticalSpacing":0},{"_class":"symbolInstance","booleanOperation":-1,"clippingMaskMode":0,"do_objectID":"5B8A6720-1138-48CC-A61A-22768ECA7010","frame":{"_class":"rect","constrainProportions":false,"height":16,"width":35,"x":133,"y":299},"hasClippingMask":false,"horizontalSpacing":0,"isFixedToViewport":false,"isFlippedHorizontal":false,"isFlippedVertical":false,"isLocked":false,"isVisible":true,"name":"10)Badge/Badge-Single-long-number","nameIsFixed":false,"overrideValues":[],"resizingConstraint":63,"resizingType":0,"rotation":0,"scale":1,"shouldBreakMaskChain":false,"style":{"_class":"style","blur":{"_class":"blur","center":"{0.5, 0.5}","isEnabled":false,"motionAngle":0,"radius":10,"saturation":1,"type":0},"borderOptions":{"_class":"borderOptions","dashPattern":[],"isEnabled":true,"lineCapStyle":0,"lineJoinStyle":0},"borders":[],"colorControls":{"_class":"colorControls","brightness":0,"contrast":1,"hue":0,"isEnabled":false,"saturation":1},"contextSettings":{"_class":"graphicsContextSettings","blendMode":0,"opacity":1},"do_objectID":"6AD4293B-314A-411F-A189-2017F7C69E36","endMarkerType":0,"fills":[],"innerShadows":[],"miterLimit":10,"shadows":[],"startMarkerType":0,"windingRule":1},"symbolID":"053050BA-B471-4DB6-A86B-8823C1198E74","verticalSpacing":0},{"_class":"symbolInstance","booleanOperation":-1,"clippingMaskMode":0,"do_objectID":"D36D4FDD-D691-491B-AB56-0BA613D18C87","frame":{"_class":"rect","constrainProportions":false,"height":16,"width":35,"x":184,"y":299},"hasClippingMask":false,"horizontalSpacing":0,"isFixedToViewport":false,"isFlippedHorizontal":false,"isFlippedVertical":false,"isLocked":false,"isVisible":true,"name":"10)Badge/Badge-Single-long-number Copy","nameIsFixed":false,"overrideValues":[{"_class":"overrideValue","overrideName":"F65080B8-E871-491D-8D67-6AF497386554/F629EAF5-B39F-43E3-97D1-AD9115C40057_stringValue","value":"1000"}],"resizingConstraint":63,"resizingType":0,"rotation":0,"scale":1,"shouldBreakMaskChain":false,"style":{"_class":"style","blur":{"_class":"blur","center":"{0.5, 0.5}","isEnabled":false,"motionAngle":0,"radius":10,"saturation":1,"type":0},"borderOptions":{"_class":"borderOptions","dashPattern":[],"isEnabled":true,"lineCapStyle":0,"lineJoinStyle":0},"borders":[],"colorControls":{"_class":"colorControls","brightness":0,"contrast":1,"hue":0,"isEnabled":false,"saturation":1},"contextSettings":{"_class":"graphicsContextSettings","blendMode":0,"opacity":1},"do_objectID":"1573E01B-EF68-4DE2-AF51-30B26EF273ED","endMarkerType":0,"fills":[],"innerShadows":[],"miterLimit":10,"shadows":[],"startMarkerType":0,"windingRule":1},"symbolID":"053050BA-B471-4DB6-A86B-8823C1198E74","verticalSpacing":0},{"_class":"group","booleanOperation":-1,"clippingMaskMode":0,"do_objectID":"958EC1D6-E58A-4B7E-8B23-4F635941E8F4","frame":{"_class":"rect","constrainProportions":false,"height":48,"width":1708,"x":0,"y":195},"groupLayout":{"_class":"MSImmutableFreeformGroupLayout"},"hasClickThrough":false,"hasClippingMask":false,"isFixedToViewport":false,"isFlippedHorizontal":false,"isFlippedVertical":false,"isLocked":false,"isVisible":true,"layers":[{"_class":"rectangle","booleanOperation":-1,"clippingMaskMode":0,"do_objectID":"50EABD7A-1DC9-4769-8213-2EC83907263E","edited":false,"fixedRadius":0,"frame":{"_class":"rect","constrainProportions":false,"height":48,"width":1708,"x":0,"y":0},"hasClippingMask":false,"hasConvertedToNewRoundCorners":true,"isClosed":true,"isFixedToViewport":false,"isFlippedHorizontal":false,"isFlippedVertical":false,"isLocked":false,"isVisible":true,"name":"Rectangle Copy 2","nameIsFixed":false,"needsConvertionToNewRoundCorners":false,"pointRadiusBehaviour":1,"points":[{"_class":"curvePoint","cornerRadius":0,"curveFrom":"{0, 0}","curveMode":1,"curveTo":"{0, 0}","hasCurveFrom":false,"hasCurveTo":false,"point":"{0, 0}"},{"_class":"curvePoint","cornerRadius":0,"curveFrom":"{1, 0}","curveMode":1,"curveTo":"{1, 0}","hasCurveFrom":false,"hasCurveTo":false,"point":"{1, 0}"},{"_class":"curvePoint","cornerRadius":0,"curveFrom":"{1, 1}","curveMode":1,"curveTo":"{1, 1}","hasCurveFrom":false,"hasCurveTo":false,"point":"{1, 1}"},{"_class":"curvePoint","cornerRadius":0,"curveFrom":"{0, 1}","curveMode":1,"curveTo":"{0, 1}","hasCurveFrom":false,"hasCurveTo":false,"point":"{0, 1}"}],"resizingConstraint":63,"resizingType":0,"rotation":0,"sharedStyleID":"FF79DF52-402D-4A5D-8412-7222F0EB2E86","shouldBreakMaskChain":false,"style":{"_class":"style","blur":{"_class":"blur","center":"{0.5, 0.5}","isEnabled":false,"motionAngle":0,"radius":10,"saturation":1,"type":0},"borderOptions":{"_class":"borderOptions","dashPattern":[],"isEnabled":true,"lineCapStyle":0,"lineJoinStyle":0},"borders":[{"_class":"border","color":{"_class":"color","alpha":1,"blue":0.9686274509803922,"green":0.9450980392156862,"red":0.9294117647058824},"contextSettings":{"_class":"graphicsContextSettings","blendMode":0,"opacity":1},"fillType":0,"gradient":{"_class":"gradient","elipseLength":0,"from":"{0.5, 0}","gradientType":0,"stops":[{"_class":"gradientStop","color":{"_class":"color","alpha":1,"blue":1,"green":1,"red":1},"position":0},{"_class":"gradientStop","color":{"_class":"color","alpha":1,"blue":0,"green":0,"red":0},"position":1}],"to":"{0.5, 1}"},"isEnabled":false,"position":1,"thickness":1}],"colorControls":{"_class":"colorControls","brightness":0,"contrast":1,"hue":0,"isEnabled":true,"saturation":1},"contextSettings":{"_class":"graphicsContextSettings","blendMode":0,"opacity":1},"do_objectID":"D46D5D05-7518-4044-8206-FDAC9D57197F","endMarkerType":0,"fills":[{"_class":"fill","color":{"_class":"color","alpha":1,"blue":0.9882352941176471,"green":0.9764705882352941,"red":0.9686274509803922},"contextSettings":{"_class":"graphicsContextSettings","blendMode":0,"opacity":1},"fillType":0,"gradient":{"_class":"gradient","elipseLength":0,"from":"{0.5, 0}","gradientType":0,"stops":[{"_class":"gradientStop","color":{"_class":"color","alpha":1,"blue":1,"green":1,"red":1},"position":0},{"_class":"gradientStop","color":{"_class":"color","alpha":1,"blue":0,"green":0,"red":0},"position":1}],"to":"{0.5, 1}"},"isEnabled":true,"noiseIndex":0,"noiseIntensity":0,"patternFillType":1,"patternTileScale":1}],"innerShadows":[],"miterLimit":10,"shadows":[],"startMarkerType":0,"windingRule":0}},{"_class":"text","attributedString":{"_class":"attributedString","attributes":[{"_class":"stringAttribute","attributes":{"MSAttributedStringColorAttribute":{"_class":"color","alpha":1,"blue":0.1764705882352941,"green":0.1803921568627451,"red":0.1803921568627451},"MSAttributedStringFontAttribute":{"_class":"fontDescriptor","attributes":{"name":"OpenSans-Bold","size":16}},"paragraphStyle":{"_class":"paragraphStyle","alignment":0,"maximumLineHeight":48,"minimumLineHeight":48},"textStyleVerticalAlignmentKey":1},"length":5,"location":0}],"string":"Types"},"automaticallyDrawOnUnderlyingPath":false,"booleanOperation":-1,"clippingMaskMode":0,"do_objectID":"8B549ACC-6B93-402E-A18A-837E3C121EFF","dontSynchroniseWithSymbol":false,"frame":{"_class":"rect","constrainProportions":false,"height":20,"width":68,"x":40,"y":14},"glyphBounds":"{{0, 18}, {46, 16}}","hasClippingMask":false,"isFixedToViewport":false,"isFlippedHorizontal":false,"isFlippedVertical":false,"isLocked":false,"isVisible":true,"lineSpacingBehaviour":3,"name":"✏️ Text Copy 11","nameIsFixed":true,"resizingConstraint":63,"resizingType":0,"rotation":0,"sharedStyleID":"848C078C-9EBC-43EC-A2F8-F70C6BCDD11B","shouldBreakMaskChain":false,"style":{"_class":"style","blur":{"_class":"blur","center":"{0.5, 0.5}","isEnabled":false,"motionAngle":0,"radius":10,"saturation":1,"type":0},"borderOptions":{"_class":"borderOptions","dashPattern":[],"isEnabled":true,"lineCapStyle":0,"lineJoinStyle":0},"borders":[],"colorControls":{"_class":"colorControls","brightness":0,"contrast":1,"hue":0,"isEnabled":true,"saturation":1},"contextSettings":{"_class":"graphicsContextSettings","blendMode":0,"opacity":1},"do_objectID":"4D10E5AD-355A-4B9C-8F2D-E1ACDD754BE0","endMarkerType":0,"fills":[],"innerShadows":[],"miterLimit":10,"shadows":[],"startMarkerType":0,"textStyle":{"_class":"textStyle","encodedAttributes":{"MSAttributedStringColorAttribute":{"_class":"color","alpha":1,"blue":0.1764705882352941,"green":0.1803921568627451,"red":0.1803921568627451},"MSAttributedStringFontAttribute":{"_class":"fontDescriptor","attributes":{"name":"OpenSans-Bold","size":16}},"paragraphStyle":{"_class":"paragraphStyle","alignment":0,"maximumLineHeight":48,"minimumLineHeight":48},"textStyleVerticalAlignmentKey":1},"verticalAlignment":1},"windingRule":1},"textBehaviour":2}],"name":"Group 3","nameIsFixed":false,"resizingConstraint":63,"resizingType":0,"rotation":0,"shouldBreakMaskChain":false,"style":{"_class":"style","blur":{"_class":"blur","center":"{0.5, 0.5}","isEnabled":false,"motionAngle":0,"radius":10,"saturation":1,"type":0},"borderOptions":{"_class":"borderOptions","dashPattern":[],"isEnabled":true,"lineCapStyle":0,"lineJoinStyle":0},"borders":[],"colorControls":{"_class":"colorControls","brightness":0,"contrast":1,"hue":0,"isEnabled":false,"saturation":1},"contextSettings":{"_class":"graphicsContextSettings","blendMode":0,"opacity":1},"do_objectID":"6C9A3CDD-5C86-4300-A53A-DE59776B022B","endMarkerType":0,"fills":[],"innerShadows":[],"miterLimit":10,"shadows":[],"startMarkerType":0,"windingRule":1}}],"name":"Badge - component","nameIsFixed":false,"presetDictionary":{},"resizesContent":false,"resizingConstraint":63,"resizingType":0,"rotation":0,"shouldBreakMaskChain":true,"userInfo":{"io.magicsketch.mirror":{"highestQuality":-1}},"verticalRulerData":{"_class":"rulerData","base":0,"guides":[459,507,367]}}],"name":"Badge Control","nameIsFixed":false,"resizingConstraint":63,"resizingType":0,"rotation":0,"scrollOrigin":"{261, 818}","shouldBreakMaskChain":false,"userInfo":{"com.animaapp.stc-sketch-plugin":{"com.animaapp.uses.anima":1}},"verticalRulerData":{"_class":"rulerData","base":-494,"guides":[]},"zoomValue":1}