{"_class":"page","booleanOperation":-1,"clippingMaskMode":0,"do_objectID":"DD0B546A-E9E9-4A64-B713-73BFDBBEEE5C","groupLayout":{"_class":"MSImmutableFreeformGroupLayout"},"hasClickThrough":false,"hasClippingMask":false,"horizontalRulerData":{"_class":"rulerData","base":-543,"guides":[]},"includeInCloudUpload":true,"isFixedToViewport":false,"isFlippedHorizontal":false,"isFlippedVertical":false,"isLocked":false,"isVisible":true,"layerListExpandedType":0,"layers":[{"_class":"artboard","backgroundColor":{"_class":"color","alpha":1,"blue":1,"green":1,"red":1},"booleanOperation":-1,"clippingMaskMode":0,"do_objectID":"2B4094CE-538A-4637-8AE6-A82C15522D96","frame":{"_class":"rect","constrainProportions":false,"height":355,"width":317,"x":-216,"y":682},"groupLayout":{"_class":"MSImmutableFreeformGroupLayout"},"hasBackgroundColor":false,"hasClickThrough":false,"hasClippingMask":false,"horizontalRulerData":{"_class":"rulerData","base":0,"guides":[80,205]},"includeBackgroundColorInExport":true,"includeInCloudUpload":true,"isFixedToViewport":false,"isFlippedHorizontal":false,"isFlippedVertical":false,"isFlowHome":false,"isLocked":false,"isVisible":true,"layerListExpandedType":0,"layers":[{"_class":"group","booleanOperation":-1,"clippingMaskMode":0,"do_objectID":"A72ABAB2-E3FB-4826-935A-D2D20B402820","frame":{"_class":"rect","constrainProportions":false,"height":195,"width":345,"x":-28,"y":0},"groupLayout":{"_class":"MSImmutableFreeformGroupLayout"},"hasClickThrough":false,"hasClippingMask":false,"isFixedToViewport":false,"isFlippedHorizontal":false,"isFlippedVertical":false,"isLocked":false,"isVisible":true,"layers":[{"_class":"rectangle","booleanOperation":-1,"clippingMaskMode":0,"do_objectID":"ABF350FB-C67A-42BD-9CBC-7675533E5EF7","edited":false,"fixedRadius":0,"frame":{"_class":"rect","constrainProportions":false,"height":195,"width":317,"x":28,"y":0},"hasClippingMask":false,"hasConvertedToNewRoundCorners":true,"isClosed":true,"isFixedToViewport":false,"isFlippedHorizontal":false,"isFlippedVertical":false,"isLocked":false,"isVisible":true,"name":"Rectangle","nameIsFixed":false,"needsConvertionToNewRoundCorners":false,"pointRadiusBehaviour":1,"points":[{"_class":"curvePoint","cornerRadius":0,"curveFrom":"{0, 0}","curveMode":1,"curveTo":"{0, 0}","hasCurveFrom":false,"hasCurveTo":false,"point":"{0, 0}"},{"_class":"curvePoint","cornerRadius":0,"curveFrom":"{1, 0}","curveMode":1,"curveTo":"{1, 0}","hasCurveFrom":false,"hasCurveTo":false,"point":"{1, 0}"},{"_class":"curvePoint","cornerRadius":0,"curveFrom":"{1, 1}","curveMode":1,"curveTo":"{1, 1}","hasCurveFrom":false,"hasCurveTo":false,"point":"{1, 1}"},{"_class":"curvePoint","cornerRadius":0,"curveFrom":"{0, 1}","curveMode":1,"curveTo":"{0, 1}","hasCurveFrom":false,"hasCurveTo":false,"point":"{0, 1}"}],"resizingConstraint":63,"resizingType":0,"rotation":0,"sharedStyleID":"FF79DF52-402D-4A5D-8412-7222F0EB2E86","shouldBreakMaskChain":false,"style":{"_class":"style","blur":{"_class":"blur","center":"{0.5, 0.5}","isEnabled":false,"motionAngle":0,"radius":10,"saturation":1,"type":0},"borderOptions":{"_class":"borderOptions","dashPattern":[],"isEnabled":true,"lineCapStyle":0,"lineJoinStyle":0},"borders":[{"_class":"border","color":{"_class":"color","alpha":1,"blue":0.9686274509803922,"green":0.9450980392156862,"red":0.9294117647058824},"contextSettings":{"_class":"graphicsContextSettings","blendMode":0,"opacity":1},"fillType":0,"gradient":{"_class":"gradient","elipseLength":0,"from":"{0.5, 0}","gradientType":0,"stops":[{"_class":"gradientStop","color":{"_class":"color","alpha":1,"blue":1,"green":1,"red":1},"position":0},{"_class":"gradientStop","color":{"_class":"color","alpha":1,"blue":0,"green":0,"red":0},"position":1}],"to":"{0.5, 1}"},"isEnabled":false,"position":1,"thickness":1}],"colorControls":{"_class":"colorControls","brightness":0,"contrast":1,"hue":0,"isEnabled":true,"saturation":1},"contextSettings":{"_class":"graphicsContextSettings","blendMode":0,"opacity":1},"do_objectID":"928196BA-4C42-45A5-A059-4459CEF7F41B","endMarkerType":0,"fills":[{"_class":"fill","color":{"_class":"color","alpha":1,"blue":0.9882352941176471,"green":0.9764705882352941,"red":0.9686274509803922},"contextSettings":{"_class":"graphicsContextSettings","blendMode":0,"opacity":1},"fillType":0,"gradient":{"_class":"gradient","elipseLength":0,"from":"{0.5, 0}","gradientType":0,"stops":[{"_class":"gradientStop","color":{"_class":"color","alpha":1,"blue":1,"green":1,"red":1},"position":0},{"_class":"gradientStop","color":{"_class":"color","alpha":1,"blue":0,"green":0,"red":0},"position":1}],"to":"{0.5, 1}"},"isEnabled":true,"noiseIndex":0,"noiseIntensity":0,"patternFillType":1,"patternTileScale":1}],"innerShadows":[],"miterLimit":10,"shadows":[],"startMarkerType":0,"windingRule":0}},{"_class":"shapeGroup","booleanOperation":-1,"clippingMaskMode":0,"do_objectID":"FA1BE155-6D37-494D-83B1-37485BAB1A45","frame":{"_class":"rect","constrainProportions":true,"height":160,"width":112,"x":0,"y":15},"groupLayout":{"_class":"MSImmutableFreeformGroupLayout"},"hasClickThrough":false,"hasClippingMask":false,"isFixedToViewport":false,"isFlippedHorizontal":false,"isFlippedVertical":false,"isLocked":false,"isVisible":true,"layers":[{"_class":"shapePath","booleanOperation":-1,"clippingMaskMode":0,"do_objectID":"FCA5503F-61D3-4B23-97BB-4E878E3812A8","edited":true,"frame":{"_class":"rect","constrainProportions":false,"height":160,"width":112,"x":0,"y":0},"hasClippingMask":false,"isClosed":true,"isFixedToViewport":false,"isFlippedHorizontal":false,"isFlippedVertical":false,"isLocked":false,"isVisible":true,"name":"Path","nameIsFixed":false,"pointRadiusBehaviour":1,"points":[{"_class":"curvePoint","cornerRadius":0,"curveFrom":"{0.66919191919191912, 1}","curveMode":2,"curveTo":"{0.33459595959595961, 1}","hasCurveFrom":true,"hasCurveTo":true,"point":"{0.5, 1}"},{"_class":"curvePoint","cornerRadius":0,"curveFrom":"{0.95896464646464652, 0.7998447549345753}","curveMode":2,"curveTo":"{0.79482323232323226, 0.95996895098691515}","hasCurveFrom":true,"hasCurveTo":true,"point":"{0.87689393939393945, 0.87990685296074522}"},{"_class":"curvePoint","cornerRadius":0,"curveFrom":"{1, 0.33532934131736525}","curveMode":2,"curveTo":"{1, 0.67376358394322455}","hasCurveFrom":true,"hasCurveTo":true,"point":"{1, 0.50166333998669332}"},{"_class":"curvePoint","cornerRadius":0,"curveFrom":"{0.78929924242424243, 0.042027056997116882}","curveMode":2,"curveTo":"{0.95785984848484851, 0.21013528498558437}","hasCurveFrom":true,"hasCurveTo":true,"point":"{0.87357954545454541, 0.12608117099135063}"},{"_class":"curvePoint","cornerRadius":0,"curveFrom":"{0.33080808080808083, 0}","curveMode":2,"curveTo":"{0.66477272727272729, 0}","hasCurveFrom":true,"hasCurveTo":true,"point":"{0.5, 0}"},{"_class":"curvePoint","cornerRadius":0,"curveFrom":"{0.041035353535353543, 0.20181858505211797}","curveMode":2,"curveTo":"{0.20517676767676765, 0.040363717010423607}","hasCurveFrom":true,"hasCurveTo":true,"point":"{0.12310606060606061, 0.12109115103127079}"},{"_class":"curvePoint","cornerRadius":0,"curveFrom":"{0, 0.66666666666666663}","curveMode":2,"curveTo":"{0, 0.32867598137059217}","hasCurveFrom":true,"hasCurveTo":true,"point":"{0, 0.50166333998669332}"},{"_class":"curvePoint","cornerRadius":0,"curveFrom":"{0.20991161616161613, 0.95819472166777553}","curveMode":2,"curveTo":"{0.041982323232323239, 0.79097360833887775}","hasCurveFrom":true,"hasCurveTo":true,"point":"{0.1259469696969697, 0.8745841650033267}"}],"resizingConstraint":63,"resizingType":0,"rotation":0,"shouldBreakMaskChain":false,"style":{"_class":"style","blur":{"_class":"blur","center":"{0.5, 0.5}","isEnabled":false,"motionAngle":0,"radius":10,"saturation":1,"type":0},"borderOptions":{"_class":"borderOptions","dashPattern":[],"isEnabled":true,"lineCapStyle":0,"lineJoinStyle":0},"borders":[],"colorControls":{"_class":"colorControls","brightness":0,"contrast":1,"hue":0,"isEnabled":false,"saturation":1},"contextSettings":{"_class":"graphicsContextSettings","blendMode":0,"opacity":1},"do_objectID":"394F45DF-25CF-4C74-84EE-F8BE7B942645","endMarkerType":0,"fills":[],"innerShadows":[],"miterLimit":10,"shadows":[],"startMarkerType":0,"windingRule":1}},{"_class":"shapePath","booleanOperation":-1,"clippingMaskMode":0,"do_objectID":"8917DCFA-F62A-4293-B73C-0C1394C107DB","edited":true,"frame":{"_class":"rect","constrainProportions":false,"height":93,"width":29,"x":42,"y":34},"hasClippingMask":false,"isClosed":true,"isFixedToViewport":false,"isFlippedHorizontal":false,"isFlippedVertical":false,"isLocked":false,"isVisible":true,"name":"Path","nameIsFixed":false,"pointRadiusBehaviour":1,"points":[{"_class":"curvePoint","cornerRadius":0,"curveFrom":"{0.3197530864197532, 1}","curveMode":2,"curveTo":"{0.68271604938271613, 1}","hasCurveFrom":true,"hasCurveTo":true,"point":"{0.5, 1}"},{"_class":"curvePoint","cornerRadius":0,"curveFrom":"{0.038271604938271697, 0.82224770642201839}","curveMode":2,"curveTo":"{0.19135802469135793, 0.96444954128440363}","hasCurveFrom":true,"hasCurveTo":true,"point":"{0.11481481481481481, 0.89334862385321101}"},{"_class":"curvePoint","cornerRadius":0,"curveFrom":"{0, 0.50229357798165142}","curveMode":4,"curveTo":"{0, 0.69189602446483178}","hasCurveFrom":false,"hasCurveTo":true,"point":"{0, 0.50229357798165142}"},{"_class":"curvePoint","cornerRadius":0,"curveFrom":"{0.0018896747233049138, 0.3047829946860669}","curveMode":4,"curveTo":"{6.8301496022656836e-05, 0.48841477058762528}","hasCurveFrom":true,"hasCurveTo":false,"point":"{6.8301496022656836e-05, 0.48841477058762528}"},{"_class":"curvePoint","cornerRadius":0,"curveFrom":"{0.19135802469135793, 0.035932721712538251}","curveMode":2,"curveTo":"{0.040138512496235811, 0.17791079286939665}","hasCurveFrom":true,"hasCurveTo":true,"point":"{0.11481481481481481, 0.10779816513761468}"},{"_class":"curvePoint","cornerRadius":0,"curveFrom":"{0.6802469135802468, 0}","curveMode":2,"curveTo":"{0.3197530864197532, 0}","hasCurveFrom":true,"hasCurveTo":true,"point":"{0.5, 0}"},{"_class":"curvePoint","cornerRadius":0,"curveFrom":"{0.96172839506172836, 0.18635321100917432}","curveMode":2,"curveTo":"{0.80864197530864201, 0.037270642201834861}","hasCurveFrom":true,"hasCurveTo":true,"point":"{0.88518518518518519, 0.11181192660550458}"},{"_class":"curvePoint","cornerRadius":0,"curveFrom":"{1, 0.68730886850152895}","curveMode":2,"curveTo":"{1, 0.3165137614678899}","hasCurveFrom":true,"hasCurveTo":true,"point":"{1, 0.50229357798165142}"},{"_class":"curvePoint","cornerRadius":0,"curveFrom":"{0.81172839506172834, 0.96330275229357798}","curveMode":2,"curveTo":"{0.9623456790123458, 0.8165137614678899}","hasCurveFrom":true,"hasCurveTo":true,"point":"{0.88703703703703707, 0.88990825688073394}"}],"resizingConstraint":63,"resizingType":0,"rotation":0,"shouldBreakMaskChain":false,"style":{"_class":"style","blur":{"_class":"blur","center":"{0.5, 0.5}","isEnabled":false,"motionAngle":0,"radius":10,"saturation":1,"type":0},"borderOptions":{"_class":"borderOptions","dashPattern":[],"isEnabled":true,"lineCapStyle":0,"lineJoinStyle":0},"borders":[],"colorControls":{"_class":"colorControls","brightness":0,"contrast":1,"hue":0,"isEnabled":false,"saturation":1},"contextSettings":{"_class":"graphicsContextSettings","blendMode":0,"opacity":1},"do_objectID":"F0CD10B5-4DFD-4B1F-A84A-615F8AD788AE","endMarkerType":0,"fills":[],"innerShadows":[],"miterLimit":10,"shadows":[],"startMarkerType":0,"windingRule":1}}],"name":"0","nameIsFixed":false,"resizingConstraint":63,"resizingType":0,"rotation":0,"shouldBreakMaskChain":false,"style":{"_class":"style","blur":{"_class":"blur","center":"{0.5, 0.5}","isEnabled":false,"motionAngle":0,"radius":10,"saturation":1,"type":0},"borderOptions":{"_class":"borderOptions","dashPattern":[],"isEnabled":true,"lineCapStyle":0,"lineJoinStyle":0},"borders":[],"colorControls":{"_class":"colorControls","brightness":0,"contrast":1,"hue":0,"isEnabled":false,"saturation":1},"contextSettings":{"_class":"graphicsContextSettings","blendMode":0,"opacity":1},"do_objectID":"D0FD509D-EF16-4CB9-A1A7-40B71007526E","endMarkerType":0,"fills":[{"_class":"fill","color":{"_class":"color","alpha":1,"blue":1,"green":1,"red":1},"contextSettings":{"_class":"graphicsContextSettings","blendMode":0,"opacity":1},"fillType":0,"gradient":{"_class":"gradient","elipseLength":0,"from":"{0.5, 0}","gradientType":0,"stops":[{"_class":"gradientStop","color":{"_class":"color","alpha":1,"blue":1,"green":1,"red":1},"position":0},{"_class":"gradientStop","color":{"_class":"color","alpha":1,"blue":0,"green":0,"red":0},"position":1}],"to":"{0.5, 1}"},"isEnabled":true,"noiseIndex":0,"noiseIntensity":0,"patternFillType":1,"patternTileScale":1}],"innerShadows":[],"miterLimit":10,"shadows":[],"startMarkerType":0,"windingRule":0},"windingRule":0},{"_class":"group","booleanOperation":-1,"clippingMaskMode":0,"do_objectID":"BD596944-ED0B-4F15-B7D2-690F49371758","frame":{"_class":"rect","constrainProportions":false,"height":80,"width":226,"x":99,"y":47},"groupLayout":{"_class":"MSImmutableFreeformGroupLayout"},"hasClickThrough":false,"hasClippingMask":false,"isFixedToViewport":false,"isFlippedHorizontal":false,"isFlippedVertical":false,"isLocked":false,"isVisible":true,"layers":[{"_class":"text","attributedString":{"_class":"attributedString","attributes":[{"_class":"stringAttribute","attributes":{"MSAttributedStringColorAttribute":{"_class":"color","alpha":1,"blue":0.7019607843137254,"green":0.6078431372549019,"red":0.5607843137254902},"MSAttributedStringFontAttribute":{"_class":"fontDescriptor","attributes":{"name":"OpenSans-SemiBold","size":15}},"paragraphStyle":{"_class":"paragraphStyle","alignment":0,"maximumLineHeight":24,"minimumLineHeight":24},"textStyleVerticalAlignmentKey":1},"length":26,"location":0}],"string":"There are four Icon Sizes."},"automaticallyDrawOnUnderlyingPath":false,"booleanOperation":0,"clippingMaskMode":0,"do_objectID":"1A00FC5E-155E-47DE-9977-B63629D8BFF2","dontSynchroniseWithSymbol":false,"frame":{"_class":"rect","constrainProportions":false,"height":24,"width":226,"x":0,"y":56},"glyphBounds":"{{0, 6}, {182, 13}}","hasClippingMask":false,"isFixedToViewport":false,"isFlippedHorizontal":false,"isFlippedVertical":false,"isLocked":false,"isVisible":true,"lineSpacingBehaviour":3,"name":"There are four Icon","nameIsFixed":false,"resizingConstraint":47,"resizingType":0,"rotation":0,"shouldBreakMaskChain":false,"style":{"_class":"style","blur":{"_class":"blur","center":"{0.5, 0.5}","isEnabled":false,"motionAngle":0,"radius":10,"saturation":1,"type":0},"borderOptions":{"_class":"borderOptions","dashPattern":[],"isEnabled":true,"lineCapStyle":0,"lineJoinStyle":0},"borders":[],"colorControls":{"_class":"colorControls","brightness":0,"contrast":1,"hue":0,"isEnabled":true,"saturation":1},"contextSettings":{"_class":"graphicsContextSettings","blendMode":0,"opacity":1},"do_objectID":"D8B9FA99-7601-4EE8-ACE9-AD8DD3E9F411","endMarkerType":0,"fills":[],"innerShadows":[],"miterLimit":10,"shadows":[],"startMarkerType":0,"textStyle":{"_class":"textStyle","encodedAttributes":{"MSAttributedStringColorAttribute":{"_class":"color","alpha":1,"blue":0.7019607843137254,"green":0.6078431372549019,"red":0.5607843137254902},"MSAttributedStringFontAttribute":{"_class":"fontDescriptor","attributes":{"name":"OpenSans-SemiBold","size":15}},"paragraphStyle":{"_class":"paragraphStyle","alignment":0,"maximumLineHeight":24,"minimumLineHeight":24},"textStyleVerticalAlignmentKey":1},"verticalAlignment":0},"windingRule":1},"textBehaviour":1,"userInfo":{"com.animaapp.stc-sketch-plugin":{"kModelPropertiesKey":{"isAutoWidth":1}}}},{"_class":"text","attributedString":{"_class":"attributedString","attributes":[{"_class":"stringAttribute","attributes":{"MSAttributedStringColorAttribute":{"_class":"color","alpha":1,"blue":0.1764705882352941,"green":0.1803921568627451,"red":0.1803921568627451},"MSAttributedStringFontAttribute":{"_class":"fontDescriptor","attributes":{"name":"AppleColorEmoji","size":36}},"paragraphStyle":{"_class":"paragraphStyle","alignment":0,"maximumLineHeight":48,"minimumLineHeight":48},"textStyleVerticalAlignmentKey":1},"length":1,"location":0},{"_class":"stringAttribute","attributes":{"MSAttributedStringColorAttribute":{"_class":"color","alpha":1,"blue":0.1764705882352941,"green":0.1803921568627451,"red":0.1803921568627451},"MSAttributedStringFontAttribute":{"_class":"fontDescriptor","attributes":{"name":"OpenSans-Bold","size":36}},"paragraphStyle":{"_class":"paragraphStyle","alignment":0,"maximumLineHeight":48,"minimumLineHeight":48},"textStyleVerticalAlignmentKey":1},"length":10,"location":1}],"string":"⛳ Icon Size"},"automaticallyDrawOnUnderlyingPath":false,"booleanOperation":0,"clippingMaskMode":0,"do_objectID":"E7566185-9B2C-467D-AF74-714E69BDC153","dontSynchroniseWithSymbol":false,"frame":{"_class":"rect","constrainProportions":false,"height":48,"width":201,"x":0,"y":0},"glyphBounds":"{{0, 6}, {200, 37}}","hasClippingMask":false,"isFixedToViewport":false,"isFlippedHorizontal":false,"isFlippedVertical":false,"isLocked":false,"isVisible":true,"lineSpacingBehaviour":3,"name":"⛳ Icon Size","nameIsFixed":false,"resizingConstraint":47,"resizingType":0,"rotation":0,"sharedStyleID":"FC2871CD-6066-4AA7-8E5D-CEAE25E809F6","shouldBreakMaskChain":false,"style":{"_class":"style","blur":{"_class":"blur","center":"{0.5, 0.5}","isEnabled":false,"motionAngle":0,"radius":10,"saturation":1,"type":0},"borderOptions":{"_class":"borderOptions","dashPattern":[],"isEnabled":true,"lineCapStyle":0,"lineJoinStyle":0},"borders":[],"colorControls":{"_class":"colorControls","brightness":0,"contrast":1,"hue":0,"isEnabled":true,"saturation":1},"contextSettings":{"_class":"graphicsContextSettings","blendMode":0,"opacity":1},"do_objectID":"3B452AFB-CF69-44D8-B009-2EDD803B6FA6","endMarkerType":0,"fills":[],"innerShadows":[],"miterLimit":10,"shadows":[],"startMarkerType":0,"textStyle":{"_class":"textStyle","encodedAttributes":{"MSAttributedStringColorAttribute":{"_class":"color","alpha":1,"blue":0.1764705882352941,"green":0.1803921568627451,"red":0.1803921568627451},"MSAttributedStringFontAttribute":{"_class":"fontDescriptor","attributes":{"name":"AppleColorEmoji","size":36}},"paragraphStyle":{"_class":"paragraphStyle","alignment":0,"maximumLineHeight":48,"minimumLineHeight":48},"textStyleVerticalAlignmentKey":1},"verticalAlignment":1},"windingRule":1},"textBehaviour":0,"userInfo":{"com.animaapp.stc-sketch-plugin":{"kModelPropertiesKey":{"isAutoWidth":1}}}}],"name":"Group","nameIsFixed":false,"resizingConstraint":63,"resizingType":0,"rotation":0,"shouldBreakMaskChain":false,"style":{"_class":"style","blur":{"_class":"blur","center":"{0.5, 0.5}","isEnabled":false,"motionAngle":0,"radius":10,"saturation":1,"type":0},"borderOptions":{"_class":"borderOptions","dashPattern":[],"isEnabled":true,"lineCapStyle":0,"lineJoinStyle":0},"borders":[],"colorControls":{"_class":"colorControls","brightness":0,"contrast":1,"hue":0,"isEnabled":true,"saturation":1},"contextSettings":{"_class":"graphicsContextSettings","blendMode":0,"opacity":1},"do_objectID":"19AC84F6-310D-4C02-8E50-6E482C9CAA98","endMarkerType":0,"fills":[],"innerShadows":[],"miterLimit":10,"shadows":[],"startMarkerType":0,"windingRule":1}}],"name":"Group 2","nameIsFixed":false,"resizingConstraint":63,"resizingType":0,"rotation":0,"shouldBreakMaskChain":false,"style":{"_class":"style","blur":{"_class":"blur","center":"{0.5, 0.5}","isEnabled":false,"motionAngle":0,"radius":10,"saturation":1,"type":0},"borderOptions":{"_class":"borderOptions","dashPattern":[],"isEnabled":true,"lineCapStyle":0,"lineJoinStyle":0},"borders":[],"colorControls":{"_class":"colorControls","brightness":0,"contrast":1,"hue":0,"isEnabled":true,"saturation":1},"contextSettings":{"_class":"graphicsContextSettings","blendMode":0,"opacity":1},"do_objectID":"1A9AEC08-04F6-494B-A5E7-B6B9FB757102","endMarkerType":0,"fills":[],"innerShadows":[],"miterLimit":10,"shadows":[],"startMarkerType":0,"windingRule":1}},{"_class":"group","booleanOperation":-1,"clippingMaskMode":0,"do_objectID":"1133D684-1328-41C0-81E6-668FA25328D0","frame":{"_class":"rect","constrainProportions":false,"height":2,"width":290,"x":0,"y":193},"groupLayout":{"_class":"MSImmutableFreeformGroupLayout"},"hasClickThrough":false,"hasClippingMask":false,"isFixedToViewport":false,"isFlippedHorizontal":false,"isFlippedVertical":false,"isLocked":false,"isVisible":true,"layers":[{"_class":"rectangle","booleanOperation":-1,"clippingMaskMode":0,"do_objectID":"6EA83723-8DA0-43F2-B849-B63C3A3009B8","edited":false,"fixedRadius":0,"frame":{"_class":"rect","constrainProportions":false,"height":2,"width":290,"x":0,"y":0},"hasClippingMask":true,"hasConvertedToNewRoundCorners":true,"isClosed":true,"isFixedToViewport":false,"isFlippedHorizontal":false,"isFlippedVertical":false,"isLocked":false,"isVisible":true,"name":"🎨 Divider Color","nameIsFixed":true,"needsConvertionToNewRoundCorners":false,"pointRadiusBehaviour":1,"points":[{"_class":"curvePoint","cornerRadius":0,"curveFrom":"{0, 0}","curveMode":1,"curveTo":"{0, 0}","hasCurveFrom":false,"hasCurveTo":false,"point":"{0, 0}"},{"_class":"curvePoint","cornerRadius":0,"curveFrom":"{1, 0}","curveMode":1,"curveTo":"{1, 0}","hasCurveFrom":false,"hasCurveTo":false,"point":"{1, 0}"},{"_class":"curvePoint","cornerRadius":0,"curveFrom":"{1, 1}","curveMode":1,"curveTo":"{1, 1}","hasCurveFrom":false,"hasCurveTo":false,"point":"{1, 1}"},{"_class":"curvePoint","cornerRadius":0,"curveFrom":"{0, 1}","curveMode":1,"curveTo":"{0, 1}","hasCurveFrom":false,"hasCurveTo":false,"point":"{0, 1}"}],"resizingConstraint":15,"resizingType":0,"rotation":0,"shouldBreakMaskChain":false,"style":{"_class":"style","blur":{"_class":"blur","center":"{0.5, 0.5}","isEnabled":false,"motionAngle":0,"radius":10,"saturation":1,"type":0},"borderOptions":{"_class":"borderOptions","dashPattern":[],"isEnabled":true,"lineCapStyle":0,"lineJoinStyle":0},"borders":[{"_class":"border","color":{"_class":"color","alpha":1,"blue":0.592,"green":0.592,"red":0.592},"contextSettings":{"_class":"graphicsContextSettings","blendMode":0,"opacity":1},"fillType":0,"gradient":{"_class":"gradient","elipseLength":0,"from":"{0.5, 0}","gradientType":0,"stops":[{"_class":"gradientStop","color":{"_class":"color","alpha":1,"blue":1,"green":1,"red":1},"position":0},{"_class":"gradientStop","color":{"_class":"color","alpha":1,"blue":0,"green":0,"red":0},"position":1}],"to":"{0.5, 1}"},"isEnabled":false,"position":1,"thickness":1}],"colorControls":{"_class":"colorControls","brightness":0,"contrast":1,"hue":0,"isEnabled":true,"saturation":1},"contextSettings":{"_class":"graphicsContextSettings","blendMode":0,"opacity":1},"do_objectID":"1E6A06C8-6D77-4A0E-84C2-0EB46E503529","endMarkerType":0,"fills":[{"_class":"fill","color":{"_class":"color","alpha":1,"blue":0.9529411764705882,"green":0.9568627450980391,"red":0.9568627450980391},"contextSettings":{"_class":"graphicsContextSettings","blendMode":0,"opacity":1},"fillType":0,"gradient":{"_class":"gradient","elipseLength":0,"from":"{0.5, 0}","gradientType":0,"stops":[{"_class":"gradientStop","color":{"_class":"color","alpha":1,"blue":1,"green":1,"red":1},"position":0},{"_class":"gradientStop","color":{"_class":"color","alpha":1,"blue":0,"green":0,"red":0},"position":1}],"to":"{0.5, 1}"},"isEnabled":true,"noiseIndex":0,"noiseIntensity":0,"patternFillType":1,"patternTileScale":1}],"innerShadows":[],"miterLimit":10,"shadows":[],"startMarkerType":0,"windingRule":1},"userInfo":{"com.animaapp.stc-sketch-plugin":{"kModelPropertiesKey":{}}}}],"name":"20) Divider/ ━ 2px","nameIsFixed":false,"resizingConstraint":63,"resizingType":0,"rotation":0,"shouldBreakMaskChain":false,"style":{"_class":"style","blur":{"_class":"blur","center":"{0.5, 0.5}","isEnabled":false,"motionAngle":0,"radius":10,"saturation":1,"type":0},"borderOptions":{"_class":"borderOptions","dashPattern":[],"isEnabled":true,"lineCapStyle":0,"lineJoinStyle":0},"borders":[],"colorControls":{"_class":"colorControls","brightness":0,"contrast":1,"hue":0,"isEnabled":true,"saturation":1},"contextSettings":{"_class":"graphicsContextSettings","blendMode":0,"opacity":1},"do_objectID":"7F8FD892-3AB8-4095-9CBF-B17A3AC0CA34","endMarkerType":0,"fills":[],"innerShadows":[],"miterLimit":10,"shadows":[],"startMarkerType":0,"windingRule":1},"userInfo":{"com.bohemiancoding.sketchtool.detach":{"symbolInstance":{"do_objectID":"2D7C07DB-3117-4D18-A61E-18B459D799B7","frame":{"_class":"rect","constrainProportions":false,"height":1,"width":513,"x":0,"y":193}},"symbolMaster":{"do_objectID":"C8571338-3297-4E66-8428-198BD426F589","symbolID":"B5C99A05-C172-4688-8B17-1A02D0176BB0"}},"com.sketch.detach":{"symbolInstance":{"do_objectID":"2D7C07DB-3117-4D18-A61E-18B459D799B7","frame":{"_class":"rect","constrainProportions":false,"height":1,"width":513,"x":0,"y":193}},"symbolMaster":{"do_objectID":"C8571338-3297-4E66-8428-198BD426F589","symbolID":"B5C99A05-C172-4688-8B17-1A02D0176BB0"}}}},{"_class":"rectangle","booleanOperation":-1,"clippingMaskMode":0,"do_objectID":"E4C70EA9-B6A8-4A36-9AFB-9D72069589DC","edited":false,"fixedRadius":1,"frame":{"_class":"rect","constrainProportions":false,"height":4,"width":123,"x":320,"y":380},"hasClippingMask":false,"hasConvertedToNewRoundCorners":true,"isClosed":true,"isFixedToViewport":false,"isFlippedHorizontal":false,"isFlippedVertical":false,"isLocked":false,"isVisible":false,"name":"Selector","nameIsFixed":true,"needsConvertionToNewRoundCorners":false,"pointRadiusBehaviour":1,"points":[{"_class":"curvePoint","cornerRadius":1,"curveFrom":"{0, 0}","curveMode":1,"curveTo":"{0, 0}","hasCurveFrom":false,"hasCurveTo":false,"point":"{0, 0}"},{"_class":"curvePoint","cornerRadius":1,"curveFrom":"{1, 0}","curveMode":1,"curveTo":"{1, 0}","hasCurveFrom":false,"hasCurveTo":false,"point":"{1, 0}"},{"_class":"curvePoint","cornerRadius":1,"curveFrom":"{1, 1}","curveMode":1,"curveTo":"{1, 1}","hasCurveFrom":false,"hasCurveTo":false,"point":"{1, 1}"},{"_class":"curvePoint","cornerRadius":1,"curveFrom":"{0, 1}","curveMode":1,"curveTo":"{0, 1}","hasCurveFrom":false,"hasCurveTo":false,"point":"{0, 1}"}],"resizingConstraint":34,"resizingType":0,"rotation":0,"shouldBreakMaskChain":false,"style":{"_class":"style","blur":{"_class":"blur","center":"{0.5, 0.5}","isEnabled":false,"motionAngle":0,"radius":10,"saturation":1,"type":0},"borderOptions":{"_class":"borderOptions","dashPattern":[],"isEnabled":true,"lineCapStyle":0,"lineJoinStyle":0},"borders":[],"colorControls":{"_class":"colorControls","brightness":0,"contrast":1,"hue":0,"isEnabled":true,"saturation":1},"contextSettings":{"_class":"graphicsContextSettings","blendMode":0,"opacity":0.1599999964237213},"do_objectID":"09B66720-84AD-473A-BBD3-1AE019CC7735","endMarkerType":0,"fills":[{"_class":"fill","color":{"_class":"color","alpha":1,"blue":0.7019607843137254,"green":0.6078431372549019,"red":0.5607843137254902},"contextSettings":{"_class":"graphicsContextSettings","blendMode":0,"opacity":1},"fillType":0,"gradient":{"_class":"gradient","elipseLength":1,"from":"{0, 0}","gradientType":0,"stops":[{"_class":"gradientStop","color":{"_class":"color","alpha":1,"blue":0.6812630891799927,"green":0.1368522942066193,"red":0.1894279420375824},"position":0},{"_class":"gradientStop","color":{"_class":"color","alpha":1,"blue":0.8446085453033447,"green":0.4293425381183624,"red":0.7855268716812134},"position":1}],"to":"{1.0199999809265137, 1.0099999904632568}"},"isEnabled":true,"noiseIndex":0,"noiseIntensity":0,"patternFillType":1,"patternTileScale":1}],"innerShadows":[],"miterLimit":10,"shadows":[],"startMarkerType":0,"windingRule":1},"userInfo":{"com.animaapp.stc-sketch-plugin":{"kModelPropertiesKey":{}}}},{"_class":"text","attributedString":{"_class":"attributedString","attributes":[{"_class":"stringAttribute","attributes":{"MSAttributedStringColorAttribute":{"_class":"color","alpha":1,"blue":0,"green":0,"red":0},"MSAttributedStringFontAttribute":{"_class":"fontDescriptor","attributes":{"name":"OpenSans-Regular","size":18}},"paragraphStyle":{"_class":"paragraphStyle","alignment":0},"textStyleVerticalAlignmentKey":1},"length":2,"location":0}],"string":"32"},"automaticallyDrawOnUnderlyingPath":false,"booleanOperation":-1,"clippingMaskMode":0,"do_objectID":"1EC4C740-41F7-4C2C-A71B-8FD739F08296","dontSynchroniseWithSymbol":false,"frame":{"_class":"rect","constrainProportions":false,"height":24,"width":21,"x":157,"y":291},"glyphBounds":"{{0, 5}, {20, 15}}","hasClippingMask":false,"isFixedToViewport":false,"isFlippedHorizontal":false,"isFlippedVertical":false,"isLocked":false,"isVisible":true,"lineSpacingBehaviour":3,"name":"32","nameIsFixed":false,"resizingConstraint":47,"resizingType":0,"rotation":0,"shouldBreakMaskChain":false,"style":{"_class":"style","blur":{"_class":"blur","center":"{0.5, 0.5}","isEnabled":false,"motionAngle":0,"radius":10,"saturation":1,"type":0},"borderOptions":{"_class":"borderOptions","dashPattern":[],"isEnabled":true,"lineCapStyle":0,"lineJoinStyle":0},"borders":[],"colorControls":{"_class":"colorControls","brightness":0,"contrast":1,"hue":0,"isEnabled":false,"saturation":1},"contextSettings":{"_class":"graphicsContextSettings","blendMode":0,"opacity":1},"do_objectID":"F6891E5B-3D45-4304-82C7-20E54B5FF1AA","endMarkerType":0,"fills":[],"innerShadows":[],"miterLimit":10,"shadows":[],"startMarkerType":0,"textStyle":{"_class":"textStyle","encodedAttributes":{"MSAttributedStringColorAttribute":{"_class":"color","alpha":1,"blue":0,"green":0,"red":0},"MSAttributedStringFontAttribute":{"_class":"fontDescriptor","attributes":{"name":"OpenSans-Regular","size":18}},"paragraphStyle":{"_class":"paragraphStyle","alignment":0},"textStyleVerticalAlignmentKey":1},"verticalAlignment":0},"windingRule":1},"textBehaviour":0},{"_class":"text","attributedString":{"_class":"attributedString","attributes":[{"_class":"stringAttribute","attributes":{"MSAttributedStringColorAttribute":{"_class":"color","alpha":1,"blue":0,"green":0,"red":0},"MSAttributedStringFontAttribute":{"_class":"fontDescriptor","attributes":{"name":"OpenSans-Regular","size":18}},"paragraphStyle":{"_class":"paragraphStyle","alignment":0},"textStyleVerticalAlignmentKey":1},"length":2,"location":0}],"string":"48"},"automaticallyDrawOnUnderlyingPath":false,"booleanOperation":-1,"clippingMaskMode":0,"do_objectID":"7740DBF3-F597-4C34-B3B0-F9BAE1BD9E34","dontSynchroniseWithSymbol":false,"frame":{"_class":"rect","constrainProportions":false,"height":24,"width":21,"x":94,"y":291},"glyphBounds":"{{0, 5}, {20, 15}}","hasClippingMask":false,"isFixedToViewport":false,"isFlippedHorizontal":false,"isFlippedVertical":false,"isLocked":false,"isVisible":true,"lineSpacingBehaviour":3,"name":"48 copy","nameIsFixed":false,"resizingConstraint":47,"resizingType":0,"rotation":0,"shouldBreakMaskChain":false,"style":{"_class":"style","blur":{"_class":"blur","center":"{0.5, 0.5}","isEnabled":false,"motionAngle":0,"radius":10,"saturation":1,"type":0},"borderOptions":{"_class":"borderOptions","dashPattern":[],"isEnabled":true,"lineCapStyle":0,"lineJoinStyle":0},"borders":[],"colorControls":{"_class":"colorControls","brightness":0,"contrast":1,"hue":0,"isEnabled":false,"saturation":1},"contextSettings":{"_class":"graphicsContextSettings","blendMode":0,"opacity":1},"do_objectID":"0580236F-2F32-4494-9317-BF47DC30B5F3","endMarkerType":0,"fills":[],"innerShadows":[],"miterLimit":10,"shadows":[],"startMarkerType":0,"textStyle":{"_class":"textStyle","encodedAttributes":{"MSAttributedStringColorAttribute":{"_class":"color","alpha":1,"blue":0,"green":0,"red":0},"MSAttributedStringFontAttribute":{"_class":"fontDescriptor","attributes":{"name":"OpenSans-Regular","size":18}},"paragraphStyle":{"_class":"paragraphStyle","alignment":0},"textStyleVerticalAlignmentKey":1},"verticalAlignment":0},"windingRule":1},"textBehaviour":0},{"_class":"text","attributedString":{"_class":"attributedString","attributes":[{"_class":"stringAttribute","attributes":{"MSAttributedStringColorAttribute":{"_class":"color","alpha":1,"blue":0,"green":0,"red":0},"MSAttributedStringFontAttribute":{"_class":"fontDescriptor","attributes":{"name":"OpenSans-Regular","size":18}},"paragraphStyle":{"_class":"paragraphStyle","alignment":0},"textStyleVerticalAlignmentKey":1},"length":2,"location":0}],"string":"24"},"automaticallyDrawOnUnderlyingPath":false,"booleanOperation":-1,"clippingMaskMode":0,"do_objectID":"98DE9498-73CF-4F0E-9725-953806FDDB68","dontSynchroniseWithSymbol":false,"frame":{"_class":"rect","constrainProportions":false,"height":24,"width":21,"x":209,"y":291},"glyphBounds":"{{0, 5}, {21, 14}}","hasClippingMask":false,"isFixedToViewport":false,"isFlippedHorizontal":false,"isFlippedVertical":false,"isLocked":false,"isVisible":true,"lineSpacingBehaviour":3,"name":"24","nameIsFixed":false,"resizingConstraint":47,"resizingType":0,"rotation":0,"shouldBreakMaskChain":false,"style":{"_class":"style","blur":{"_class":"blur","center":"{0.5, 0.5}","isEnabled":false,"motionAngle":0,"radius":10,"saturation":1,"type":0},"borderOptions":{"_class":"borderOptions","dashPattern":[],"isEnabled":true,"lineCapStyle":0,"lineJoinStyle":0},"borders":[],"colorControls":{"_class":"colorControls","brightness":0,"contrast":1,"hue":0,"isEnabled":false,"saturation":1},"contextSettings":{"_class":"graphicsContextSettings","blendMode":0,"opacity":1},"do_objectID":"310AB41F-E117-4DE1-A25D-F9E201567800","endMarkerType":0,"fills":[],"innerShadows":[],"miterLimit":10,"shadows":[],"startMarkerType":0,"textStyle":{"_class":"textStyle","encodedAttributes":{"MSAttributedStringColorAttribute":{"_class":"color","alpha":1,"blue":0,"green":0,"red":0},"MSAttributedStringFontAttribute":{"_class":"fontDescriptor","attributes":{"name":"OpenSans-Regular","size":18}},"paragraphStyle":{"_class":"paragraphStyle","alignment":0},"textStyleVerticalAlignmentKey":1},"verticalAlignment":0},"windingRule":1},"textBehaviour":0},{"_class":"text","attributedString":{"_class":"attributedString","attributes":[{"_class":"stringAttribute","attributes":{"MSAttributedStringColorAttribute":{"_class":"color","alpha":1,"blue":0,"green":0,"red":0},"MSAttributedStringFontAttribute":{"_class":"fontDescriptor","attributes":{"name":"OpenSans-Regular","size":18}},"paragraphStyle":{"_class":"paragraphStyle","alignment":0},"textStyleVerticalAlignmentKey":1},"length":2,"location":0}],"string":"16"},"automaticallyDrawOnUnderlyingPath":false,"booleanOperation":-1,"clippingMaskMode":0,"do_objectID":"969A890B-5B44-4184-BD2B-5E4B33594060","dontSynchroniseWithSymbol":false,"frame":{"_class":"rect","constrainProportions":false,"height":24,"width":21,"x":256,"y":291},"glyphBounds":"{{1, 5}, {19, 15}}","hasClippingMask":false,"isFixedToViewport":false,"isFlippedHorizontal":false,"isFlippedVertical":false,"isLocked":false,"isVisible":true,"lineSpacingBehaviour":3,"name":"16","nameIsFixed":false,"resizingConstraint":47,"resizingType":0,"rotation":0,"shouldBreakMaskChain":false,"style":{"_class":"style","blur":{"_class":"blur","center":"{0.5, 0.5}","isEnabled":false,"motionAngle":0,"radius":10,"saturation":1,"type":0},"borderOptions":{"_class":"borderOptions","dashPattern":[],"isEnabled":true,"lineCapStyle":0,"lineJoinStyle":0},"borders":[],"colorControls":{"_class":"colorControls","brightness":0,"contrast":1,"hue":0,"isEnabled":false,"saturation":1},"contextSettings":{"_class":"graphicsContextSettings","blendMode":0,"opacity":1},"do_objectID":"C6F44A1B-3EDE-44A0-8D9E-FA3ED6903FFA","endMarkerType":0,"fills":[],"innerShadows":[],"miterLimit":10,"shadows":[],"startMarkerType":0,"textStyle":{"_class":"textStyle","encodedAttributes":{"MSAttributedStringColorAttribute":{"_class":"color","alpha":1,"blue":0,"green":0,"red":0},"MSAttributedStringFontAttribute":{"_class":"fontDescriptor","attributes":{"name":"OpenSans-Regular","size":18}},"paragraphStyle":{"_class":"paragraphStyle","alignment":0},"textStyleVerticalAlignmentKey":1},"verticalAlignment":0},"windingRule":1},"textBehaviour":0},{"_class":"symbolInstance","booleanOperation":-1,"clippingMaskMode":0,"do_objectID":"BACA4DC4-AB4C-485A-A6A1-491C746C859F","frame":{"_class":"rect","constrainProportions":false,"height":48,"width":48,"x":80,"y":235},"hasClippingMask":false,"horizontalSpacing":0,"isFixedToViewport":false,"isFlippedHorizontal":false,"isFlippedVertical":false,"isLocked":false,"isVisible":true,"name":"13)Icons Size/Size/3-48px","nameIsFixed":false,"overrideValues":[],"resizingConstraint":63,"resizingType":0,"rotation":0,"scale":1,"shouldBreakMaskChain":false,"style":{"_class":"style","blur":{"_class":"blur","center":"{0.5, 0.5}","isEnabled":false,"motionAngle":0,"radius":10,"saturation":1,"type":0},"borderOptions":{"_class":"borderOptions","dashPattern":[],"isEnabled":true,"lineCapStyle":0,"lineJoinStyle":0},"borders":[],"colorControls":{"_class":"colorControls","brightness":0,"contrast":1,"hue":0,"isEnabled":false,"saturation":1},"contextSettings":{"_class":"graphicsContextSettings","blendMode":0,"opacity":1},"do_objectID":"1412B8ED-1142-4E2E-BBE6-A9FE81F6C272","endMarkerType":0,"fills":[],"innerShadows":[],"miterLimit":10,"shadows":[],"startMarkerType":0,"windingRule":1},"symbolID":"3DFA451D-14E0-4BF5-9A76-E441997CECA1","verticalSpacing":0},{"_class":"symbolInstance","booleanOperation":-1,"clippingMaskMode":0,"do_objectID":"F06B88C9-9367-43B0-96C6-6165B8AF4BAE","frame":{"_class":"rect","constrainProportions":false,"height":32,"width":32,"x":152,"y":243},"hasClippingMask":false,"horizontalSpacing":0,"isFixedToViewport":false,"isFlippedHorizontal":false,"isFlippedVertical":false,"isLocked":false,"isVisible":true,"name":"13)Icons Size/Size/3-48px Copy","nameIsFixed":false,"overrideValues":[],"resizingConstraint":63,"resizingType":0,"rotation":0,"scale":1,"shouldBreakMaskChain":false,"style":{"_class":"style","blur":{"_class":"blur","center":"{0.5, 0.5}","isEnabled":false,"motionAngle":0,"radius":10,"saturation":1,"type":0},"borderOptions":{"_class":"borderOptions","dashPattern":[],"isEnabled":true,"lineCapStyle":0,"lineJoinStyle":0},"borders":[],"colorControls":{"_class":"colorControls","brightness":0,"contrast":1,"hue":0,"isEnabled":false,"saturation":1},"contextSettings":{"_class":"graphicsContextSettings","blendMode":0,"opacity":1},"do_objectID":"BE6F632B-5C0E-46C5-8326-CF3F9C8AB5C0","endMarkerType":0,"fills":[],"innerShadows":[],"miterLimit":10,"shadows":[],"startMarkerType":0,"windingRule":1},"symbolID":"18212C23-7380-4EEC-B49E-755A839AC351","verticalSpacing":0},{"_class":"symbolInstance","booleanOperation":-1,"clippingMaskMode":0,"do_objectID":"F59D352A-B7E6-49DD-8E1F-ED9220645A4A","frame":{"_class":"rect","constrainProportions":false,"height":24,"width":24,"x":208,"y":247},"hasClippingMask":false,"horizontalSpacing":0,"isFixedToViewport":false,"isFlippedHorizontal":false,"isFlippedVertical":false,"isLocked":false,"isVisible":true,"name":"13)Icons Size/Size/3-48px Copy 2","nameIsFixed":false,"overrideValues":[],"resizingConstraint":63,"resizingType":0,"rotation":0,"scale":1,"shouldBreakMaskChain":false,"style":{"_class":"style","blur":{"_class":"blur","center":"{0.5, 0.5}","isEnabled":false,"motionAngle":0,"radius":10,"saturation":1,"type":0},"borderOptions":{"_class":"borderOptions","dashPattern":[],"isEnabled":true,"lineCapStyle":0,"lineJoinStyle":0},"borders":[],"colorControls":{"_class":"colorControls","brightness":0,"contrast":1,"hue":0,"isEnabled":false,"saturation":1},"contextSettings":{"_class":"graphicsContextSettings","blendMode":0,"opacity":1},"do_objectID":"C1FBDD77-3E75-48DF-B859-53BE90862C0B","endMarkerType":0,"fills":[],"innerShadows":[],"miterLimit":10,"shadows":[],"startMarkerType":0,"windingRule":1},"symbolID":"E1E38D7B-473A-4C96-80E4-883BE707E085","verticalSpacing":0},{"_class":"symbolInstance","booleanOperation":-1,"clippingMaskMode":0,"do_objectID":"98CC97CE-B604-477E-976A-6A87444506E2","frame":{"_class":"rect","constrainProportions":false,"height":16,"width":16,"x":259,"y":251},"hasClippingMask":false,"horizontalSpacing":0,"isFixedToViewport":false,"isFlippedHorizontal":false,"isFlippedVertical":false,"isLocked":false,"isVisible":true,"name":"13)Icons Size/Size/3-48px Copy 3","nameIsFixed":false,"overrideValues":[],"resizingConstraint":63,"resizingType":0,"rotation":0,"scale":1,"shouldBreakMaskChain":false,"style":{"_class":"style","blur":{"_class":"blur","center":"{0.5, 0.5}","isEnabled":false,"motionAngle":0,"radius":10,"saturation":1,"type":0},"borderOptions":{"_class":"borderOptions","dashPattern":[],"isEnabled":true,"lineCapStyle":0,"lineJoinStyle":0},"borders":[],"colorControls":{"_class":"colorControls","brightness":0,"contrast":1,"hue":0,"isEnabled":false,"saturation":1},"contextSettings":{"_class":"graphicsContextSettings","blendMode":0,"opacity":1},"do_objectID":"F42C88FC-95F2-44B3-833D-28EC9C0072C0","endMarkerType":0,"fills":[],"innerShadows":[],"miterLimit":10,"shadows":[],"startMarkerType":0,"windingRule":1},"symbolID":"D2FD6254-9F86-4992-AA49-B4438408A2D1","verticalSpacing":0}],"name":"Icon Size","nameIsFixed":false,"presetDictionary":{},"resizesContent":false,"resizingConstraint":63,"resizingType":0,"rotation":0,"shouldBreakMaskChain":true,"userInfo":{"io.magicsketch.mirror":{"highestQuality":-1}},"verticalRulerData":{"_class":"rulerData","base":0,"guides":[459,507,367]}},{"_class":"symbolMaster","allowsOverrides":true,"backgroundColor":{"_class":"color","alpha":1,"blue":1,"green":1,"red":1},"booleanOperation":-1,"clippingMaskMode":0,"do_objectID":"DBBB8EB3-CE70-48B7-BF1D-7483BE1ACB92","frame":{"_class":"rect","constrainProportions":false,"height":48,"width":48,"x":-216,"y":1117},"groupLayout":{"_class":"MSImmutableFreeformGroupLayout"},"hasBackgroundColor":false,"hasClickThrough":true,"hasClippingMask":false,"horizontalRulerData":{"_class":"rulerData","base":0,"guides":[]},"includeBackgroundColorInExport":true,"includeBackgroundColorInInstance":false,"includeInCloudUpload":true,"isFixedToViewport":false,"isFlippedHorizontal":false,"isFlippedVertical":false,"isFlowHome":false,"isLocked":false,"isVisible":true,"layerListExpandedType":0,"layers":[{"_class":"symbolInstance","booleanOperation":-1,"clippingMaskMode":0,"do_objectID":"C020B542-73F9-4A85-93D9-AF3659ED9891","frame":{"_class":"rect","constrainProportions":true,"height":48,"width":48,"x":0,"y":0},"hasClippingMask":false,"horizontalSpacing":0,"isFixedToViewport":false,"isFlippedHorizontal":false,"isFlippedVertical":false,"isLocked":false,"isVisible":true,"name":"Icons-48px","nameIsFixed":true,"overrideValues":[],"resizingConstraint":45,"resizingType":0,"rotation":0,"scale":1,"shouldBreakMaskChain":false,"style":{"_class":"style","blur":{"_class":"blur","center":"{0.5, 0.5}","isEnabled":false,"motionAngle":0,"radius":10,"saturation":1,"type":0},"borderOptions":{"_class":"borderOptions","dashPattern":[],"isEnabled":true,"lineCapStyle":0,"lineJoinStyle":0},"borders":[],"colorControls":{"_class":"colorControls","brightness":0,"contrast":1,"hue":0,"isEnabled":false,"saturation":1},"contextSettings":{"_class":"graphicsContextSettings","blendMode":0,"opacity":1},"do_objectID":"45948305-42DF-4D6D-82D3-91CAB610B422","endMarkerType":0,"fills":[],"innerShadows":[],"miterLimit":10,"shadows":[],"startMarkerType":0,"windingRule":1},"symbolID":"3958410F-8B1F-4751-85E8-2D85BAE7D792","userInfo":{"com.animaapp.stc-sketch-plugin":{"kModelPropertiesKey":{"constraints":{"aspectRatio":{"constant":48,"enabled":1,"model_class":"ADModelConstraint","model_version":0,"multiplier":48},"automatic":1,"model_class":"ADModelViewConstraints","model_version":0,"scaleFactor":1}}}},"verticalSpacing":0}],"name":"13)Icons\u0026Ilustration/Icons/4-48px","nameIsFixed":true,"overrideProperties":[{"_class":"MSImmutableOverrideProperty","canOverride":true,"overrideName":"C020B542-73F9-4A85-93D9-AF3659ED9891/731F68EC-C118-4601-829F-47469A7DF569_layerStyle"},{"_class":"MSImmutableOverrideProperty","canOverride":true,"overrideName":"C020B542-73F9-4A85-93D9-AF3659ED9891_symbolID"}],"presetDictionary":{},"resizesContent":false,"resizingConstraint":63,"resizingType":0,"rotation":0,"shouldBreakMaskChain":true,"style":{"_class":"style","blur":{"_class":"blur","center":"{0.5, 0.5}","isEnabled":false,"motionAngle":0,"radius":10,"saturation":1,"type":0},"borderOptions":{"_class":"borderOptions","dashPattern":[],"isEnabled":true,"lineCapStyle":0,"lineJoinStyle":0},"borders":[],"colorControls":{"_class":"colorControls","brightness":0,"contrast":1,"hue":0,"isEnabled":false,"saturation":1},"contextSettings":{"_class":"graphicsContextSettings","blendMode":0,"opacity":1},"do_objectID":"7275E93F-A91B-460B-A953-181DE8094692","endMarkerType":0,"fills":[],"innerShadows":[],"miterLimit":10,"shadows":[],"startMarkerType":0,"windingRule":1},"symbolID":"3DFA451D-14E0-4BF5-9A76-E441997CECA1","verticalRulerData":{"_class":"rulerData","base":0,"guides":[]}},{"_class":"symbolMaster","allowsOverrides":true,"backgroundColor":{"_class":"color","alpha":1,"blue":1,"green":1,"red":1},"booleanOperation":-1,"clippingMaskMode":0,"do_objectID":"FB78040A-85AB-4C21-BBC2-4B79285D5BBE","frame":{"_class":"rect","constrainProportions":false,"height":343,"width":343,"x":-200,"y":1344},"groupLayout":{"_class":"MSImmutableFreeformGroupLayout"},"hasBackgroundColor":false,"hasClickThrough":true,"hasClippingMask":false,"horizontalRulerData":{"_class":"rulerData","base":0,"guides":[]},"includeBackgroundColorInExport":true,"includeBackgroundColorInInstance":false,"includeInCloudUpload":true,"isFixedToViewport":false,"isFlippedHorizontal":false,"isFlippedVertical":false,"isFlowHome":false,"isLocked":false,"isVisible":true,"layerListExpandedType":0,"layers":[{"_class":"symbolInstance","booleanOperation":-1,"clippingMaskMode":0,"do_objectID":"C19C7141-4251-4EA0-9ADC-8F226E897BF0","frame":{"_class":"rect","constrainProportions":false,"height":257,"width":309,"x":17,"y":43},"hasClippingMask":false,"horizontalSpacing":0,"isFixedToViewport":false,"isFlippedHorizontal":false,"isFlippedVertical":false,"isLocked":false,"isVisible":true,"name":"Illustration/Confirm","nameIsFixed":false,"overrideValues":[],"resizingConstraint":18,"resizingType":0,"rotation":0,"scale":0.294,"shouldBreakMaskChain":false,"style":{"_class":"style","blur":{"_class":"blur","center":"{0.5, 0.5}","isEnabled":false,"motionAngle":0,"radius":2.94,"saturation":1,"type":0},"borderOptions":{"_class":"borderOptions","dashPattern":[],"isEnabled":true,"lineCapStyle":0,"lineJoinStyle":0},"borders":[],"colorControls":{"_class":"colorControls","brightness":0,"contrast":1,"hue":0,"isEnabled":false,"saturation":1},"contextSettings":{"_class":"graphicsContextSettings","blendMode":0,"opacity":1},"do_objectID":"237E4BBC-413F-48BD-90FC-3859A0395DCA","endMarkerType":0,"fills":[],"innerShadows":[],"miterLimit":10,"shadows":[],"startMarkerType":0,"windingRule":1},"symbolID":"CA988366-E170-4206-872A-5F201A6F88B2","verticalSpacing":0}],"name":"13)Icons\u0026Ilustration/Ilustration/4-343px","nameIsFixed":true,"overrideProperties":[{"_class":"MSImmutableOverrideProperty","canOverride":true,"overrideName":"C19C7141-4251-4EA0-9ADC-8F226E897BF0/7DFB9CF5-AA2E-4649-988C-7BC37F207E59/580E70A4-8D5C-4D56-9463-49130C1B28D0_layerStyle"},{"_class":"MSImmutableOverrideProperty","canOverride":true,"overrideName":"C19C7141-4251-4EA0-9ADC-8F226E897BF0/7DFB9CF5-AA2E-4649-988C-7BC37F207E59_symbolID"},{"_class":"MSImmutableOverrideProperty","canOverride":true,"overrideName":"C19C7141-4251-4EA0-9ADC-8F226E897BF0_symbolID"}],"presetDictionary":{},"resizesContent":true,"resizingConstraint":63,"resizingType":0,"rotation":0,"shouldBreakMaskChain":true,"style":{"_class":"style","blur":{"_class":"blur","center":"{0.5, 0.5}","isEnabled":false,"motionAngle":0,"radius":10,"saturation":1,"type":0},"borderOptions":{"_class":"borderOptions","dashPattern":[],"isEnabled":true,"lineCapStyle":0,"lineJoinStyle":0},"borders":[],"colorControls":{"_class":"colorControls","brightness":0,"contrast":1,"hue":0,"isEnabled":false,"saturation":1},"contextSettings":{"_class":"graphicsContextSettings","blendMode":0,"opacity":1},"do_objectID":"82564FF5-6873-4D65-A386-46D7A699B918","endMarkerType":0,"fills":[],"innerShadows":[],"miterLimit":10,"shadows":[],"startMarkerType":0,"windingRule":1},"symbolID":"A2112B2F-B34C-4398-9186-8ED845BC4595","verticalRulerData":{"_class":"rulerData","base":0,"guides":[]}},{"_class":"symbolMaster","allowsOverrides":true,"backgroundColor":{"_class":"color","alpha":1,"blue":1,"green":1,"red":1},"booleanOperation":-1,"clippingMaskMode":0,"do_objectID":"4B7230CA-903F-4D99-AA63-401B804FADC5","frame":{"_class":"rect","constrainProportions":false,"height":288,"width":288,"x":189,"y":1344},"groupLayout":{"_class":"MSImmutableFreeformGroupLayout"},"hasBackgroundColor":false,"hasClickThrough":true,"hasClippingMask":false,"horizontalRulerData":{"_class":"rulerData","base":0,"guides":[]},"includeBackgroundColorInExport":true,"includeBackgroundColorInInstance":false,"includeInCloudUpload":true,"isFixedToViewport":false,"isFlippedHorizontal":false,"isFlippedVertical":false,"isFlowHome":false,"isLocked":false,"isVisible":true,"layerListExpandedType":0,"layers":[{"_class":"symbolInstance","booleanOperation":-1,"clippingMaskMode":0,"do_objectID":"A92E36FC-0059-4FAB-BF70-4B47FAC3B603","frame":{"_class":"rect","constrainProportions":false,"height":218,"width":263,"x":12,"y":35},"hasClippingMask":false,"horizontalSpacing":0,"isFixedToViewport":false,"isFlippedHorizontal":false,"isFlippedVertical":false,"isLocked":false,"isVisible":true,"name":"Illustration/Confirm","nameIsFixed":false,"overrideValues":[],"resizingConstraint":18,"resizingType":0,"rotation":0,"scale":0.2499,"shouldBreakMaskChain":false,"style":{"_class":"style","blur":{"_class":"blur","center":"{0.5, 0.5}","isEnabled":false,"motionAngle":0,"radius":2.499,"saturation":1,"type":0},"borderOptions":{"_class":"borderOptions","dashPattern":[],"isEnabled":true,"lineCapStyle":0,"lineJoinStyle":0},"borders":[],"colorControls":{"_class":"colorControls","brightness":0,"contrast":1,"hue":0,"isEnabled":false,"saturation":1},"contextSettings":{"_class":"graphicsContextSettings","blendMode":0,"opacity":1},"do_objectID":"75DCD32F-B61D-4EAF-9839-DD1EC0B5D4BE","endMarkerType":0,"fills":[],"innerShadows":[],"miterLimit":10,"shadows":[],"startMarkerType":0,"windingRule":1},"symbolID":"CA988366-E170-4206-872A-5F201A6F88B2","verticalSpacing":0}],"name":"13)Icons\u0026Ilustration/Ilustration/3-288px","nameIsFixed":true,"overrideProperties":[],"presetDictionary":{},"resizesContent":true,"resizingConstraint":63,"resizingType":0,"rotation":0,"shouldBreakMaskChain":true,"style":{"_class":"style","blur":{"_class":"blur","center":"{0.5, 0.5}","isEnabled":false,"motionAngle":0,"radius":10,"saturation":1,"type":0},"borderOptions":{"_class":"borderOptions","dashPattern":[],"isEnabled":true,"lineCapStyle":0,"lineJoinStyle":0},"borders":[],"colorControls":{"_class":"colorControls","brightness":0,"contrast":1,"hue":0,"isEnabled":false,"saturation":1},"contextSettings":{"_class":"graphicsContextSettings","blendMode":0,"opacity":1},"do_objectID":"F7B6FBB8-6D9F-4A19-996C-41E44F313B4C","endMarkerType":0,"fills":[],"innerShadows":[],"miterLimit":10,"shadows":[],"startMarkerType":0,"windingRule":1},"symbolID":"0F3D8D3B-538E-4E2C-840B-E718244C07A7","verticalRulerData":{"_class":"rulerData","base":0,"guides":[]}},{"_class":"symbolMaster","allowsOverrides":true,"backgroundColor":{"_class":"color","alpha":1,"blue":1,"green":1,"red":1},"booleanOperation":-1,"clippingMaskMode":0,"do_objectID":"42C99FC2-301C-4C86-B1AC-6DA15F88B2C1","frame":{"_class":"rect","constrainProportions":false,"height":144,"width":144,"x":523,"y":1344},"groupLayout":{"_class":"MSImmutableFreeformGroupLayout"},"hasBackgroundColor":false,"hasClickThrough":true,"hasClippingMask":false,"horizontalRulerData":{"_class":"rulerData","base":0,"guides":[]},"includeBackgroundColorInExport":true,"includeBackgroundColorInInstance":false,"includeInCloudUpload":true,"isFixedToViewport":false,"isFlippedHorizontal":false,"isFlippedVertical":false,"isFlowHome":false,"isLocked":false,"isVisible":true,"layerListExpandedType":0,"layers":[{"_class":"symbolInstance","booleanOperation":-1,"clippingMaskMode":0,"do_objectID":"A1433434-2549-4E8D-BCF0-FF0052871807","frame":{"_class":"rect","constrainProportions":false,"height":102,"width":124,"x":9,"y":21},"hasClippingMask":false,"horizontalSpacing":0,"isFixedToViewport":false,"isFlippedHorizontal":false,"isFlippedVertical":false,"isLocked":false,"isVisible":true,"name":"Illustration/Confirm Copy","nameIsFixed":false,"overrideValues":[],"resizingConstraint":18,"resizingType":0,"rotation":0,"scale":0.117453,"shouldBreakMaskChain":false,"style":{"_class":"style","blur":{"_class":"blur","center":"{0.5, 0.5}","isEnabled":false,"motionAngle":0,"radius":1.17453,"saturation":1,"type":0},"borderOptions":{"_class":"borderOptions","dashPattern":[],"isEnabled":true,"lineCapStyle":0,"lineJoinStyle":0},"borders":[],"colorControls":{"_class":"colorControls","brightness":0,"contrast":1,"hue":0,"isEnabled":false,"saturation":1},"contextSettings":{"_class":"graphicsContextSettings","blendMode":0,"opacity":1},"do_objectID":"163C131C-2491-476E-9788-064CD5660B10","endMarkerType":0,"fills":[],"innerShadows":[],"miterLimit":10,"shadows":[],"startMarkerType":0,"windingRule":1},"symbolID":"CA988366-E170-4206-872A-5F201A6F88B2","verticalSpacing":0}],"name":"13)Icons\u0026Ilustration/Ilustration/2-144px","nameIsFixed":true,"overrideProperties":[{"_class":"MSImmutableOverrideProperty","canOverride":true,"overrideName":"ADF26350-78F4-4B7C-9566-122584FF63A3/7DFB9CF5-AA2E-4649-988C-7BC37F207E59/580E70A4-8D5C-4D56-9463-49130C1B28D0_layerStyle"},{"_class":"MSImmutableOverrideProperty","canOverride":true,"overrideName":"ADF26350-78F4-4B7C-9566-122584FF63A3/7DFB9CF5-AA2E-4649-988C-7BC37F207E59_symbolID"},{"_class":"MSImmutableOverrideProperty","canOverride":true,"overrideName":"ADF26350-78F4-4B7C-9566-122584FF63A3_symbolID"}],"presetDictionary":{},"resizesContent":true,"resizingConstraint":63,"resizingType":0,"rotation":0,"shouldBreakMaskChain":true,"style":{"_class":"style","blur":{"_class":"blur","center":"{0.5, 0.5}","isEnabled":false,"motionAngle":0,"radius":10,"saturation":1,"type":0},"borderOptions":{"_class":"borderOptions","dashPattern":[],"isEnabled":true,"lineCapStyle":0,"lineJoinStyle":0},"borders":[],"colorControls":{"_class":"colorControls","brightness":0,"contrast":1,"hue":0,"isEnabled":false,"saturation":1},"contextSettings":{"_class":"graphicsContextSettings","blendMode":0,"opacity":1},"do_objectID":"4D5DDF7A-BA83-483A-8509-3A27D5E5BF66","endMarkerType":0,"fills":[],"innerShadows":[],"miterLimit":10,"shadows":[],"startMarkerType":0,"windingRule":1},"symbolID":"4DCE7B34-EA68-4B59-9021-0C5CDD4E3EF2","verticalRulerData":{"_class":"rulerData","base":0,"guides":[]}},{"_class":"symbolMaster","allowsOverrides":true,"backgroundColor":{"_class":"color","alpha":1,"blue":1,"green":1,"red":1},"booleanOperation":-1,"clippingMaskMode":0,"do_objectID":"CA7F5FEA-8634-4DE7-9C26-F79A52C93BE9","frame":{"_class":"rect","constrainProportions":false,"height":48,"width":48,"x":713,"y":1344},"groupLayout":{"_class":"MSImmutableFreeformGroupLayout"},"hasBackgroundColor":false,"hasClickThrough":true,"hasClippingMask":false,"horizontalRulerData":{"_class":"rulerData","base":0,"guides":[]},"includeBackgroundColorInExport":true,"includeBackgroundColorInInstance":false,"includeInCloudUpload":true,"isFixedToViewport":false,"isFlippedHorizontal":false,"isFlippedVertical":false,"isFlowHome":false,"isLocked":false,"isVisible":true,"layerListExpandedType":0,"layers":[{"_class":"symbolInstance","booleanOperation":-1,"clippingMaskMode":0,"do_objectID":"A3B167B7-EDD4-4290-B3AF-8274A28A3163","frame":{"_class":"rect","constrainProportions":false,"height":37,"width":45,"x":2,"y":6},"hasClippingMask":false,"horizontalSpacing":0,"isFixedToViewport":false,"isFlippedHorizontal":false,"isFlippedVertical":false,"isLocked":false,"isVisible":true,"name":"Illustration/Confirm Copy 2","nameIsFixed":false,"overrideValues":[],"resizingConstraint":18,"resizingType":0,"rotation":0,"scale":0.04228308,"shouldBreakMaskChain":false,"style":{"_class":"style","blur":{"_class":"blur","center":"{0.5, 0.5}","isEnabled":false,"motionAngle":0,"radius":0.4228308000000001,"saturation":1,"type":0},"borderOptions":{"_class":"borderOptions","dashPattern":[],"isEnabled":true,"lineCapStyle":0,"lineJoinStyle":0},"borders":[],"colorControls":{"_class":"colorControls","brightness":0,"contrast":1,"hue":0,"isEnabled":false,"saturation":1},"contextSettings":{"_class":"graphicsContextSettings","blendMode":0,"opacity":1},"do_objectID":"2CC669D7-5061-4CAF-BAC6-09B6697A3CED","endMarkerType":0,"fills":[],"innerShadows":[],"miterLimit":10,"shadows":[],"startMarkerType":0,"windingRule":1},"symbolID":"CA988366-E170-4206-872A-5F201A6F88B2","verticalSpacing":0}],"name":"13)Icons\u0026Ilustration/Ilustration/1-48px","nameIsFixed":true,"overrideProperties":[{"_class":"MSImmutableOverrideProperty","canOverride":true,"overrideName":"A3B167B7-EDD4-4290-B3AF-8274A28A3163_symbolID"}],"presetDictionary":{},"resizesContent":true,"resizingConstraint":63,"resizingType":0,"rotation":0,"shouldBreakMaskChain":true,"style":{"_class":"style","blur":{"_class":"blur","center":"{0.5, 0.5}","isEnabled":false,"motionAngle":0,"radius":10,"saturation":1,"type":0},"borderOptions":{"_class":"borderOptions","dashPattern":[],"isEnabled":true,"lineCapStyle":0,"lineJoinStyle":0},"borders":[],"colorControls":{"_class":"colorControls","brightness":0,"contrast":1,"hue":0,"isEnabled":false,"saturation":1},"contextSettings":{"_class":"graphicsContextSettings","blendMode":0,"opacity":1},"do_objectID":"7F29C0D6-4F70-4C13-9083-C5B8EB4DF712","endMarkerType":0,"fills":[],"innerShadows":[],"miterLimit":10,"shadows":[],"startMarkerType":0,"windingRule":1},"symbolID":"C3F6D6E0-0805-45BB-B39A-2117BBB4C57E","verticalRulerData":{"_class":"rulerData","base":0,"guides":[]}},{"_class":"symbolMaster","allowsOverrides":true,"backgroundColor":{"_class":"color","alpha":1,"blue":1,"green":1,"red":1},"booleanOperation":-1,"clippingMaskMode":0,"do_objectID":"C3D42799-B83A-4D11-ABEE-598C9D1168E7","frame":{"_class":"rect","constrainProportions":false,"height":24,"width":24,"x":-88,"y":1117},"groupLayout":{"_class":"MSImmutableFreeformGroupLayout"},"hasBackgroundColor":false,"hasClickThrough":true,"hasClippingMask":false,"horizontalRulerData":{"_class":"rulerData","base":0,"guides":[]},"includeBackgroundColorInExport":true,"includeBackgroundColorInInstance":false,"includeInCloudUpload":true,"isFixedToViewport":false,"isFlippedHorizontal":false,"isFlippedVertical":false,"isFlowHome":false,"isLocked":false,"isVisible":true,"layerListExpandedType":0,"layers":[{"_class":"symbolInstance","booleanOperation":-1,"clippingMaskMode":0,"do_objectID":"4C4CB79A-3893-41DE-8EC1-633D34E5542B","frame":{"_class":"rect","constrainProportions":true,"height":24,"width":24,"x":0,"y":0},"hasClippingMask":false,"horizontalSpacing":0,"isFixedToViewport":false,"isFlippedHorizontal":false,"isFlippedVertical":false,"isLocked":false,"isVisible":true,"name":"Icons-48px","nameIsFixed":true,"overrideValues":[],"resizingConstraint":45,"resizingType":0,"rotation":0,"scale":1,"shouldBreakMaskChain":false,"style":{"_class":"style","blur":{"_class":"blur","center":"{0.5, 0.5}","isEnabled":false,"motionAngle":0,"radius":10,"saturation":1,"type":0},"borderOptions":{"_class":"borderOptions","dashPattern":[],"isEnabled":true,"lineCapStyle":0,"lineJoinStyle":0},"borders":[],"colorControls":{"_class":"colorControls","brightness":0,"contrast":1,"hue":0,"isEnabled":false,"saturation":1},"contextSettings":{"_class":"graphicsContextSettings","blendMode":0,"opacity":1},"do_objectID":"FC2BDD44-3070-431F-AD63-6DE633046EEB","endMarkerType":0,"fills":[],"innerShadows":[],"miterLimit":10,"shadows":[],"startMarkerType":0,"windingRule":1},"symbolID":"3958410F-8B1F-4751-85E8-2D85BAE7D792","userInfo":{"com.animaapp.stc-sketch-plugin":{"kModelPropertiesKey":{"constraints":{"aspectRatio":{"constant":24,"enabled":1,"model_class":"ADModelConstraint","model_version":0,"multiplier":24},"automatic":1,"model_class":"ADModelViewConstraints","model_version":0,"scaleFactor":1}}}},"verticalSpacing":0}],"name":"13)Icons\u0026Ilustration/Icons/2-24px","nameIsFixed":true,"overrideProperties":[{"_class":"MSImmutableOverrideProperty","canOverride":true,"overrideName":"4C4CB79A-3893-41DE-8EC1-633D34E5542B/FD0D9A39-9369-4168-9B3E-FE3B5E84A710_layerStyle"},{"_class":"MSImmutableOverrideProperty","canOverride":true,"overrideName":"4C4CB79A-3893-41DE-8EC1-633D34E5542B_symbolID"}],"presetDictionary":{},"resizesContent":true,"resizingConstraint":63,"resizingType":0,"rotation":0,"shouldBreakMaskChain":true,"style":{"_class":"style","blur":{"_class":"blur","center":"{0.5, 0.5}","isEnabled":false,"motionAngle":0,"radius":10,"saturation":1,"type":0},"borderOptions":{"_class":"borderOptions","dashPattern":[],"isEnabled":true,"lineCapStyle":0,"lineJoinStyle":0},"borders":[],"colorControls":{"_class":"colorControls","brightness":0,"contrast":1,"hue":0,"isEnabled":false,"saturation":1},"contextSettings":{"_class":"graphicsContextSettings","blendMode":0,"opacity":1},"do_objectID":"DF8ADBDE-696F-429A-A167-D6C6F8CA789E","endMarkerType":0,"fills":[],"innerShadows":[],"miterLimit":10,"shadows":[],"startMarkerType":0,"windingRule":1},"symbolID":"E1E38D7B-473A-4C96-80E4-883BE707E085","verticalRulerData":{"_class":"rulerData","base":0,"guides":[]}},{"_class":"symbolMaster","allowsOverrides":true,"backgroundColor":{"_class":"color","alpha":1,"blue":1,"green":1,"red":1},"booleanOperation":-1,"clippingMaskMode":0,"do_objectID":"C1C25495-4731-442C-9F5A-F5A93E09C43F","frame":{"_class":"rect","constrainProportions":false,"height":16,"width":16,"x":-40,"y":1117},"groupLayout":{"_class":"MSImmutableFreeformGroupLayout"},"hasBackgroundColor":false,"hasClickThrough":true,"hasClippingMask":false,"horizontalRulerData":{"_class":"rulerData","base":0,"guides":[]},"includeBackgroundColorInExport":true,"includeBackgroundColorInInstance":false,"includeInCloudUpload":true,"isFixedToViewport":false,"isFlippedHorizontal":false,"isFlippedVertical":false,"isFlowHome":false,"isLocked":false,"isVisible":true,"layerListExpandedType":0,"layers":[{"_class":"symbolInstance","booleanOperation":-1,"clippingMaskMode":0,"do_objectID":"F992F377-06FC-47AD-BFA9-FBFD173135CB","frame":{"_class":"rect","constrainProportions":true,"height":16,"width":16,"x":0,"y":0},"hasClippingMask":false,"horizontalSpacing":0,"isFixedToViewport":false,"isFlippedHorizontal":false,"isFlippedVertical":false,"isLocked":false,"isVisible":true,"name":"Icons-48px","nameIsFixed":true,"overrideValues":[],"resizingConstraint":45,"resizingType":0,"rotation":0,"scale":1,"shouldBreakMaskChain":false,"style":{"_class":"style","blur":{"_class":"blur","center":"{0.5, 0.5}","isEnabled":false,"motionAngle":0,"radius":10,"saturation":1,"type":0},"borderOptions":{"_class":"borderOptions","dashPattern":[],"isEnabled":true,"lineCapStyle":0,"lineJoinStyle":0},"borders":[],"colorControls":{"_class":"colorControls","brightness":0,"contrast":1,"hue":0,"isEnabled":false,"saturation":1},"contextSettings":{"_class":"graphicsContextSettings","blendMode":0,"opacity":1},"do_objectID":"15CAF902-AB9A-41C5-B51A-C3FF14B1B997","endMarkerType":0,"fills":[],"innerShadows":[],"miterLimit":10,"shadows":[],"startMarkerType":0,"windingRule":1},"symbolID":"3958410F-8B1F-4751-85E8-2D85BAE7D792","userInfo":{"com.animaapp.stc-sketch-plugin":{"kModelPropertiesKey":{"constraints":{"aspectRatio":{"constant":16,"enabled":1,"model_class":"ADModelConstraint","model_version":0,"multiplier":16},"automatic":1,"model_class":"ADModelViewConstraints","model_version":0,"scaleFactor":1}}}},"verticalSpacing":0}],"name":"13)Icons\u0026Ilustration/Icons/1-16px","nameIsFixed":true,"overrideProperties":[{"_class":"MSImmutableOverrideProperty","canOverride":true,"overrideName":"0C12AF7D-4178-41BE-B041-B1385376907B/731F68EC-C118-4601-829F-47469A7DF569_layerStyle"},{"_class":"MSImmutableOverrideProperty","canOverride":true,"overrideName":"0C12AF7D-4178-41BE-B041-B1385376907B_symbolID"}],"presetDictionary":{},"resizesContent":false,"resizingConstraint":63,"resizingType":0,"rotation":0,"shouldBreakMaskChain":true,"style":{"_class":"style","blur":{"_class":"blur","center":"{0.5, 0.5}","isEnabled":false,"motionAngle":0,"radius":10,"saturation":1,"type":0},"borderOptions":{"_class":"borderOptions","dashPattern":[],"isEnabled":true,"lineCapStyle":0,"lineJoinStyle":0},"borders":[],"colorControls":{"_class":"colorControls","brightness":0,"contrast":1,"hue":0,"isEnabled":false,"saturation":1},"contextSettings":{"_class":"graphicsContextSettings","blendMode":0,"opacity":1},"do_objectID":"CA97B61C-D08D-42DF-BE13-173A4F8A26C3","endMarkerType":0,"fills":[],"innerShadows":[],"miterLimit":10,"shadows":[],"startMarkerType":0,"windingRule":1},"symbolID":"D2FD6254-9F86-4992-AA49-B4438408A2D1","verticalRulerData":{"_class":"rulerData","base":0,"guides":[]}},{"_class":"symbolMaster","allowsOverrides":true,"backgroundColor":{"_class":"color","alpha":1,"blue":1,"green":1,"red":1},"booleanOperation":-1,"clippingMaskMode":0,"do_objectID":"2A0E949F-2A49-441C-84E0-392A662DE444","frame":{"_class":"rect","constrainProportions":false,"height":32,"width":32,"x":-144,"y":1117},"groupLayout":{"_class":"MSImmutableFreeformGroupLayout"},"hasBackgroundColor":false,"hasClickThrough":true,"hasClippingMask":false,"horizontalRulerData":{"_class":"rulerData","base":0,"guides":[]},"includeBackgroundColorInExport":true,"includeBackgroundColorInInstance":false,"includeInCloudUpload":true,"isFixedToViewport":false,"isFlippedHorizontal":false,"isFlippedVertical":false,"isFlowHome":false,"isLocked":false,"isVisible":true,"layerListExpandedType":0,"layers":[{"_class":"symbolInstance","booleanOperation":-1,"clippingMaskMode":0,"do_objectID":"175D26A7-51FC-47F2-910B-385DA4A3ED11","frame":{"_class":"rect","constrainProportions":true,"height":32,"width":32,"x":0,"y":0},"hasClippingMask":false,"horizontalSpacing":0,"isFixedToViewport":false,"isFlippedHorizontal":false,"isFlippedVertical":false,"isLocked":false,"isVisible":true,"name":"Icons-48px","nameIsFixed":true,"overrideValues":[],"resizingConstraint":45,"resizingType":0,"rotation":0,"scale":1,"shouldBreakMaskChain":false,"style":{"_class":"style","blur":{"_class":"blur","center":"{0.5, 0.5}","isEnabled":false,"motionAngle":0,"radius":10,"saturation":1,"type":0},"borderOptions":{"_class":"borderOptions","dashPattern":[],"isEnabled":true,"lineCapStyle":0,"lineJoinStyle":0},"borders":[],"colorControls":{"_class":"colorControls","brightness":0,"contrast":1,"hue":0,"isEnabled":false,"saturation":1},"contextSettings":{"_class":"graphicsContextSettings","blendMode":0,"opacity":1},"do_objectID":"AFC2C956-6553-4483-A4E0-1B023F046493","endMarkerType":0,"fills":[],"innerShadows":[],"miterLimit":10,"shadows":[],"startMarkerType":0,"windingRule":1},"symbolID":"3958410F-8B1F-4751-85E8-2D85BAE7D792","userInfo":{"com.animaapp.stc-sketch-plugin":{"kModelPropertiesKey":{"constraints":{"aspectRatio":{"constant":32,"enabled":1,"model_class":"ADModelConstraint","model_version":0,"multiplier":32},"automatic":1,"model_class":"ADModelViewConstraints","model_version":0,"scaleFactor":1}}}},"verticalSpacing":0}],"name":"13)Icons\u0026Ilustration/Icons/3-32px","nameIsFixed":true,"overrideProperties":[{"_class":"MSImmutableOverrideProperty","canOverride":true,"overrideName":"40BFFD24-9115-4050-8D79-5E1C84A203F7/731F68EC-C118-4601-829F-47469A7DF569_layerStyle"},{"_class":"MSImmutableOverrideProperty","canOverride":true,"overrideName":"40BFFD24-9115-4050-8D79-5E1C84A203F7_symbolID"}],"presetDictionary":{},"resizesContent":false,"resizingConstraint":63,"resizingType":0,"rotation":0,"shouldBreakMaskChain":true,"style":{"_class":"style","blur":{"_class":"blur","center":"{0.5, 0.5}","isEnabled":false,"motionAngle":0,"radius":10,"saturation":1,"type":0},"borderOptions":{"_class":"borderOptions","dashPattern":[],"isEnabled":true,"lineCapStyle":0,"lineJoinStyle":0},"borders":[],"colorControls":{"_class":"colorControls","brightness":0,"contrast":1,"hue":0,"isEnabled":false,"saturation":1},"contextSettings":{"_class":"graphicsContextSettings","blendMode":0,"opacity":1},"do_objectID":"B88DAB0B-EE44-437D-B05E-459233338043","endMarkerType":0,"fills":[],"innerShadows":[],"miterLimit":10,"shadows":[],"startMarkerType":0,"windingRule":1},"symbolID":"18212C23-7380-4EEC-B49E-755A839AC351","verticalRulerData":{"_class":"rulerData","base":0,"guides":[]}}],"name":"Icon/Ilustration Size","nameIsFixed":false,"resizingConstraint":63,"resizingType":0,"rotation":0,"scrollOrigin":"{228, -408}","shouldBreakMaskChain":false,"userInfo":{"com.animaapp.stc-sketch-plugin":{"com.animaapp.uses.anima":1}},"verticalRulerData":{"_class":"rulerData","base":-494,"guides":[]},"zoomValue":0.7808566404087866}