{"_class":"page","booleanOperation":-1,"clippingMaskMode":0,"do_objectID":"F76FF9B7-98AA-4F87-B009-640A342FDBD4","groupLayout":{"_class":"MSImmutableFreeformGroupLayout"},"hasClickThrough":false,"hasClippingMask":false,"horizontalRulerData":{"_class":"rulerData","base":-940,"guides":[]},"includeInCloudUpload":true,"isFixedToViewport":false,"isFlippedHorizontal":false,"isFlippedVertical":false,"isLocked":false,"isVisible":true,"layerListExpandedType":0,"layers":[{"_class":"artboard","backgroundColor":{"_class":"color","alpha":1,"blue":1,"green":1,"red":1},"booleanOperation":-1,"clippingMaskMode":0,"do_objectID":"5CA8E0E4-674F-410B-BD95-EB9827D82DC6","frame":{"_class":"rect","constrainProportions":false,"height":1182,"width":1104,"x":-23,"y":1191},"groupLayout":{"_class":"MSImmutableFreeformGroupLayout"},"hasBackgroundColor":false,"hasClickThrough":false,"hasClippingMask":false,"horizontalRulerData":{"_class":"rulerData","base":0,"guides":[]},"includeBackgroundColorInExport":true,"includeInCloudUpload":true,"isFixedToViewport":false,"isFlippedHorizontal":false,"isFlippedVertical":false,"isFlowHome":false,"isLocked":false,"isVisible":true,"layerListExpandedType":0,"layers":[{"_class":"group","booleanOperation":-1,"clippingMaskMode":0,"do_objectID":"8544AE73-7189-4BE0-94DE-872DF35FB5F0","frame":{"_class":"rect","constrainProportions":false,"height":195,"width":1132,"x":-28,"y":0},"groupLayout":{"_class":"MSImmutableFreeformGroupLayout"},"hasClickThrough":false,"hasClippingMask":false,"isFixedToViewport":false,"isFlippedHorizontal":false,"isFlippedVertical":false,"isLocked":false,"isVisible":true,"layers":[{"_class":"rectangle","booleanOperation":-1,"clippingMaskMode":0,"do_objectID":"3AEB19BF-ABAF-4FD6-A0EE-5471229E036A","edited":false,"fixedRadius":0,"frame":{"_class":"rect","constrainProportions":false,"height":195,"width":1104,"x":28,"y":0},"hasClippingMask":false,"hasConvertedToNewRoundCorners":true,"isClosed":true,"isFixedToViewport":false,"isFlippedHorizontal":false,"isFlippedVertical":false,"isLocked":false,"isVisible":true,"name":"Rectangle","nameIsFixed":false,"needsConvertionToNewRoundCorners":false,"pointRadiusBehaviour":1,"points":[{"_class":"curvePoint","cornerRadius":0,"curveFrom":"{0, 0}","curveMode":1,"curveTo":"{0, 0}","hasCurveFrom":false,"hasCurveTo":false,"point":"{0, 0}"},{"_class":"curvePoint","cornerRadius":0,"curveFrom":"{1, 0}","curveMode":1,"curveTo":"{1, 0}","hasCurveFrom":false,"hasCurveTo":false,"point":"{1, 0}"},{"_class":"curvePoint","cornerRadius":0,"curveFrom":"{1, 1}","curveMode":1,"curveTo":"{1, 1}","hasCurveFrom":false,"hasCurveTo":false,"point":"{1, 1}"},{"_class":"curvePoint","cornerRadius":0,"curveFrom":"{0, 1}","curveMode":1,"curveTo":"{0, 1}","hasCurveFrom":false,"hasCurveTo":false,"point":"{0, 1}"}],"resizingConstraint":63,"resizingType":0,"rotation":0,"sharedStyleID":"FF79DF52-402D-4A5D-8412-7222F0EB2E86","shouldBreakMaskChain":false,"style":{"_class":"style","blur":{"_class":"blur","center":"{0.5, 0.5}","isEnabled":false,"motionAngle":0,"radius":10,"saturation":1,"type":0},"borderOptions":{"_class":"borderOptions","dashPattern":[],"isEnabled":true,"lineCapStyle":0,"lineJoinStyle":0},"borders":[{"_class":"border","color":{"_class":"color","alpha":1,"blue":0.9686274509803922,"green":0.9450980392156862,"red":0.9294117647058824},"contextSettings":{"_class":"graphicsContextSettings","blendMode":0,"opacity":1},"fillType":0,"gradient":{"_class":"gradient","elipseLength":0,"from":"{0.5, 0}","gradientType":0,"stops":[{"_class":"gradientStop","color":{"_class":"color","alpha":1,"blue":1,"green":1,"red":1},"position":0},{"_class":"gradientStop","color":{"_class":"color","alpha":1,"blue":0,"green":0,"red":0},"position":1}],"to":"{0.5, 1}"},"isEnabled":false,"position":1,"thickness":1}],"colorControls":{"_class":"colorControls","brightness":0,"contrast":1,"hue":0,"isEnabled":true,"saturation":1},"contextSettings":{"_class":"graphicsContextSettings","blendMode":0,"opacity":1},"do_objectID":"716CB510-D0B9-4359-8B53-FAD22DBB2B34","endMarkerType":0,"fills":[{"_class":"fill","color":{"_class":"color","alpha":1,"blue":0.9882352941176471,"green":0.9764705882352941,"red":0.9686274509803922},"contextSettings":{"_class":"graphicsContextSettings","blendMode":0,"opacity":1},"fillType":0,"gradient":{"_class":"gradient","elipseLength":0,"from":"{0.5, 0}","gradientType":0,"stops":[{"_class":"gradientStop","color":{"_class":"color","alpha":1,"blue":1,"green":1,"red":1},"position":0},{"_class":"gradientStop","color":{"_class":"color","alpha":1,"blue":0,"green":0,"red":0},"position":1}],"to":"{0.5, 1}"},"isEnabled":true,"noiseIndex":0,"noiseIntensity":0,"patternFillType":1,"patternTileScale":1}],"innerShadows":[],"miterLimit":10,"shadows":[],"startMarkerType":0,"windingRule":0}},{"_class":"shapeGroup","booleanOperation":-1,"clippingMaskMode":0,"do_objectID":"C8A19794-5D0B-45E2-9D02-13A472D52C93","frame":{"_class":"rect","constrainProportions":true,"height":160,"width":112,"x":0,"y":15},"groupLayout":{"_class":"MSImmutableFreeformGroupLayout"},"hasClickThrough":false,"hasClippingMask":false,"isFixedToViewport":false,"isFlippedHorizontal":false,"isFlippedVertical":false,"isLocked":false,"isVisible":true,"layers":[{"_class":"shapePath","booleanOperation":-1,"clippingMaskMode":0,"do_objectID":"65B72901-F3A6-4DD6-B525-DCCCB80731E1","edited":true,"frame":{"_class":"rect","constrainProportions":false,"height":160,"width":112,"x":0,"y":0},"hasClippingMask":false,"isClosed":true,"isFixedToViewport":false,"isFlippedHorizontal":false,"isFlippedVertical":false,"isLocked":false,"isVisible":true,"name":"Path","nameIsFixed":false,"pointRadiusBehaviour":1,"points":[{"_class":"curvePoint","cornerRadius":0,"curveFrom":"{0.66919191919191912, 1}","curveMode":2,"curveTo":"{0.33459595959595961, 1}","hasCurveFrom":true,"hasCurveTo":true,"point":"{0.5, 1}"},{"_class":"curvePoint","cornerRadius":0,"curveFrom":"{0.95896464646464652, 0.7998447549345753}","curveMode":2,"curveTo":"{0.79482323232323226, 0.95996895098691515}","hasCurveFrom":true,"hasCurveTo":true,"point":"{0.87689393939393945, 0.87990685296074522}"},{"_class":"curvePoint","cornerRadius":0,"curveFrom":"{1, 0.33532934131736525}","curveMode":2,"curveTo":"{1, 0.67376358394322455}","hasCurveFrom":true,"hasCurveTo":true,"point":"{1, 0.50166333998669332}"},{"_class":"curvePoint","cornerRadius":0,"curveFrom":"{0.78929924242424243, 0.042027056997116882}","curveMode":2,"curveTo":"{0.95785984848484851, 0.21013528498558437}","hasCurveFrom":true,"hasCurveTo":true,"point":"{0.87357954545454541, 0.12608117099135063}"},{"_class":"curvePoint","cornerRadius":0,"curveFrom":"{0.33080808080808083, 0}","curveMode":2,"curveTo":"{0.66477272727272729, 0}","hasCurveFrom":true,"hasCurveTo":true,"point":"{0.5, 0}"},{"_class":"curvePoint","cornerRadius":0,"curveFrom":"{0.041035353535353543, 0.20181858505211797}","curveMode":2,"curveTo":"{0.20517676767676765, 0.040363717010423607}","hasCurveFrom":true,"hasCurveTo":true,"point":"{0.12310606060606061, 0.12109115103127079}"},{"_class":"curvePoint","cornerRadius":0,"curveFrom":"{0, 0.66666666666666663}","curveMode":2,"curveTo":"{0, 0.32867598137059217}","hasCurveFrom":true,"hasCurveTo":true,"point":"{0, 0.50166333998669332}"},{"_class":"curvePoint","cornerRadius":0,"curveFrom":"{0.20991161616161613, 0.95819472166777553}","curveMode":2,"curveTo":"{0.041982323232323239, 0.79097360833887775}","hasCurveFrom":true,"hasCurveTo":true,"point":"{0.1259469696969697, 0.8745841650033267}"}],"resizingConstraint":63,"resizingType":0,"rotation":0,"shouldBreakMaskChain":false,"style":{"_class":"style","blur":{"_class":"blur","center":"{0.5, 0.5}","isEnabled":false,"motionAngle":0,"radius":10,"saturation":1,"type":0},"borderOptions":{"_class":"borderOptions","dashPattern":[],"isEnabled":true,"lineCapStyle":0,"lineJoinStyle":0},"borders":[],"colorControls":{"_class":"colorControls","brightness":0,"contrast":1,"hue":0,"isEnabled":false,"saturation":1},"contextSettings":{"_class":"graphicsContextSettings","blendMode":0,"opacity":1},"do_objectID":"52F3031C-C72E-4257-9DF1-F81218582EE2","endMarkerType":0,"fills":[],"innerShadows":[],"miterLimit":10,"shadows":[],"startMarkerType":0,"windingRule":1}},{"_class":"shapePath","booleanOperation":-1,"clippingMaskMode":0,"do_objectID":"0BE25613-B98B-46F7-85DF-2046F055092F","edited":true,"frame":{"_class":"rect","constrainProportions":false,"height":93,"width":29,"x":42,"y":34},"hasClippingMask":false,"isClosed":true,"isFixedToViewport":false,"isFlippedHorizontal":false,"isFlippedVertical":false,"isLocked":false,"isVisible":true,"name":"Path","nameIsFixed":false,"pointRadiusBehaviour":1,"points":[{"_class":"curvePoint","cornerRadius":0,"curveFrom":"{0.3197530864197532, 1}","curveMode":2,"curveTo":"{0.68271604938271613, 1}","hasCurveFrom":true,"hasCurveTo":true,"point":"{0.5, 1}"},{"_class":"curvePoint","cornerRadius":0,"curveFrom":"{0.038271604938271697, 0.82224770642201839}","curveMode":2,"curveTo":"{0.19135802469135793, 0.96444954128440363}","hasCurveFrom":true,"hasCurveTo":true,"point":"{0.11481481481481481, 0.89334862385321101}"},{"_class":"curvePoint","cornerRadius":0,"curveFrom":"{0, 0.50229357798165142}","curveMode":4,"curveTo":"{0, 0.69189602446483178}","hasCurveFrom":false,"hasCurveTo":true,"point":"{0, 0.50229357798165142}"},{"_class":"curvePoint","cornerRadius":0,"curveFrom":"{0.0018896747233049138, 0.3047829946860669}","curveMode":4,"curveTo":"{6.8301496022656836e-05, 0.48841477058762528}","hasCurveFrom":true,"hasCurveTo":false,"point":"{6.8301496022656836e-05, 0.48841477058762528}"},{"_class":"curvePoint","cornerRadius":0,"curveFrom":"{0.19135802469135793, 0.035932721712538251}","curveMode":2,"curveTo":"{0.040138512496235811, 0.17791079286939665}","hasCurveFrom":true,"hasCurveTo":true,"point":"{0.11481481481481481, 0.10779816513761468}"},{"_class":"curvePoint","cornerRadius":0,"curveFrom":"{0.6802469135802468, 0}","curveMode":2,"curveTo":"{0.3197530864197532, 0}","hasCurveFrom":true,"hasCurveTo":true,"point":"{0.5, 0}"},{"_class":"curvePoint","cornerRadius":0,"curveFrom":"{0.96172839506172836, 0.18635321100917432}","curveMode":2,"curveTo":"{0.80864197530864201, 0.037270642201834861}","hasCurveFrom":true,"hasCurveTo":true,"point":"{0.88518518518518519, 0.11181192660550458}"},{"_class":"curvePoint","cornerRadius":0,"curveFrom":"{1, 0.68730886850152895}","curveMode":2,"curveTo":"{1, 0.3165137614678899}","hasCurveFrom":true,"hasCurveTo":true,"point":"{1, 0.50229357798165142}"},{"_class":"curvePoint","cornerRadius":0,"curveFrom":"{0.81172839506172834, 0.96330275229357798}","curveMode":2,"curveTo":"{0.9623456790123458, 0.8165137614678899}","hasCurveFrom":true,"hasCurveTo":true,"point":"{0.88703703703703707, 0.88990825688073394}"}],"resizingConstraint":63,"resizingType":0,"rotation":0,"shouldBreakMaskChain":false,"style":{"_class":"style","blur":{"_class":"blur","center":"{0.5, 0.5}","isEnabled":false,"motionAngle":0,"radius":10,"saturation":1,"type":0},"borderOptions":{"_class":"borderOptions","dashPattern":[],"isEnabled":true,"lineCapStyle":0,"lineJoinStyle":0},"borders":[],"colorControls":{"_class":"colorControls","brightness":0,"contrast":1,"hue":0,"isEnabled":false,"saturation":1},"contextSettings":{"_class":"graphicsContextSettings","blendMode":0,"opacity":1},"do_objectID":"F876FF6A-BF14-498A-8BC4-E6127644F7F4","endMarkerType":0,"fills":[],"innerShadows":[],"miterLimit":10,"shadows":[],"startMarkerType":0,"windingRule":1}}],"name":"0","nameIsFixed":false,"resizingConstraint":63,"resizingType":0,"rotation":0,"shouldBreakMaskChain":false,"style":{"_class":"style","blur":{"_class":"blur","center":"{0.5, 0.5}","isEnabled":false,"motionAngle":0,"radius":10,"saturation":1,"type":0},"borderOptions":{"_class":"borderOptions","dashPattern":[],"isEnabled":true,"lineCapStyle":0,"lineJoinStyle":0},"borders":[],"colorControls":{"_class":"colorControls","brightness":0,"contrast":1,"hue":0,"isEnabled":false,"saturation":1},"contextSettings":{"_class":"graphicsContextSettings","blendMode":0,"opacity":1},"do_objectID":"DD67E70A-EEFB-4792-90FA-B84A44620BD5","endMarkerType":0,"fills":[{"_class":"fill","color":{"_class":"color","alpha":1,"blue":1,"green":1,"red":1},"contextSettings":{"_class":"graphicsContextSettings","blendMode":0,"opacity":1},"fillType":0,"gradient":{"_class":"gradient","elipseLength":0,"from":"{0.5, 0}","gradientType":0,"stops":[{"_class":"gradientStop","color":{"_class":"color","alpha":1,"blue":1,"green":1,"red":1},"position":0},{"_class":"gradientStop","color":{"_class":"color","alpha":1,"blue":0,"green":0,"red":0},"position":1}],"to":"{0.5, 1}"},"isEnabled":true,"noiseIndex":0,"noiseIntensity":0,"patternFillType":1,"patternTileScale":1}],"innerShadows":[],"miterLimit":10,"shadows":[],"startMarkerType":0,"windingRule":0},"windingRule":0},{"_class":"group","booleanOperation":-1,"clippingMaskMode":0,"do_objectID":"F80C6EB2-486B-485F-A9EC-A3C41DCC6131","frame":{"_class":"rect","constrainProportions":false,"height":80,"width":350,"x":99,"y":47},"groupLayout":{"_class":"MSImmutableFreeformGroupLayout"},"hasClickThrough":false,"hasClippingMask":false,"isFixedToViewport":false,"isFlippedHorizontal":false,"isFlippedVertical":false,"isLocked":false,"isVisible":true,"layers":[{"_class":"text","attributedString":{"_class":"attributedString","attributes":[{"_class":"stringAttribute","attributes":{"MSAttributedStringColorAttribute":{"_class":"color","alpha":1,"blue":0.7019607843137254,"green":0.6078431372549019,"red":0.5607843137254902},"MSAttributedStringFontAttribute":{"_class":"fontDescriptor","attributes":{"name":"OpenSans-SemiBold","size":15}},"paragraphStyle":{"_class":"paragraphStyle","alignment":0,"maximumLineHeight":24,"minimumLineHeight":24},"textStyleVerticalAlignmentKey":1},"length":28,"location":0}],"string":"There are Stepper Processes."},"automaticallyDrawOnUnderlyingPath":false,"booleanOperation":0,"clippingMaskMode":0,"do_objectID":"CEEE7E9A-07BA-4F8C-ADB6-78E17C639817","dontSynchroniseWithSymbol":false,"frame":{"_class":"rect","constrainProportions":false,"height":24,"width":210,"x":0,"y":56},"glyphBounds":"{{0, 6}, {209, 16}}","hasClippingMask":false,"isFixedToViewport":false,"isFlippedHorizontal":false,"isFlippedVertical":false,"isLocked":false,"isVisible":true,"lineSpacingBehaviour":3,"name":"There are Stepper Pr","nameIsFixed":false,"resizingConstraint":47,"resizingType":0,"rotation":0,"shouldBreakMaskChain":false,"style":{"_class":"style","blur":{"_class":"blur","center":"{0.5, 0.5}","isEnabled":false,"motionAngle":0,"radius":10,"saturation":1,"type":0},"borderOptions":{"_class":"borderOptions","dashPattern":[],"isEnabled":true,"lineCapStyle":0,"lineJoinStyle":0},"borders":[],"colorControls":{"_class":"colorControls","brightness":0,"contrast":1,"hue":0,"isEnabled":true,"saturation":1},"contextSettings":{"_class":"graphicsContextSettings","blendMode":0,"opacity":1},"do_objectID":"600B6E4B-FB8C-411D-9609-5C4283C95E81","endMarkerType":0,"fills":[],"innerShadows":[],"miterLimit":10,"shadows":[],"startMarkerType":0,"textStyle":{"_class":"textStyle","encodedAttributes":{"MSAttributedStringColorAttribute":{"_class":"color","alpha":1,"blue":0.7019607843137254,"green":0.6078431372549019,"red":0.5607843137254902},"MSAttributedStringFontAttribute":{"_class":"fontDescriptor","attributes":{"name":"OpenSans-SemiBold","size":15}},"paragraphStyle":{"_class":"paragraphStyle","alignment":0,"maximumLineHeight":24,"minimumLineHeight":24},"textStyleVerticalAlignmentKey":1},"verticalAlignment":0},"windingRule":1},"textBehaviour":0,"userInfo":{"com.animaapp.stc-sketch-plugin":{"kModelPropertiesKey":{"isAutoWidth":1}}}},{"_class":"text","attributedString":{"_class":"attributedString","attributes":[{"_class":"stringAttribute","attributes":{"MSAttributedStringColorAttribute":{"_class":"color","alpha":1,"blue":0.1764705882352941,"green":0.1803921568627451,"red":0.1803921568627451},"MSAttributedStringFontAttribute":{"_class":"fontDescriptor","attributes":{"name":"AppleColorEmoji","size":36}},"paragraphStyle":{"_class":"paragraphStyle","alignment":0,"maximumLineHeight":48,"minimumLineHeight":48},"textStyleVerticalAlignmentKey":1},"length":1,"location":0},{"_class":"stringAttribute","attributes":{"MSAttributedStringColorAttribute":{"_class":"color","alpha":1,"blue":0.1764705882352941,"green":0.1803921568627451,"red":0.1803921568627451},"MSAttributedStringFontAttribute":{"_class":"fontDescriptor","attributes":{"name":"OpenSans-Bold","size":36}},"paragraphStyle":{"_class":"paragraphStyle","alignment":0,"maximumLineHeight":48,"minimumLineHeight":48},"textStyleVerticalAlignmentKey":1},"length":17,"location":1}],"string":"⛳ Progress Stepper"},"automaticallyDrawOnUnderlyingPath":false,"booleanOperation":0,"clippingMaskMode":0,"do_objectID":"EDC0041E-1D37-4F77-B897-9A68CA36BA5B","dontSynchroniseWithSymbol":false,"frame":{"_class":"rect","constrainProportions":false,"height":48,"width":350,"x":0,"y":0},"glyphBounds":"{{0, 6}, {349, 41}}","hasClippingMask":false,"isFixedToViewport":false,"isFlippedHorizontal":false,"isFlippedVertical":false,"isLocked":false,"isVisible":true,"lineSpacingBehaviour":3,"name":"⛳ Progress Stepper","nameIsFixed":false,"resizingConstraint":47,"resizingType":0,"rotation":0,"sharedStyleID":"FC2871CD-6066-4AA7-8E5D-CEAE25E809F6","shouldBreakMaskChain":false,"style":{"_class":"style","blur":{"_class":"blur","center":"{0.5, 0.5}","isEnabled":false,"motionAngle":0,"radius":10,"saturation":1,"type":0},"borderOptions":{"_class":"borderOptions","dashPattern":[],"isEnabled":true,"lineCapStyle":0,"lineJoinStyle":0},"borders":[],"colorControls":{"_class":"colorControls","brightness":0,"contrast":1,"hue":0,"isEnabled":true,"saturation":1},"contextSettings":{"_class":"graphicsContextSettings","blendMode":0,"opacity":1},"do_objectID":"D6D1A0E1-96A9-4C98-A5E5-382BB3A2E274","endMarkerType":0,"fills":[],"innerShadows":[],"miterLimit":10,"shadows":[],"startMarkerType":0,"textStyle":{"_class":"textStyle","encodedAttributes":{"MSAttributedStringColorAttribute":{"_class":"color","alpha":1,"blue":0.1764705882352941,"green":0.1803921568627451,"red":0.1803921568627451},"MSAttributedStringFontAttribute":{"_class":"fontDescriptor","attributes":{"name":"AppleColorEmoji","size":36}},"paragraphStyle":{"_class":"paragraphStyle","alignment":0,"maximumLineHeight":48,"minimumLineHeight":48},"textStyleVerticalAlignmentKey":1},"verticalAlignment":1},"windingRule":1},"textBehaviour":0,"userInfo":{"com.animaapp.stc-sketch-plugin":{"kModelPropertiesKey":{"isAutoWidth":1}}}}],"name":"Group","nameIsFixed":false,"resizingConstraint":63,"resizingType":0,"rotation":0,"shouldBreakMaskChain":false,"style":{"_class":"style","blur":{"_class":"blur","center":"{0.5, 0.5}","isEnabled":false,"motionAngle":0,"radius":10,"saturation":1,"type":0},"borderOptions":{"_class":"borderOptions","dashPattern":[],"isEnabled":true,"lineCapStyle":0,"lineJoinStyle":0},"borders":[],"colorControls":{"_class":"colorControls","brightness":0,"contrast":1,"hue":0,"isEnabled":true,"saturation":1},"contextSettings":{"_class":"graphicsContextSettings","blendMode":0,"opacity":1},"do_objectID":"BA4D65F3-73A5-4FE8-9D0B-CE131C54B078","endMarkerType":0,"fills":[],"innerShadows":[],"miterLimit":10,"shadows":[],"startMarkerType":0,"windingRule":1}}],"name":"Group 2","nameIsFixed":false,"resizingConstraint":63,"resizingType":0,"rotation":0,"shouldBreakMaskChain":false,"style":{"_class":"style","blur":{"_class":"blur","center":"{0.5, 0.5}","isEnabled":false,"motionAngle":0,"radius":10,"saturation":1,"type":0},"borderOptions":{"_class":"borderOptions","dashPattern":[],"isEnabled":true,"lineCapStyle":0,"lineJoinStyle":0},"borders":[],"colorControls":{"_class":"colorControls","brightness":0,"contrast":1,"hue":0,"isEnabled":true,"saturation":1},"contextSettings":{"_class":"graphicsContextSettings","blendMode":0,"opacity":1},"do_objectID":"4E22587B-AC6B-4087-8CDA-5069B2773429","endMarkerType":0,"fills":[],"innerShadows":[],"miterLimit":10,"shadows":[],"startMarkerType":0,"windingRule":1}},{"_class":"group","booleanOperation":-1,"clippingMaskMode":0,"do_objectID":"F4371429-3775-4BD4-884A-1DC72E3E4DDA","frame":{"_class":"rect","constrainProportions":false,"height":2,"width":513,"x":0,"y":193},"groupLayout":{"_class":"MSImmutableFreeformGroupLayout"},"hasClickThrough":false,"hasClippingMask":false,"isFixedToViewport":false,"isFlippedHorizontal":false,"isFlippedVertical":false,"isLocked":false,"isVisible":true,"layers":[{"_class":"rectangle","booleanOperation":-1,"clippingMaskMode":0,"do_objectID":"08F4CFFC-09C7-4E0C-ABCD-BD050C40EA40","edited":false,"fixedRadius":0,"frame":{"_class":"rect","constrainProportions":false,"height":2,"width":513,"x":0,"y":0},"hasClippingMask":true,"hasConvertedToNewRoundCorners":true,"isClosed":true,"isFixedToViewport":false,"isFlippedHorizontal":false,"isFlippedVertical":false,"isLocked":false,"isVisible":true,"name":"🎨 Divider Color","nameIsFixed":true,"needsConvertionToNewRoundCorners":false,"pointRadiusBehaviour":1,"points":[{"_class":"curvePoint","cornerRadius":0,"curveFrom":"{0, 0}","curveMode":1,"curveTo":"{0, 0}","hasCurveFrom":false,"hasCurveTo":false,"point":"{0, 0}"},{"_class":"curvePoint","cornerRadius":0,"curveFrom":"{1, 0}","curveMode":1,"curveTo":"{1, 0}","hasCurveFrom":false,"hasCurveTo":false,"point":"{1, 0}"},{"_class":"curvePoint","cornerRadius":0,"curveFrom":"{1, 1}","curveMode":1,"curveTo":"{1, 1}","hasCurveFrom":false,"hasCurveTo":false,"point":"{1, 1}"},{"_class":"curvePoint","cornerRadius":0,"curveFrom":"{0, 1}","curveMode":1,"curveTo":"{0, 1}","hasCurveFrom":false,"hasCurveTo":false,"point":"{0, 1}"}],"resizingConstraint":15,"resizingType":0,"rotation":0,"shouldBreakMaskChain":false,"style":{"_class":"style","blur":{"_class":"blur","center":"{0.5, 0.5}","isEnabled":false,"motionAngle":0,"radius":10,"saturation":1,"type":0},"borderOptions":{"_class":"borderOptions","dashPattern":[],"isEnabled":true,"lineCapStyle":0,"lineJoinStyle":0},"borders":[{"_class":"border","color":{"_class":"color","alpha":1,"blue":0.592,"green":0.592,"red":0.592},"contextSettings":{"_class":"graphicsContextSettings","blendMode":0,"opacity":1},"fillType":0,"gradient":{"_class":"gradient","elipseLength":0,"from":"{0.5, 0}","gradientType":0,"stops":[{"_class":"gradientStop","color":{"_class":"color","alpha":1,"blue":1,"green":1,"red":1},"position":0},{"_class":"gradientStop","color":{"_class":"color","alpha":1,"blue":0,"green":0,"red":0},"position":1}],"to":"{0.5, 1}"},"isEnabled":false,"position":1,"thickness":1}],"colorControls":{"_class":"colorControls","brightness":0,"contrast":1,"hue":0,"isEnabled":true,"saturation":1},"contextSettings":{"_class":"graphicsContextSettings","blendMode":0,"opacity":1},"do_objectID":"BDF9ABAF-3D63-405A-8D5E-7E406ACAF99B","endMarkerType":0,"fills":[{"_class":"fill","color":{"_class":"color","alpha":1,"blue":0.9529411764705882,"green":0.9568627450980391,"red":0.9568627450980391},"contextSettings":{"_class":"graphicsContextSettings","blendMode":0,"opacity":1},"fillType":0,"gradient":{"_class":"gradient","elipseLength":0,"from":"{0.5, 0}","gradientType":0,"stops":[{"_class":"gradientStop","color":{"_class":"color","alpha":1,"blue":1,"green":1,"red":1},"position":0},{"_class":"gradientStop","color":{"_class":"color","alpha":1,"blue":0,"green":0,"red":0},"position":1}],"to":"{0.5, 1}"},"isEnabled":true,"noiseIndex":0,"noiseIntensity":0,"patternFillType":1,"patternTileScale":1}],"innerShadows":[],"miterLimit":10,"shadows":[],"startMarkerType":0,"windingRule":1},"userInfo":{"com.animaapp.stc-sketch-plugin":{"kModelPropertiesKey":{}}}}],"name":"20) Divider/ ━ 2px","nameIsFixed":false,"resizingConstraint":63,"resizingType":0,"rotation":0,"shouldBreakMaskChain":false,"style":{"_class":"style","blur":{"_class":"blur","center":"{0.5, 0.5}","isEnabled":false,"motionAngle":0,"radius":10,"saturation":1,"type":0},"borderOptions":{"_class":"borderOptions","dashPattern":[],"isEnabled":true,"lineCapStyle":0,"lineJoinStyle":0},"borders":[],"colorControls":{"_class":"colorControls","brightness":0,"contrast":1,"hue":0,"isEnabled":true,"saturation":1},"contextSettings":{"_class":"graphicsContextSettings","blendMode":0,"opacity":1},"do_objectID":"0292CCF6-43C7-45AC-B4F8-5A4E62C3C38B","endMarkerType":0,"fills":[],"innerShadows":[],"miterLimit":10,"shadows":[],"startMarkerType":0,"windingRule":1},"userInfo":{"com.bohemiancoding.sketchtool.detach":{"symbolInstance":{"do_objectID":"2D7C07DB-3117-4D18-A61E-18B459D799B7","frame":{"_class":"rect","constrainProportions":false,"height":1,"width":513,"x":0,"y":193}},"symbolMaster":{"do_objectID":"C8571338-3297-4E66-8428-198BD426F589","symbolID":"B5C99A05-C172-4688-8B17-1A02D0176BB0"}},"com.sketch.detach":{"symbolInstance":{"do_objectID":"2D7C07DB-3117-4D18-A61E-18B459D799B7","frame":{"_class":"rect","constrainProportions":false,"height":1,"width":513,"x":0,"y":193}},"symbolMaster":{"do_objectID":"C8571338-3297-4E66-8428-198BD426F589","symbolID":"B5C99A05-C172-4688-8B17-1A02D0176BB0"}}}},{"_class":"rectangle","booleanOperation":-1,"clippingMaskMode":0,"do_objectID":"3F69542D-0A77-46F6-A555-399129D4A424","edited":false,"fixedRadius":1,"frame":{"_class":"rect","constrainProportions":false,"height":4,"width":123,"x":320,"y":380},"hasClippingMask":false,"hasConvertedToNewRoundCorners":true,"isClosed":true,"isFixedToViewport":false,"isFlippedHorizontal":false,"isFlippedVertical":false,"isLocked":false,"isVisible":false,"name":"Selector","nameIsFixed":true,"needsConvertionToNewRoundCorners":false,"pointRadiusBehaviour":1,"points":[{"_class":"curvePoint","cornerRadius":1,"curveFrom":"{0, 0}","curveMode":1,"curveTo":"{0, 0}","hasCurveFrom":false,"hasCurveTo":false,"point":"{0, 0}"},{"_class":"curvePoint","cornerRadius":1,"curveFrom":"{1, 0}","curveMode":1,"curveTo":"{1, 0}","hasCurveFrom":false,"hasCurveTo":false,"point":"{1, 0}"},{"_class":"curvePoint","cornerRadius":1,"curveFrom":"{1, 1}","curveMode":1,"curveTo":"{1, 1}","hasCurveFrom":false,"hasCurveTo":false,"point":"{1, 1}"},{"_class":"curvePoint","cornerRadius":1,"curveFrom":"{0, 1}","curveMode":1,"curveTo":"{0, 1}","hasCurveFrom":false,"hasCurveTo":false,"point":"{0, 1}"}],"resizingConstraint":34,"resizingType":0,"rotation":0,"shouldBreakMaskChain":false,"style":{"_class":"style","blur":{"_class":"blur","center":"{0.5, 0.5}","isEnabled":false,"motionAngle":0,"radius":10,"saturation":1,"type":0},"borderOptions":{"_class":"borderOptions","dashPattern":[],"isEnabled":true,"lineCapStyle":0,"lineJoinStyle":0},"borders":[],"colorControls":{"_class":"colorControls","brightness":0,"contrast":1,"hue":0,"isEnabled":true,"saturation":1},"contextSettings":{"_class":"graphicsContextSettings","blendMode":0,"opacity":0.1599999964237213},"do_objectID":"B7013DE3-46BA-4707-A9E8-8E2104BB8A9E","endMarkerType":0,"fills":[{"_class":"fill","color":{"_class":"color","alpha":1,"blue":0.7019607843137254,"green":0.6078431372549019,"red":0.5607843137254902},"contextSettings":{"_class":"graphicsContextSettings","blendMode":0,"opacity":1},"fillType":0,"gradient":{"_class":"gradient","elipseLength":1,"from":"{0, 0}","gradientType":0,"stops":[{"_class":"gradientStop","color":{"_class":"color","alpha":1,"blue":0.6812630891799927,"green":0.1368522942066193,"red":0.1894279420375824},"position":0},{"_class":"gradientStop","color":{"_class":"color","alpha":1,"blue":0.8446085453033447,"green":0.4293425381183624,"red":0.7855268716812134},"position":1}],"to":"{1.0199999809265137, 1.0099999904632568}"},"isEnabled":true,"noiseIndex":0,"noiseIntensity":0,"patternFillType":1,"patternTileScale":1}],"innerShadows":[],"miterLimit":10,"shadows":[],"startMarkerType":0,"windingRule":1},"userInfo":{"com.animaapp.stc-sketch-plugin":{"kModelPropertiesKey":{}}}},{"_class":"text","attributedString":{"_class":"attributedString","attributes":[{"_class":"stringAttribute","attributes":{"MSAttributedStringColorAttribute":{"_class":"color","alpha":1,"blue":0.7019607843137254,"green":0.6078431372549019,"red":0.5607843137254902},"MSAttributedStringFontAttribute":{"_class":"fontDescriptor","attributes":{"name":"OpenSans-SemiBold","size":15}},"paragraphStyle":{"_class":"paragraphStyle","alignment":0,"maximumLineHeight":24,"minimumLineHeight":24},"textStyleVerticalAlignmentKey":1},"length":10,"location":0}],"string":"First Step"},"automaticallyDrawOnUnderlyingPath":false,"booleanOperation":-1,"clippingMaskMode":0,"do_objectID":"D6BD01B7-1022-49B0-BC02-2571B5DCDCA6","dontSynchroniseWithSymbol":false,"frame":{"_class":"rect","constrainProportions":false,"height":24,"width":68,"x":98,"y":235},"glyphBounds":"{{1, 6}, {67, 16}}","hasClippingMask":false,"isFixedToViewport":false,"isFlippedHorizontal":false,"isFlippedVertical":false,"isLocked":false,"isVisible":true,"lineSpacingBehaviour":3,"name":"First Step","nameIsFixed":false,"resizingConstraint":47,"resizingType":0,"rotation":0,"shouldBreakMaskChain":false,"style":{"_class":"style","blur":{"_class":"blur","center":"{0.5, 0.5}","isEnabled":false,"motionAngle":0,"radius":10,"saturation":1,"type":0},"borderOptions":{"_class":"borderOptions","dashPattern":[],"isEnabled":true,"lineCapStyle":0,"lineJoinStyle":0},"borders":[],"colorControls":{"_class":"colorControls","brightness":0,"contrast":1,"hue":0,"isEnabled":true,"saturation":1},"contextSettings":{"_class":"graphicsContextSettings","blendMode":0,"opacity":1},"do_objectID":"8D077882-F05F-4F2C-8C2F-2F003E68EBF8","endMarkerType":0,"fills":[],"innerShadows":[],"miterLimit":10,"shadows":[],"startMarkerType":0,"textStyle":{"_class":"textStyle","encodedAttributes":{"MSAttributedStringColorAttribute":{"_class":"color","alpha":1,"blue":0.7019607843137254,"green":0.6078431372549019,"red":0.5607843137254902},"MSAttributedStringFontAttribute":{"_class":"fontDescriptor","attributes":{"name":"OpenSans-SemiBold","size":15}},"paragraphStyle":{"_class":"paragraphStyle","alignment":0,"maximumLineHeight":24,"minimumLineHeight":24},"textStyleVerticalAlignmentKey":1},"verticalAlignment":0},"windingRule":1},"textBehaviour":0},{"_class":"text","attributedString":{"_class":"attributedString","attributes":[{"_class":"stringAttribute","attributes":{"MSAttributedStringColorAttribute":{"_class":"color","alpha":1,"blue":0.7019607843137254,"green":0.6078431372549019,"red":0.5607843137254902},"MSAttributedStringFontAttribute":{"_class":"fontDescriptor","attributes":{"name":"OpenSans-SemiBold","size":15}},"paragraphStyle":{"_class":"paragraphStyle","alignment":1,"maximumLineHeight":24,"minimumLineHeight":24},"textStyleVerticalAlignmentKey":1},"length":11,"location":0}],"string":"Middle Step"},"automaticallyDrawOnUnderlyingPath":false,"booleanOperation":-1,"clippingMaskMode":0,"do_objectID":"4F2B1C54-5032-4CA8-B912-0BFD0CE34BCA","dontSynchroniseWithSymbol":false,"frame":{"_class":"rect","constrainProportions":false,"height":24,"width":86,"x":80,"y":338},"glyphBounds":"{{1, 6}, {84, 16}}","hasClippingMask":false,"isFixedToViewport":false,"isFlippedHorizontal":false,"isFlippedVertical":false,"isLocked":false,"isVisible":true,"lineSpacingBehaviour":3,"name":"Middle Step","nameIsFixed":false,"resizingConstraint":47,"resizingType":0,"rotation":0,"shouldBreakMaskChain":false,"style":{"_class":"style","blur":{"_class":"blur","center":"{0.5, 0.5}","isEnabled":false,"motionAngle":0,"radius":10,"saturation":1,"type":0},"borderOptions":{"_class":"borderOptions","dashPattern":[],"isEnabled":true,"lineCapStyle":0,"lineJoinStyle":0},"borders":[],"colorControls":{"_class":"colorControls","brightness":0,"contrast":1,"hue":0,"isEnabled":true,"saturation":1},"contextSettings":{"_class":"graphicsContextSettings","blendMode":0,"opacity":1},"do_objectID":"F7F53317-3435-4C96-BDBE-9741DE8BE484","endMarkerType":0,"fills":[],"innerShadows":[],"miterLimit":10,"shadows":[],"startMarkerType":0,"textStyle":{"_class":"textStyle","encodedAttributes":{"MSAttributedStringColorAttribute":{"_class":"color","alpha":1,"blue":0.7019607843137254,"green":0.6078431372549019,"red":0.5607843137254902},"MSAttributedStringFontAttribute":{"_class":"fontDescriptor","attributes":{"name":"OpenSans-SemiBold","size":15}},"paragraphStyle":{"_class":"paragraphStyle","alignment":1,"maximumLineHeight":24,"minimumLineHeight":24},"textStyleVerticalAlignmentKey":1},"verticalAlignment":0},"windingRule":1},"textBehaviour":0},{"_class":"text","attributedString":{"_class":"attributedString","attributes":[{"_class":"stringAttribute","attributes":{"MSAttributedStringColorAttribute":{"_class":"color","alpha":1,"blue":0.7019607843137254,"green":0.6078431372549019,"red":0.5607843137254902},"MSAttributedStringFontAttribute":{"_class":"fontDescriptor","attributes":{"name":"OpenSans-SemiBold","size":15}},"paragraphStyle":{"_class":"paragraphStyle","alignment":1,"maximumLineHeight":24,"minimumLineHeight":24},"textStyleVerticalAlignmentKey":1},"length":9,"location":0}],"string":"Last Step"},"automaticallyDrawOnUnderlyingPath":false,"booleanOperation":-1,"clippingMaskMode":0,"do_objectID":"AEA867AF-81DB-40FC-97E7-C9846CAC6ADF","dontSynchroniseWithSymbol":false,"frame":{"_class":"rect","constrainProportions":false,"height":24,"width":67,"x":99,"y":439},"glyphBounds":"{{1, 7}, {65, 15}}","hasClippingMask":false,"isFixedToViewport":false,"isFlippedHorizontal":false,"isFlippedVertical":false,"isLocked":false,"isVisible":true,"lineSpacingBehaviour":3,"name":"Last Step","nameIsFixed":false,"resizingConstraint":47,"resizingType":0,"rotation":0,"shouldBreakMaskChain":false,"style":{"_class":"style","blur":{"_class":"blur","center":"{0.5, 0.5}","isEnabled":false,"motionAngle":0,"radius":10,"saturation":1,"type":0},"borderOptions":{"_class":"borderOptions","dashPattern":[],"isEnabled":true,"lineCapStyle":0,"lineJoinStyle":0},"borders":[],"colorControls":{"_class":"colorControls","brightness":0,"contrast":1,"hue":0,"isEnabled":true,"saturation":1},"contextSettings":{"_class":"graphicsContextSettings","blendMode":0,"opacity":1},"do_objectID":"55327235-48D0-44DC-B137-13E6E4D9E0DA","endMarkerType":0,"fills":[],"innerShadows":[],"miterLimit":10,"shadows":[],"startMarkerType":0,"textStyle":{"_class":"textStyle","encodedAttributes":{"MSAttributedStringColorAttribute":{"_class":"color","alpha":1,"blue":0.7019607843137254,"green":0.6078431372549019,"red":0.5607843137254902},"MSAttributedStringFontAttribute":{"_class":"fontDescriptor","attributes":{"name":"OpenSans-SemiBold","size":15}},"paragraphStyle":{"_class":"paragraphStyle","alignment":1,"maximumLineHeight":24,"minimumLineHeight":24},"textStyleVerticalAlignmentKey":1},"verticalAlignment":0},"windingRule":1},"textBehaviour":0},{"_class":"text","attributedString":{"_class":"attributedString","attributes":[{"_class":"stringAttribute","attributes":{"MSAttributedStringColorAttribute":{"_class":"color","alpha":1,"blue":0.7019607843137254,"green":0.6078431372549019,"red":0.5607843137254902},"MSAttributedStringFontAttribute":{"_class":"fontDescriptor","attributes":{"name":"OpenSans-SemiBold","size":15}},"paragraphStyle":{"_class":"paragraphStyle","alignment":1,"maximumLineHeight":24,"minimumLineHeight":24},"textStyleVerticalAlignmentKey":1},"length":6,"location":0}],"string":"Active"},"automaticallyDrawOnUnderlyingPath":false,"booleanOperation":-1,"clippingMaskMode":0,"do_objectID":"E177D42D-6E6E-4DB9-B219-E4A41B8C9B61","dontSynchroniseWithSymbol":false,"frame":{"_class":"rect","constrainProportions":false,"height":24,"width":45,"x":121,"y":606},"glyphBounds":"{{0, 6}, {44, 13}}","hasClippingMask":false,"isFixedToViewport":false,"isFlippedHorizontal":false,"isFlippedVertical":false,"isLocked":false,"isVisible":true,"lineSpacingBehaviour":3,"name":"Active","nameIsFixed":false,"resizingConstraint":47,"resizingType":0,"rotation":0,"shouldBreakMaskChain":false,"style":{"_class":"style","blur":{"_class":"blur","center":"{0.5, 0.5}","isEnabled":false,"motionAngle":0,"radius":10,"saturation":1,"type":0},"borderOptions":{"_class":"borderOptions","dashPattern":[],"isEnabled":true,"lineCapStyle":0,"lineJoinStyle":0},"borders":[],"colorControls":{"_class":"colorControls","brightness":0,"contrast":1,"hue":0,"isEnabled":true,"saturation":1},"contextSettings":{"_class":"graphicsContextSettings","blendMode":0,"opacity":1},"do_objectID":"5CE3C60A-A34C-4904-9C2F-BDFB3C6DC12A","endMarkerType":0,"fills":[],"innerShadows":[],"miterLimit":10,"shadows":[],"startMarkerType":0,"textStyle":{"_class":"textStyle","encodedAttributes":{"MSAttributedStringColorAttribute":{"_class":"color","alpha":1,"blue":0.7019607843137254,"green":0.6078431372549019,"red":0.5607843137254902},"MSAttributedStringFontAttribute":{"_class":"fontDescriptor","attributes":{"name":"OpenSans-SemiBold","size":15}},"paragraphStyle":{"_class":"paragraphStyle","alignment":1,"maximumLineHeight":24,"minimumLineHeight":24},"textStyleVerticalAlignmentKey":1},"verticalAlignment":0},"windingRule":1},"textBehaviour":0},{"_class":"text","attributedString":{"_class":"attributedString","attributes":[{"_class":"stringAttribute","attributes":{"MSAttributedStringColorAttribute":{"_class":"color","alpha":1,"blue":0.7019607843137254,"green":0.6078431372549019,"red":0.5607843137254902},"MSAttributedStringFontAttribute":{"_class":"fontDescriptor","attributes":{"name":"OpenSans-SemiBold","size":15}},"paragraphStyle":{"_class":"paragraphStyle","alignment":1,"maximumLineHeight":24,"minimumLineHeight":24},"textStyleVerticalAlignmentKey":1},"length":8,"location":0}],"string":"Inactive"},"automaticallyDrawOnUnderlyingPath":false,"booleanOperation":-1,"clippingMaskMode":0,"do_objectID":"14D9CEF1-FF5B-46C9-8CCF-F6079CC9DD04","dontSynchroniseWithSymbol":false,"frame":{"_class":"rect","constrainProportions":false,"height":24,"width":57,"x":109,"y":503},"glyphBounds":"{{1, 6}, {56, 13}}","hasClippingMask":false,"isFixedToViewport":false,"isFlippedHorizontal":false,"isFlippedVertical":false,"isLocked":false,"isVisible":true,"lineSpacingBehaviour":3,"name":"Inactive","nameIsFixed":false,"resizingConstraint":47,"resizingType":0,"rotation":0,"shouldBreakMaskChain":false,"style":{"_class":"style","blur":{"_class":"blur","center":"{0.5, 0.5}","isEnabled":false,"motionAngle":0,"radius":10,"saturation":1,"type":0},"borderOptions":{"_class":"borderOptions","dashPattern":[],"isEnabled":true,"lineCapStyle":0,"lineJoinStyle":0},"borders":[],"colorControls":{"_class":"colorControls","brightness":0,"contrast":1,"hue":0,"isEnabled":true,"saturation":1},"contextSettings":{"_class":"graphicsContextSettings","blendMode":0,"opacity":1},"do_objectID":"77B12630-D821-4B0C-8B16-6A7E337E3430","endMarkerType":0,"fills":[],"innerShadows":[],"miterLimit":10,"shadows":[],"startMarkerType":0,"textStyle":{"_class":"textStyle","encodedAttributes":{"MSAttributedStringColorAttribute":{"_class":"color","alpha":1,"blue":0.7019607843137254,"green":0.6078431372549019,"red":0.5607843137254902},"MSAttributedStringFontAttribute":{"_class":"fontDescriptor","attributes":{"name":"OpenSans-SemiBold","size":15}},"paragraphStyle":{"_class":"paragraphStyle","alignment":1,"maximumLineHeight":24,"minimumLineHeight":24},"textStyleVerticalAlignmentKey":1},"verticalAlignment":0},"windingRule":1},"textBehaviour":0},{"_class":"text","attributedString":{"_class":"attributedString","attributes":[{"_class":"stringAttribute","attributes":{"MSAttributedStringColorAttribute":{"_class":"color","alpha":1,"blue":0.7019607843137254,"green":0.6078431372549019,"red":0.5607843137254902},"MSAttributedStringFontAttribute":{"_class":"fontDescriptor","attributes":{"name":"OpenSans-SemiBold","size":15}},"paragraphStyle":{"_class":"paragraphStyle","alignment":1,"maximumLineHeight":24,"minimumLineHeight":24},"textStyleVerticalAlignmentKey":1},"length":7,"location":0}],"string":"Success"},"automaticallyDrawOnUnderlyingPath":false,"booleanOperation":-1,"clippingMaskMode":0,"do_objectID":"C3D79231-4B7C-4CB2-A484-DDAED4D34B5B","dontSynchroniseWithSymbol":false,"frame":{"_class":"rect","constrainProportions":false,"height":24,"width":56,"x":110,"y":709},"glyphBounds":"{{0, 7}, {56, 12}}","hasClippingMask":false,"isFixedToViewport":false,"isFlippedHorizontal":false,"isFlippedVertical":false,"isLocked":false,"isVisible":true,"lineSpacingBehaviour":3,"name":"Success","nameIsFixed":false,"resizingConstraint":47,"resizingType":0,"rotation":0,"shouldBreakMaskChain":false,"style":{"_class":"style","blur":{"_class":"blur","center":"{0.5, 0.5}","isEnabled":false,"motionAngle":0,"radius":10,"saturation":1,"type":0},"borderOptions":{"_class":"borderOptions","dashPattern":[],"isEnabled":true,"lineCapStyle":0,"lineJoinStyle":0},"borders":[],"colorControls":{"_class":"colorControls","brightness":0,"contrast":1,"hue":0,"isEnabled":true,"saturation":1},"contextSettings":{"_class":"graphicsContextSettings","blendMode":0,"opacity":1},"do_objectID":"EF8793AD-79F5-4F5B-B0C9-5BF8E3970DFF","endMarkerType":0,"fills":[],"innerShadows":[],"miterLimit":10,"shadows":[],"startMarkerType":0,"textStyle":{"_class":"textStyle","encodedAttributes":{"MSAttributedStringColorAttribute":{"_class":"color","alpha":1,"blue":0.7019607843137254,"green":0.6078431372549019,"red":0.5607843137254902},"MSAttributedStringFontAttribute":{"_class":"fontDescriptor","attributes":{"name":"OpenSans-SemiBold","size":15}},"paragraphStyle":{"_class":"paragraphStyle","alignment":1,"maximumLineHeight":24,"minimumLineHeight":24},"textStyleVerticalAlignmentKey":1},"verticalAlignment":0},"windingRule":1},"textBehaviour":0},{"_class":"text","attributedString":{"_class":"attributedString","attributes":[{"_class":"stringAttribute","attributes":{"MSAttributedStringColorAttribute":{"_class":"color","alpha":1,"blue":0.7019607843137254,"green":0.6078431372549019,"red":0.5607843137254902},"MSAttributedStringFontAttribute":{"_class":"fontDescriptor","attributes":{"name":"OpenSans-SemiBold","size":15}},"paragraphStyle":{"_class":"paragraphStyle","alignment":1,"maximumLineHeight":24,"minimumLineHeight":24},"textStyleVerticalAlignmentKey":1},"length":5,"location":0}],"string":"Error"},"automaticallyDrawOnUnderlyingPath":false,"booleanOperation":-1,"clippingMaskMode":0,"do_objectID":"95085625-0BDD-477D-8A2A-DD99797ED4E7","dontSynchroniseWithSymbol":false,"frame":{"_class":"rect","constrainProportions":false,"height":24,"width":37,"x":129,"y":812},"glyphBounds":"{{1, 7}, {36, 12}}","hasClippingMask":false,"isFixedToViewport":false,"isFlippedHorizontal":false,"isFlippedVertical":false,"isLocked":false,"isVisible":true,"lineSpacingBehaviour":3,"name":"Error","nameIsFixed":false,"resizingConstraint":47,"resizingType":0,"rotation":0,"shouldBreakMaskChain":false,"style":{"_class":"style","blur":{"_class":"blur","center":"{0.5, 0.5}","isEnabled":false,"motionAngle":0,"radius":10,"saturation":1,"type":0},"borderOptions":{"_class":"borderOptions","dashPattern":[],"isEnabled":true,"lineCapStyle":0,"lineJoinStyle":0},"borders":[],"colorControls":{"_class":"colorControls","brightness":0,"contrast":1,"hue":0,"isEnabled":true,"saturation":1},"contextSettings":{"_class":"graphicsContextSettings","blendMode":0,"opacity":1},"do_objectID":"A27F47BE-31DA-48E2-80BD-9DFDE91641B2","endMarkerType":0,"fills":[],"innerShadows":[],"miterLimit":10,"shadows":[],"startMarkerType":0,"textStyle":{"_class":"textStyle","encodedAttributes":{"MSAttributedStringColorAttribute":{"_class":"color","alpha":1,"blue":0.7019607843137254,"green":0.6078431372549019,"red":0.5607843137254902},"MSAttributedStringFontAttribute":{"_class":"fontDescriptor","attributes":{"name":"OpenSans-SemiBold","size":15}},"paragraphStyle":{"_class":"paragraphStyle","alignment":1,"maximumLineHeight":24,"minimumLineHeight":24},"textStyleVerticalAlignmentKey":1},"verticalAlignment":0},"windingRule":1},"textBehaviour":0},{"_class":"text","attributedString":{"_class":"attributedString","attributes":[{"_class":"stringAttribute","attributes":{"MSAttributedStringColorAttribute":{"_class":"color","alpha":1,"blue":0.7019607843137254,"green":0.6078431372549019,"red":0.5607843137254902},"MSAttributedStringFontAttribute":{"_class":"fontDescriptor","attributes":{"name":"OpenSans-SemiBold","size":15}},"paragraphStyle":{"_class":"paragraphStyle","alignment":1,"maximumLineHeight":24,"minimumLineHeight":24},"textStyleVerticalAlignmentKey":1},"length":7,"location":0}],"string":"3 Steps"},"automaticallyDrawOnUnderlyingPath":false,"booleanOperation":-1,"clippingMaskMode":0,"do_objectID":"AA4B3271-443F-4DC1-B43C-6198BEE68445","dontSynchroniseWithSymbol":false,"frame":{"_class":"rect","constrainProportions":false,"height":24,"width":52,"x":114,"y":915},"glyphBounds":"{{0, 7}, {52, 15}}","hasClippingMask":false,"isFixedToViewport":false,"isFlippedHorizontal":false,"isFlippedVertical":false,"isLocked":false,"isVisible":true,"lineSpacingBehaviour":3,"name":"3 Steps","nameIsFixed":false,"resizingConstraint":47,"resizingType":0,"rotation":0,"shouldBreakMaskChain":false,"style":{"_class":"style","blur":{"_class":"blur","center":"{0.5, 0.5}","isEnabled":false,"motionAngle":0,"radius":10,"saturation":1,"type":0},"borderOptions":{"_class":"borderOptions","dashPattern":[],"isEnabled":true,"lineCapStyle":0,"lineJoinStyle":0},"borders":[],"colorControls":{"_class":"colorControls","brightness":0,"contrast":1,"hue":0,"isEnabled":true,"saturation":1},"contextSettings":{"_class":"graphicsContextSettings","blendMode":0,"opacity":1},"do_objectID":"2C1B056F-596B-4D8E-8982-D1CC7E869C53","endMarkerType":0,"fills":[],"innerShadows":[],"miterLimit":10,"shadows":[],"startMarkerType":0,"textStyle":{"_class":"textStyle","encodedAttributes":{"MSAttributedStringColorAttribute":{"_class":"color","alpha":1,"blue":0.7019607843137254,"green":0.6078431372549019,"red":0.5607843137254902},"MSAttributedStringFontAttribute":{"_class":"fontDescriptor","attributes":{"name":"OpenSans-SemiBold","size":15}},"paragraphStyle":{"_class":"paragraphStyle","alignment":1,"maximumLineHeight":24,"minimumLineHeight":24},"textStyleVerticalAlignmentKey":1},"verticalAlignment":0},"windingRule":1},"textBehaviour":0},{"_class":"text","attributedString":{"_class":"attributedString","attributes":[{"_class":"stringAttribute","attributes":{"MSAttributedStringColorAttribute":{"_class":"color","alpha":1,"blue":0.7019607843137254,"green":0.6078431372549019,"red":0.5607843137254902},"MSAttributedStringFontAttribute":{"_class":"fontDescriptor","attributes":{"name":"OpenSans-SemiBold","size":15}},"paragraphStyle":{"_class":"paragraphStyle","alignment":1,"maximumLineHeight":24,"minimumLineHeight":24},"textStyleVerticalAlignmentKey":1},"length":7,"location":0}],"string":"9 Steps"},"automaticallyDrawOnUnderlyingPath":false,"booleanOperation":-1,"clippingMaskMode":0,"do_objectID":"38894F31-7B36-4728-8611-5887DECE785C","dontSynchroniseWithSymbol":false,"frame":{"_class":"rect","constrainProportions":false,"height":24,"width":52,"x":589,"y":676},"glyphBounds":"{{0, 7}, {52, 15}}","hasClippingMask":false,"isFixedToViewport":false,"isFlippedHorizontal":false,"isFlippedVertical":false,"isLocked":false,"isVisible":true,"lineSpacingBehaviour":3,"name":"9 Steps","nameIsFixed":false,"resizingConstraint":47,"resizingType":0,"rotation":0,"shouldBreakMaskChain":false,"style":{"_class":"style","blur":{"_class":"blur","center":"{0.5, 0.5}","isEnabled":false,"motionAngle":0,"radius":10,"saturation":1,"type":0},"borderOptions":{"_class":"borderOptions","dashPattern":[],"isEnabled":true,"lineCapStyle":0,"lineJoinStyle":0},"borders":[],"colorControls":{"_class":"colorControls","brightness":0,"contrast":1,"hue":0,"isEnabled":true,"saturation":1},"contextSettings":{"_class":"graphicsContextSettings","blendMode":0,"opacity":1},"do_objectID":"99101088-1DCD-46DC-BCCA-5E0E85E692E0","endMarkerType":0,"fills":[],"innerShadows":[],"miterLimit":10,"shadows":[],"startMarkerType":0,"textStyle":{"_class":"textStyle","encodedAttributes":{"MSAttributedStringColorAttribute":{"_class":"color","alpha":1,"blue":0.7019607843137254,"green":0.6078431372549019,"red":0.5607843137254902},"MSAttributedStringFontAttribute":{"_class":"fontDescriptor","attributes":{"name":"OpenSans-SemiBold","size":15}},"paragraphStyle":{"_class":"paragraphStyle","alignment":1,"maximumLineHeight":24,"minimumLineHeight":24},"textStyleVerticalAlignmentKey":1},"verticalAlignment":0},"windingRule":1},"textBehaviour":0},{"_class":"text","attributedString":{"_class":"attributedString","attributes":[{"_class":"stringAttribute","attributes":{"MSAttributedStringColorAttribute":{"_class":"color","alpha":1,"blue":0.7019607843137254,"green":0.6078431372549019,"red":0.5607843137254902},"MSAttributedStringFontAttribute":{"_class":"fontDescriptor","attributes":{"name":"OpenSans-SemiBold","size":15}},"paragraphStyle":{"_class":"paragraphStyle","alignment":1,"maximumLineHeight":24,"minimumLineHeight":24},"textStyleVerticalAlignmentKey":1},"length":7,"location":0}],"string":"6 Steps"},"automaticallyDrawOnUnderlyingPath":false,"booleanOperation":-1,"clippingMaskMode":0,"do_objectID":"AD9603BC-5631-465D-9214-6B72ACA9F93D","dontSynchroniseWithSymbol":false,"frame":{"_class":"rect","constrainProportions":false,"height":24,"width":52,"x":589,"y":235},"glyphBounds":"{{0, 7}, {52, 15}}","hasClippingMask":false,"isFixedToViewport":false,"isFlippedHorizontal":false,"isFlippedVertical":false,"isLocked":false,"isVisible":true,"lineSpacingBehaviour":3,"name":"6 Steps","nameIsFixed":false,"resizingConstraint":47,"resizingType":0,"rotation":0,"shouldBreakMaskChain":false,"style":{"_class":"style","blur":{"_class":"blur","center":"{0.5, 0.5}","isEnabled":false,"motionAngle":0,"radius":10,"saturation":1,"type":0},"borderOptions":{"_class":"borderOptions","dashPattern":[],"isEnabled":true,"lineCapStyle":0,"lineJoinStyle":0},"borders":[],"colorControls":{"_class":"colorControls","brightness":0,"contrast":1,"hue":0,"isEnabled":true,"saturation":1},"contextSettings":{"_class":"graphicsContextSettings","blendMode":0,"opacity":1},"do_objectID":"DBC85E65-EE8F-47CB-B0FF-65D8E83F10AA","endMarkerType":0,"fills":[],"innerShadows":[],"miterLimit":10,"shadows":[],"startMarkerType":0,"textStyle":{"_class":"textStyle","encodedAttributes":{"MSAttributedStringColorAttribute":{"_class":"color","alpha":1,"blue":0.7019607843137254,"green":0.6078431372549019,"red":0.5607843137254902},"MSAttributedStringFontAttribute":{"_class":"fontDescriptor","attributes":{"name":"OpenSans-SemiBold","size":15}},"paragraphStyle":{"_class":"paragraphStyle","alignment":1,"maximumLineHeight":24,"minimumLineHeight":24},"textStyleVerticalAlignmentKey":1},"verticalAlignment":0},"windingRule":1},"textBehaviour":0},{"_class":"symbolInstance","booleanOperation":-1,"clippingMaskMode":0,"do_objectID":"A836BEE3-5736-4408-939C-05194BF54A81","frame":{"_class":"rect","constrainProportions":false,"height":180,"width":343,"x":206,"y":915},"hasClippingMask":false,"horizontalSpacing":0,"isFixedToViewport":false,"isFlippedHorizontal":false,"isFlippedVertical":false,"isLocked":false,"isVisible":true,"name":"8)Progress/Stepper/3 Steps","nameIsFixed":false,"overrideValues":[],"resizingConstraint":63,"resizingType":0,"rotation":0,"scale":1,"shouldBreakMaskChain":false,"style":{"_class":"style","blur":{"_class":"blur","center":"{0.5, 0.5}","isEnabled":false,"motionAngle":0,"radius":10,"saturation":1,"type":0},"borderOptions":{"_class":"borderOptions","dashPattern":[],"isEnabled":true,"lineCapStyle":0,"lineJoinStyle":0},"borders":[],"colorControls":{"_class":"colorControls","brightness":0,"contrast":1,"hue":0,"isEnabled":false,"saturation":1},"contextSettings":{"_class":"graphicsContextSettings","blendMode":0,"opacity":1},"do_objectID":"2AC60885-5713-4FED-BBD0-ED50506AA929","endMarkerType":0,"fills":[],"innerShadows":[],"miterLimit":10,"shadows":[],"startMarkerType":0,"windingRule":1},"symbolID":"C3E1B580-2D02-4A1B-90C8-12BFBFEB288B","verticalSpacing":0},{"_class":"symbolInstance","booleanOperation":-1,"clippingMaskMode":0,"do_objectID":"F75A9C5E-BC07-4025-BD8B-4C56F9D93D5F","frame":{"_class":"rect","constrainProportions":false,"height":426,"width":343,"x":681,"y":676},"hasClippingMask":false,"horizontalSpacing":0,"isFixedToViewport":false,"isFlippedHorizontal":false,"isFlippedVertical":false,"isLocked":false,"isVisible":true,"name":"8)Progress/Stepper/6 Steps","nameIsFixed":false,"overrideValues":[],"resizingConstraint":63,"resizingType":0,"rotation":0,"scale":1,"shouldBreakMaskChain":false,"style":{"_class":"style","blur":{"_class":"blur","center":"{0.5, 0.5}","isEnabled":false,"motionAngle":0,"radius":10,"saturation":1,"type":0},"borderOptions":{"_class":"borderOptions","dashPattern":[],"isEnabled":true,"lineCapStyle":0,"lineJoinStyle":0},"borders":[],"colorControls":{"_class":"colorControls","brightness":0,"contrast":1,"hue":0,"isEnabled":false,"saturation":1},"contextSettings":{"_class":"graphicsContextSettings","blendMode":0,"opacity":1},"do_objectID":"671B2BA4-3CF8-49C9-A4ED-E1989EA783A8","endMarkerType":0,"fills":[],"innerShadows":[],"miterLimit":10,"shadows":[],"startMarkerType":0,"windingRule":1},"symbolID":"82CEB8B9-642F-4C73-A042-67CE10CC525F","verticalSpacing":0},{"_class":"symbolInstance","booleanOperation":-1,"clippingMaskMode":0,"do_objectID":"16C2DD40-8502-4B4F-8089-0C01F1DDE297","frame":{"_class":"rect","constrainProportions":false,"height":417,"width":343,"x":681,"y":235},"hasClippingMask":false,"horizontalSpacing":0,"isFixedToViewport":false,"isFlippedHorizontal":false,"isFlippedVertical":false,"isLocked":false,"isVisible":true,"name":"8)Progress/Stepper/6 Steps Copy","nameIsFixed":false,"overrideValues":[],"resizingConstraint":63,"resizingType":0,"rotation":0,"scale":1,"shouldBreakMaskChain":false,"style":{"_class":"style","blur":{"_class":"blur","center":"{0.5, 0.5}","isEnabled":false,"motionAngle":0,"radius":10,"saturation":1,"type":0},"borderOptions":{"_class":"borderOptions","dashPattern":[],"isEnabled":true,"lineCapStyle":0,"lineJoinStyle":0},"borders":[],"colorControls":{"_class":"colorControls","brightness":0,"contrast":1,"hue":0,"isEnabled":false,"saturation":1},"contextSettings":{"_class":"graphicsContextSettings","blendMode":0,"opacity":1},"do_objectID":"0D0366EA-6DA2-4F3C-9D04-91010BCD3E5E","endMarkerType":0,"fills":[],"innerShadows":[],"miterLimit":10,"shadows":[],"startMarkerType":0,"windingRule":1},"symbolID":"07A1E21B-8283-40AA-A8B2-013628AFBB9C","verticalSpacing":0},{"_class":"symbolInstance","booleanOperation":-1,"clippingMaskMode":0,"do_objectID":"E3B28023-C60C-4C96-B6FD-5EAC388A3C54","frame":{"_class":"rect","constrainProportions":false,"height":79,"width":343,"x":206,"y":235},"hasClippingMask":false,"horizontalSpacing":0,"isFixedToViewport":false,"isFlippedHorizontal":false,"isFlippedVertical":false,"isLocked":false,"isVisible":true,"name":"8)Progress/Stepper/Single/First Step","nameIsFixed":false,"overrideValues":[],"resizingConstraint":63,"resizingType":0,"rotation":0,"scale":1,"shouldBreakMaskChain":false,"style":{"_class":"style","blur":{"_class":"blur","center":"{0.5, 0.5}","isEnabled":false,"motionAngle":0,"radius":10,"saturation":1,"type":0},"borderOptions":{"_class":"borderOptions","dashPattern":[],"isEnabled":true,"lineCapStyle":0,"lineJoinStyle":0},"borders":[],"colorControls":{"_class":"colorControls","brightness":0,"contrast":1,"hue":0,"isEnabled":false,"saturation":1},"contextSettings":{"_class":"graphicsContextSettings","blendMode":0,"opacity":1},"do_objectID":"D5A88097-39D1-40A3-B66D-7C5518BAE0EB","endMarkerType":0,"fills":[],"innerShadows":[],"miterLimit":10,"shadows":[],"startMarkerType":0,"windingRule":1},"symbolID":"DF1CD2E2-C744-4171-AA1E-D5465CFED9B5","verticalSpacing":0},{"_class":"symbolInstance","booleanOperation":-1,"clippingMaskMode":0,"do_objectID":"3CEE9CD1-12E6-490D-BBAE-C32B4C901912","frame":{"_class":"rect","constrainProportions":false,"height":79,"width":343,"x":206,"y":503},"hasClippingMask":false,"horizontalSpacing":0,"isFixedToViewport":false,"isFlippedHorizontal":false,"isFlippedVertical":false,"isLocked":false,"isVisible":true,"name":"8)Progress/Stepper/Single/First Step Copy 3","nameIsFixed":false,"overrideValues":[{"_class":"overrideValue","overrideName":"90F6BAA8-3482-4D11-9237-458482ECB664_symbolID","value":"DC9FA5D0-5D7C-4EBB-AEF8-0AC05C1AC08A"},{"_class":"overrideValue","overrideName":"34A87E96-8E87-4272-A148-ABF558498E69_symbolID","value":"A5118EED-FF03-4411-87CA-540FA70252C0"},{"_class":"overrideValue","overrideName":"34A87E96-8E87-4272-A148-ABF558498E69/940EA041-CBBC-4882-9F92-F48443C3BA3A_stringValue","value":"Inactive"}],"resizingConstraint":63,"resizingType":0,"rotation":0,"scale":1,"shouldBreakMaskChain":false,"style":{"_class":"style","blur":{"_class":"blur","center":"{0.5, 0.5}","isEnabled":false,"motionAngle":0,"radius":10,"saturation":1,"type":0},"borderOptions":{"_class":"borderOptions","dashPattern":[],"isEnabled":true,"lineCapStyle":0,"lineJoinStyle":0},"borders":[],"colorControls":{"_class":"colorControls","brightness":0,"contrast":1,"hue":0,"isEnabled":false,"saturation":1},"contextSettings":{"_class":"graphicsContextSettings","blendMode":0,"opacity":1},"do_objectID":"8895A1B0-6108-4127-8915-B4C005A1FFD0","endMarkerType":0,"fills":[],"innerShadows":[],"miterLimit":10,"shadows":[],"startMarkerType":0,"windingRule":1},"symbolID":"DF1CD2E2-C744-4171-AA1E-D5465CFED9B5","verticalSpacing":0},{"_class":"symbolInstance","booleanOperation":-1,"clippingMaskMode":0,"do_objectID":"A96F3F58-EF18-4560-B8EA-061A06DB9CE5","frame":{"_class":"rect","constrainProportions":false,"height":79,"width":343,"x":206,"y":606},"hasClippingMask":false,"horizontalSpacing":0,"isFixedToViewport":false,"isFlippedHorizontal":false,"isFlippedVertical":false,"isLocked":false,"isVisible":true,"name":"8)Progress/Stepper/Single/First Step Copy 4","nameIsFixed":false,"overrideValues":[{"_class":"overrideValue","overrideName":"34A87E96-8E87-4272-A148-ABF558498E69/2D34E495-FCB9-40DF-9309-A148EB86B115_stringValue","value":"Active"},{"_class":"overrideValue","overrideName":"487B6E9B-0B69-4BFC-8B97-4AC8B828F376_symbolID","value":"87679516-7E80-4559-9A2C-135ED6834F74"}],"resizingConstraint":63,"resizingType":0,"rotation":0,"scale":1,"shouldBreakMaskChain":false,"style":{"_class":"style","blur":{"_class":"blur","center":"{0.5, 0.5}","isEnabled":false,"motionAngle":0,"radius":10,"saturation":1,"type":0},"borderOptions":{"_class":"borderOptions","dashPattern":[],"isEnabled":true,"lineCapStyle":0,"lineJoinStyle":0},"borders":[],"colorControls":{"_class":"colorControls","brightness":0,"contrast":1,"hue":0,"isEnabled":false,"saturation":1},"contextSettings":{"_class":"graphicsContextSettings","blendMode":0,"opacity":1},"do_objectID":"2A78710D-2FD7-4EFC-A21C-00D4491E76A6","endMarkerType":0,"fills":[],"innerShadows":[],"miterLimit":10,"shadows":[],"startMarkerType":0,"windingRule":1},"symbolID":"DF1CD2E2-C744-4171-AA1E-D5465CFED9B5","verticalSpacing":0},{"_class":"symbolInstance","booleanOperation":-1,"clippingMaskMode":0,"do_objectID":"0122E17F-D27D-4EA4-AEBC-C9FF88E43F39","frame":{"_class":"rect","constrainProportions":false,"height":79,"width":343,"x":206,"y":709},"hasClippingMask":false,"horizontalSpacing":0,"isFixedToViewport":false,"isFlippedHorizontal":false,"isFlippedVertical":false,"isLocked":false,"isVisible":true,"name":"8)Progress/Stepper/Single/First Step Copy 5","nameIsFixed":false,"overrideValues":[{"_class":"overrideValue","overrideName":"487B6E9B-0B69-4BFC-8B97-4AC8B828F376_symbolID","value":"3311F06B-589B-49B6-8ED4-84AB25578694"},{"_class":"overrideValue","overrideName":"90F6BAA8-3482-4D11-9237-458482ECB664_symbolID","value":"0FD99C06-E50D-46F3-86B9-3C5B29EBF576"},{"_class":"overrideValue","overrideName":"34A87E96-8E87-4272-A148-ABF558498E69_symbolID","value":"01EF8BCF-2052-4571-8AD7-A807B4883E1E"},{"_class":"overrideValue","overrideName":"34A87E96-8E87-4272-A148-ABF558498E69/D6FF41E9-CF98-4716-ABF3-65557AC3DEE4_stringValue","value":"Success"}],"resizingConstraint":63,"resizingType":0,"rotation":0,"scale":1,"shouldBreakMaskChain":false,"style":{"_class":"style","blur":{"_class":"blur","center":"{0.5, 0.5}","isEnabled":false,"motionAngle":0,"radius":10,"saturation":1,"type":0},"borderOptions":{"_class":"borderOptions","dashPattern":[],"isEnabled":true,"lineCapStyle":0,"lineJoinStyle":0},"borders":[],"colorControls":{"_class":"colorControls","brightness":0,"contrast":1,"hue":0,"isEnabled":false,"saturation":1},"contextSettings":{"_class":"graphicsContextSettings","blendMode":0,"opacity":1},"do_objectID":"CA73C064-7ABE-40CA-ADBE-8C41EBCEA8E8","endMarkerType":0,"fills":[],"innerShadows":[],"miterLimit":10,"shadows":[],"startMarkerType":0,"windingRule":1},"symbolID":"DF1CD2E2-C744-4171-AA1E-D5465CFED9B5","verticalSpacing":0},{"_class":"symbolInstance","booleanOperation":-1,"clippingMaskMode":0,"do_objectID":"C7772DC9-812C-4B9A-A4F4-E1CBF1B285D1","frame":{"_class":"rect","constrainProportions":false,"height":79,"width":343,"x":206,"y":812},"hasClippingMask":false,"horizontalSpacing":0,"isFixedToViewport":false,"isFlippedHorizontal":false,"isFlippedVertical":false,"isLocked":false,"isVisible":true,"name":"8)Progress/Stepper/Single/First Step Copy 6","nameIsFixed":false,"overrideValues":[{"_class":"overrideValue","overrideName":"487B6E9B-0B69-4BFC-8B97-4AC8B828F376_symbolID","value":"310DFB65-1414-425D-B8DA-CCB9D1C1AD5B"},{"_class":"overrideValue","overrideName":"90F6BAA8-3482-4D11-9237-458482ECB664_symbolID","value":"68BDC574-586D-4B2B-B0E5-78919F301EE0"},{"_class":"overrideValue","overrideName":"34A87E96-8E87-4272-A148-ABF558498E69_symbolID","value":"DB352581-B9FD-4C1E-AE9C-F36A6C2AFEDC"},{"_class":"overrideValue","overrideName":"34A87E96-8E87-4272-A148-ABF558498E69/D427B4F7-86AD-44A6-8069-BB98BD917369_stringValue","value":"Error"}],"resizingConstraint":63,"resizingType":0,"rotation":0,"scale":1,"shouldBreakMaskChain":false,"style":{"_class":"style","blur":{"_class":"blur","center":"{0.5, 0.5}","isEnabled":false,"motionAngle":0,"radius":10,"saturation":1,"type":0},"borderOptions":{"_class":"borderOptions","dashPattern":[],"isEnabled":true,"lineCapStyle":0,"lineJoinStyle":0},"borders":[],"colorControls":{"_class":"colorControls","brightness":0,"contrast":1,"hue":0,"isEnabled":false,"saturation":1},"contextSettings":{"_class":"graphicsContextSettings","blendMode":0,"opacity":1},"do_objectID":"5CF57CBE-735A-4CB2-BDB4-292255D920B2","endMarkerType":0,"fills":[],"innerShadows":[],"miterLimit":10,"shadows":[],"startMarkerType":0,"windingRule":1},"symbolID":"DF1CD2E2-C744-4171-AA1E-D5465CFED9B5","verticalSpacing":0},{"_class":"symbolInstance","booleanOperation":-1,"clippingMaskMode":0,"do_objectID":"5314E32F-B25F-412F-AA04-2342B5ACA2B2","frame":{"_class":"rect","constrainProportions":false,"height":79,"width":343,"x":206,"y":338},"hasClippingMask":false,"horizontalSpacing":0,"isFixedToViewport":false,"isFlippedHorizontal":false,"isFlippedVertical":false,"isLocked":false,"isVisible":true,"name":"8)Progress/Stepper/Single/First Step Copy","nameIsFixed":false,"overrideValues":[],"resizingConstraint":63,"resizingType":0,"rotation":0,"scale":1,"shouldBreakMaskChain":false,"style":{"_class":"style","blur":{"_class":"blur","center":"{0.5, 0.5}","isEnabled":false,"motionAngle":0,"radius":10,"saturation":1,"type":0},"borderOptions":{"_class":"borderOptions","dashPattern":[],"isEnabled":true,"lineCapStyle":0,"lineJoinStyle":0},"borders":[],"colorControls":{"_class":"colorControls","brightness":0,"contrast":1,"hue":0,"isEnabled":false,"saturation":1},"contextSettings":{"_class":"graphicsContextSettings","blendMode":0,"opacity":1},"do_objectID":"75D89E73-5271-456E-BF76-5CEEB6D86475","endMarkerType":0,"fills":[],"innerShadows":[],"miterLimit":10,"shadows":[],"startMarkerType":0,"windingRule":1},"symbolID":"C5631EE4-3F22-45A8-BFE9-064686AC1ADF","verticalSpacing":0},{"_class":"symbolInstance","booleanOperation":-1,"clippingMaskMode":0,"do_objectID":"6BDF1F7B-A35C-4771-8016-B86122DB0DE4","frame":{"_class":"rect","constrainProportions":false,"height":22,"width":343,"x":206,"y":441},"hasClippingMask":false,"horizontalSpacing":0,"isFixedToViewport":false,"isFlippedHorizontal":false,"isFlippedVertical":false,"isLocked":false,"isVisible":true,"name":"8)Progress/Stepper/Single/First Step Copy 2","nameIsFixed":false,"overrideValues":[],"resizingConstraint":63,"resizingType":0,"rotation":0,"scale":1,"shouldBreakMaskChain":false,"style":{"_class":"style","blur":{"_class":"blur","center":"{0.5, 0.5}","isEnabled":false,"motionAngle":0,"radius":10,"saturation":1,"type":0},"borderOptions":{"_class":"borderOptions","dashPattern":[],"isEnabled":true,"lineCapStyle":0,"lineJoinStyle":0},"borders":[],"colorControls":{"_class":"colorControls","brightness":0,"contrast":1,"hue":0,"isEnabled":false,"saturation":1},"contextSettings":{"_class":"graphicsContextSettings","blendMode":0,"opacity":1},"do_objectID":"430BB0A2-38B7-4789-8117-CE84772A7E4A","endMarkerType":0,"fills":[],"innerShadows":[],"miterLimit":10,"shadows":[],"startMarkerType":0,"windingRule":1},"symbolID":"72C7857C-70AF-4B1D-A3CB-139BE7438F22","verticalSpacing":0}],"name":"Progress Stepper","nameIsFixed":false,"presetDictionary":{},"resizesContent":false,"resizingConstraint":63,"resizingType":0,"rotation":0,"shouldBreakMaskChain":true,"userInfo":{"io.magicsketch.mirror":{"highestQuality":-1}},"verticalRulerData":{"_class":"rulerData","base":0,"guides":[405]}},{"_class":"symbolInstance","booleanOperation":-1,"clippingMaskMode":0,"do_objectID":"41C65E5B-A840-4412-9DF8-8B94BB991705","frame":{"_class":"rect","constrainProportions":false,"height":417,"width":343,"x":1419,"y":1426},"hasClippingMask":false,"horizontalSpacing":0,"isFixedToViewport":false,"isFlippedHorizontal":false,"isFlippedVertical":false,"isLocked":false,"isVisible":true,"layerListExpandedType":0,"name":"8)Progress/Stepper/6 Steps Copy 2","nameIsFixed":false,"overrideValues":[],"resizingConstraint":63,"resizingType":0,"rotation":0,"scale":1,"shouldBreakMaskChain":false,"style":{"_class":"style","blur":{"_class":"blur","center":"{0.5, 0.5}","isEnabled":false,"motionAngle":0,"radius":10,"saturation":1,"type":0},"borderOptions":{"_class":"borderOptions","dashPattern":[],"isEnabled":true,"lineCapStyle":0,"lineJoinStyle":0},"borders":[],"colorControls":{"_class":"colorControls","brightness":0,"contrast":1,"hue":0,"isEnabled":false,"saturation":1},"contextSettings":{"_class":"graphicsContextSettings","blendMode":0,"opacity":1},"do_objectID":"A4D1B7F0-C624-40D7-BF6D-622BB4FE8CC9","endMarkerType":0,"fills":[],"innerShadows":[],"miterLimit":10,"shadows":[],"startMarkerType":0,"windingRule":1},"symbolID":"07A1E21B-8283-40AA-A8B2-013628AFBB9C","verticalSpacing":0}],"name":"Progress Stepper","nameIsFixed":false,"resizingConstraint":63,"resizingType":0,"rotation":0,"shouldBreakMaskChain":false,"userInfo":{},"verticalRulerData":{"_class":"rulerData","base":-635,"guides":[]}}