{"app":"com.bohemiancoding.sketch3","appVersion":"71.2","compatibilityVersion":99,"created":{"app":"com.bohemiancoding.sketch3","appVersion":"71.2","compatibilityVersion":99,"variant":"NONAPPSTORE","version":136},"fonts":[],"pagesAndArtboards":{"0629B3E6-5CFB-478E-887B-7B96B2323567":{"name":"Input","artboards":{"00334D85-5598-486B-962B-D6EC01E40940":{"name":"Other/_Text/Input/Label/Success"},"0181D667-14C5-4DDF-9DF1-C5D27F64FC4A":{"name":"2)Input/Message/Warning"},"071BC29B-2A94-4895-B5CD-7BDD020A5513":{"name":"2)Input/Amount/Amount + Unit/Left"},"0A317BAD-3661-4AD3-896A-0356C9677DDD":{"name":"2)Input/Autocomplete/Autocomplete"},"0B26AB45-F34A-41DC-B7A6-E1D477490150":{"name":"Other/_Shape/Input/Text Area"},"0EC9B148-307F-49C5-B4DF-17C2BA8B5593":{"name":"Other/_Text/Input/Input/┤Right/Input Text"},"124889B6-4B04-489F-AAA2-D5887F2277A3":{"name":"Other/_Text/Input/Label/Info"},"15FD763C-B9C3-4FB3-92E9-679046B20306":{"name":"Other/_Text/Input/Label Component"},"1D954054-DAB0-4546-BCB7-9C25A26E3BE4":{"name":"Other/_Text/Input/├ Left/Amount"},"255D7EA3-6D82-4706-B594-524A0E6A7C2A":{"name":"2)Input/Autocomplete/Quickfilter"},"2AF7BC9A-8EB4-48EA-92FF-E24582938623":{"name":"2)Input/Dropdown/Dropdown + Label + Input"},"2B3C41B8-4A0B-4CFD-966B-DE0FC89D1D7E":{"name":"2)Input/Date/Date"},"2D60F951-BC9C-48DF-811C-3D55F5BAB7D6":{"name":"2)Input/Message/Default"},"3199A207-F4FE-49A7-9AFF-5E679B4AB6AD":{"name":"2)Input/Amount/Amount + Unit Select"},"3C44D412-CA45-439D-A636-65626622F336":{"name":"Other/_State/Input/Hover"},"40B7A98F-C232-406D-B745-724C44BB8AA5":{"name":"Other/_Text/Input/Label/Error"},"4281E918-43A2-4AC1-A302-44FAE66C527B":{"name":"Other/_State/Input/Default"},"48355A56-290A-4E59-8F7D-DA2D1B1141C0":{"name":"2)Input/Input/OTP Textfield"},"4D4F01D2-5536-448D-BEF5-372230854C49":{"name":"Other/_Text/Input/Caption/Info"},"4D9379E7-E4FA-4B3D-8F78-FC7ABC98EACC":{"name":"Other/_Text/Input/Input/├ Left/Typing..."},"4EDCA210-7973-4E06-826A-FEC21488AC81":{"name":"2)Input/Dropdown/Dropdown-List"},"51A0975D-E3C5-4E2C-847A-EA5D044008B3":{"name":"2)Input/Input/OTP"},"5279EDB3-6740-4324-AF30-450E5225DE1A":{"name":"2)Input/Message/Error"},"53104D8E-3289-44A6-A1DF-60D44429ECA9":{"name":"Other/_State/Input/Active"},"543BC1C3-6DA4-47C2-BD2E-B0EEC132C0EE":{"name":"2)Input/Other/IBAN"},"54E5BF38-C2C3-45EB-BE15-5193503F58EA":{"name":"Other/_Text/Input/Message/Error"},"557428E9-CA66-48D6-AB1D-8979B7E6C1F9":{"name":"2)Input/Amount/Amount + Unit Select-Highlighted"},"56C72410-4A02-4738-A6CD-FD96A4F76370":{"name":"Other/_Shape/Input/OTP"},"59F8E208-0A24-4F2D-AD54-73E702091B35":{"name":"Other/_Text/Input/Message/Info"},"608B9092-7DA1-4020-9708-82D2953CDCAF":{"name":"Other/_Text/Input/Label/Disabled"},"6536EB91-959A-4A97-BDE9-6143FB4582F8":{"name":"Other/_Text/Input/Input/┤Right/Typing..."},"6582EC70-82FA-4708-8222-A1980A926D73":{"name":"Other/_Text/Input/Caption/Disabled"},"6650AC8D-EC37-45FE-B725-A32EBA3A0D28":{"name":"Other/_Text/Input/Input/IBAN"},"66D6FDD3-B1B2-4FE2-A979-2EF95A3F9735":{"name":"Other/_Text/Input/Caption/Default"},"6FE76AD7-813D-448D-B1D8-216FA0DF2530":{"name":"Other/_Text/Input/Input/┼ Center/Input Text-Highlighted"},"7143AAF8-6674-46A7-BA13-7372D9699D9E":{"name":"2)Input/Dropdown/Dropdown"},"71F814E1-9A3F-4536-B884-6F1537F5CBC7":{"name":"Other/_Text/Input/Input/├ Left/Input Text-Highlighted"},"736B898F-BF31-472E-A8B4-6A8EC21B9CD1":{"name":"Other/_Text/Input/Label/Warning"},"79C378A7-3E44-4E57-B01D-931A6402F5CA":{"name":"Other/_Text/Input/Label/Default"},"79D51C8B-9ED4-4338-A050-7CF7405DA425":{"name":"2)Input/Other/Password"},"7B4F399A-99A4-438E-9540-E143D6676660":{"name":"2)Input/Message/Success"},"7BD3988F-BE6E-44AB-B52F-D9FEF35CB9EF":{"name":"Other/_Text/Input/Input/├ Left/Disabled"},"7EC45B11-9098-44DC-909A-FC5B6DD4E40F":{"name":"2)Input/Other/Account-Highlighted"},"894471B0-BAD6-4BD9-8044-8A43A9794454":{"name":"Other/_State/Input/Focus"},"898997C7-EBEE-4AD0-9232-F5397CBEEBE5":{"name":"Other/_Text/Input/Input/Password"},"9F13C190-6C75-476F-8CC2-0BFC63EAB5F6":{"name":"2)Input/Input/Output"},"A087753B-BBEA-40DA-A49D-B51CFF2CFA7C":{"name":"2)Input/Amount/Amount + Unit/Right"},"A2A48DC8-A456-437C-84E8-F9B6C2575309":{"name":"Other/_State/Input/Info"},"A3BDDDFE-5A7E-4ABA-92C0-DA6746A42A02":{"name":"Other/_Text/Input/Input/┤Right/Disabled"},"A71AEFCD-946B-4C4E-A0A0-193BCA33E2DD":{"name":"Input-p"},"A9010115-746D-4B58-8DB7-F610D8AA64D2":{"name":"Other/_Text/Input/Message/Success"},"A933A856-85B1-4204-BA17-35BE99EAB3B7":{"name":"2)Input/Dropdown/Dropdown + Label"},"AB239DBF-82EF-4281-A826-4405787FEB63":{"name":"2)Input/Message/Info"},"AC25FEF6-A8D7-47D1-8C08-0A86EA64C6A9":{"name":"Other/_State/Input/Error"},"AE6CBBCC-57C9-47E0-BAEB-FEC910F0FA01":{"name":"2)Input/Input/Input"},"AF66E8F1-DDB8-447A-B74C-CA540208AB82":{"name":"Other/_State/Input/Success"},"B75D10AB-6C89-4109-A70A-DFD76AD55A1D":{"name":"Other/_State/Input/Warning"},"B8DC3137-E06A-465A-8E7A-9F602DBC4361":{"name":"Input"},"BAAEC4FA-A8E2-447F-8ED0-9B6BFF1BA82A":{"name":"Other/_Text/Input/Input/├ Left/Input Text"},"BDC9D52B-BDE6-4779-B121-D6E8C6101661":{"name":"2)Input/Other/Account"},"C1757069-1D8A-46A7-9116-422F5A1A3F3F":{"name":"2)Input/Autocomplete/Quicksearch"},"C250687A-1553-479E-91C2-2F49F1CA5F2B":{"name":"Other/_Text/Input/Caption/Error"},"C8AED52E-8087-44E1-9909-BC7C0C5BFDC3":{"name":"2)Input/Input/OTP-Error"},"CA84E35D-6281-4C5F-9EA4-D3CE46CD4DC0":{"name":"2)Input/Input/Text Area"},"CA893461-E6EE-43A7-927F-66E8723829A2":{"name":"Other/_State/Input/Disabled"},"CB3DB366-284C-4D21-8B85-621F1EAAFB9C":{"name":"2)Input/Input/Input+Message"},"CE0200EC-8C67-446B-853A-CFDA771DEE72":{"name":"Other/_Text/Input/┤Right/Amount"},"CE85B056-6844-4DCE-8D60-2921B6F18E78":{"name":"Other/_Text/Input/Caption/Success"},"CF8308B6-9401-4781-BE10-86A24802F970":{"name":"Other/_Text/Input/Input/├ Left/Placeholder"},"D69ABFF2-4523-49BD-A5F0-EDC59F723A1D":{"name":"Other/_Text/Input/Input/┤Right/Input Text-Highlighted"},"E28D97E4-A0E9-4F39-82F4-E8FE794A9CC0":{"name":"Other/_Text/Input/Message/Warning"},"EA91671A-BD50-451B-92E7-4CB4B0D9131F":{"name":"2)Input/Input/Input + Icon Left"},"ECB19C09-9138-4D4B-8D08-259635E29E2B":{"name":"Other/_Text/Input/Input/┤Right/Placeholder"},"EDBDEFF7-A54B-4DE4-9F77-BFB1E9E32DD1":{"name":"2)Input/Other/Password+Strong"},"F368887A-128D-4D07-A2A4-DE2A2CA014E4":{"name":"2)Input/Amount/Numeric"},"F6B57E83-0971-49D1-B005-B7E7AD9BCD92":{"name":"Other/_Text/Input/Caption/Warning"},"F94599CF-EBFA-42B6-B1FE-335542DA994B":{"name":"2)Input/Date/Date Range"},"FE57C760-71F0-417D-A436-99667E0DC7D4":{"name":"2)Input/Input/Input + Icon Right"}}},"086573EE-E5F5-47DA-8249-4336A110F5FD":{"name":"Accordion","artboards":{"0EA635F6-82F4-47EF-8E6F-38508C335561":{"name":"17)Accordion/├ Left/Title + Amount + Icon"},"163BCC7F-595D-4DA0-9C98-69A77BC5B5E4":{"name":"Other/_Text/Accordion/├ Left/Subtitle"},"202BF5AC-34D0-451C-8DE6-5D3A028C0034":{"name":"17)Accordion/┤Right/Title + Amount +  Icon"},"278BE276-921A-470B-9CCA-7BE109F82B07":{"name":"Other/_Text/Accordion/┤Right/Header"},"392F3F7A-5F0D-48E4-8098-C95BF6B5DCF7":{"name":"Other/_Text/Accordion/├ Left/Header"},"4415E9EF-8F96-4145-BD8D-AB0EC2F8E8ED":{"name":"17)Accordion/├ Left/Title + Account + Icon"},"45E87E39-65EE-4487-B709-A077F8D99CA2":{"name":"Accordion"},"4B46312B-27ED-4FCD-94C3-4B4ABC9CBC5C":{"name":"17)Accordion/┤Right/Title + Account +  Icon"},"59024435-FD23-497F-BB06-C90799E4D60D":{"name":"17)Accordion/┤Right/Title + Icon"},"90117DE3-CB33-40BD-83CE-090176EE5B80":{"name":"Other/_Text/Accordion/├ Left/Title"},"A30E5EB3-2863-4FEB-BEC1-EC5E233BDC5D":{"name":"Other/_Text/Accordion/┤Right/Title"},"A51946D8-6820-41F6-B06B-E1801DE1E063":{"name":"17)Accordion/├ Left/Title + Icon"},"BEC8AA84-82F4-45D7-B780-F9088A085DCF":{"name":"17)Accordion/┤Right/Stacked"},"D0EC8897-3DC3-4634-A2E9-E8B66E89DE43":{"name":"Other/_Shape/Accordion"},"DF73E695-B0E1-4A3A-AC5B-8AA545E3EFD7":{"name":"17)Accordion/┤Right/Title + Subtitle + Icon"},"E617C5A1-49BB-48F0-A1D1-67F2990AFC07":{"name":"17)Accordion/├ Left/Stacked"},"E6EEFAA3-CB8E-4126-90FD-AF7B67F02E5B":{"name":"Other/_Text/Accordion/┤Right/Subtitle"},"FC47EA60-93DB-48AA-829E-AC91ACDF8DFA":{"name":"17)Accordion/├ Left/Title + Subtitle + Icon"}}},"104521BA-833C-4EA9-9A92-74CBCFFF83A0":{"name":"Breadcrumb","artboards":{"01BFE532-0197-4927-AE78-4CD207CC181C":{"name":"21)Breadcrumb/2)Basic/Disabled/Single"},"0653562E-43E1-462B-B5B6-25F1D9D012E1":{"name":"21)Breadcrumb/2)Basic/Inactive/Single"},"0F71A6B1-06F0-4FDE-B3F5-196816835E6A":{"name":"21)Breadcrumb/2)Basic/Active/Double"},"2E466BBE-A17B-4857-A52E-6322CE8AA69B":{"name":"Other/_Text/Breadcrumb/Basic/Home"},"38CDB9CB-40BE-44FD-9A2D-545EC49FBA6A":{"name":"21)Breadcrumb/3)Component/Basic/Single/3 Steps"},"39054016-18B0-47B6-B3B4-DD998E8C854F":{"name":"Other/_Text/Breadcrumb/Alternative/Disabled"},"3B4AD643-CD77-4F5D-8BF4-C87135DD66DB":{"name":"Other/_State/Breadcrumb/Default Center"},"4CA29B8E-7E1B-4CD0-969F-EA4D8CF5444F":{"name":"Other/_State/Breadcrumb/Active Back"},"4EC45D3F-DB5B-453B-9E4C-FA68C7445572":{"name":"Other/_Text/Breadcrumb/Basic/Active Double"},"52D4D788-8F43-4FB4-807B-465A1A234A62":{"name":"Other/_Text/Breadcrumb/Alternative/Home"},"651E19F5-EBF0-41AE-B5C7-788471815F54":{"name":"Other/_State/Breadcrumb/Default Back"},"672FCDF7-5B34-405A-8083-1EF4112C5A4C":{"name":"Other/_Text/Breadcrumb/Basic/Disabled Double"},"6E15FD7E-4172-4102-B8C7-8684D25EB32E":{"name":"Other/_Text/Breadcrumb/Basic/Active"},"71B61457-DD8C-4261-AD12-31CE3CBEF41B":{"name":"Other/_Text/Breadcrumb/Basic/Inactive Double"},"7A6CF4F9-5F3E-409B-8151-83A07F6B9186":{"name":"Other/_Text/Breadcrumb/Basic/Home Double"},"7D18B7FE-2A52-4CCC-83F7-6DB0208A75F7":{"name":"21)Breadcrumb/2)Basic/Home/Single"},"7FEAD722-FBF0-4122-8A97-A662CC5FCE05":{"name":"Other/_State/Breadcrumb/Inactive Center"},"873B5927-7576-4553-8AD7-12F5024127F0":{"name":"21)Breadcrumb/2)Basic/Inactive/Double"},"90E6BC03-AEC3-496A-B587-518A8A033B2A":{"name":"Other/_Text/Breadcrumb/Alternative/Active"},"91F74D0E-A1F1-4694-896E-1C9F23D0F758":{"name":"21)Breadcrumb/3)Component/Alternative/3 Steps"},"9AD14888-9AB9-445B-A41D-383D93AD9BCD":{"name":"21)Breadcrumb/2)Basic/Active/Single"},"9AF7E895-CBDB-43B7-9729-29CB7F8B9DB3":{"name":"Other/_State/Breadcrumb/Disabled Back"},"9CA3DF54-F90C-43CF-8F15-C7F0052ECEDB":{"name":"21)Breadcrumb/3)Component/Basic/Double/3 Steps"},"A1F78941-36A2-4429-BB46-477FD0A56BA1":{"name":"21)Breadcrumb/2)Alternative/Home"},"A8106C41-896D-452C-982A-3EBDA7F7C13F":{"name":"Breadcrumb"},"A8A568F2-C6D5-4329-B5B1-6B3BF70D7E61":{"name":"21)Breadcrumb/2)Alternative/Current"},"AB66BB26-1907-4D90-A8BF-9B763ECEB44D":{"name":"21)Breadcrumb/2)Basic/Home/Double"},"B25E5BD4-8853-4E4A-86AA-40B248B1AEAC":{"name":"Other/_Text/Breadcrumb/Basic/Inactive"},"B780A419-D809-4727-9066-7BD7FC6419EA":{"name":"Other/_State/Breadcrumb/Disabled Front"},"BDB92D03-6F13-44C1-9C0D-5C9BA349BE7D":{"name":"Other/_State/Breadcrumb/Inactive Back"},"BEAA5B4E-BFD0-4EAE-A0D7-1436CBE05417":{"name":"21)Breadcrumb/2)Alternative/Inactive"},"BF69A7F5-28FD-499E-A866-B2152ABD5283":{"name":"Other/_Text/Breadcrumb/Alternative/Inactive"},"C18ED47D-5DCC-4DB6-8E20-A72C05E7918B":{"name":"Other/_State/Breadcrumb/Inactive Front"},"C1D77510-ADE6-44AB-8672-5C58404158C6":{"name":"Other/_Text/Breadcrumb/Basic/Disabled"},"CA66FF46-CA6A-4BC1-90E5-218EFF3FC6E2":{"name":"Other/_State/Breadcrumb/Default Front"},"CD6C68E5-4CA2-4A20-B962-534BA3C4A03A":{"name":"Other/_State/Breadcrumb/Disabled Center"},"CFB4CA97-146A-4DD4-B313-D08544C6C11A":{"name":"21)Breadcrumb/3)Component/Basic/Single/X Steps"},"CFE7894D-7265-4AF4-A8F9-EA81A548E113":{"name":"Other/_State/Breadcrumb/Active Front"},"D3B1F071-D7B9-46B6-9DAE-F191F1581A11":{"name":"21)Breadcrumb/2)Alternative/Inactive"},"F4F9C199-B0AD-4160-8588-80A5008E5962":{"name":"Other/_State/Breadcrumb/Active Center"},"F50CDA11-E45F-4C77-992D-4329A2BED5CB":{"name":"21)Breadcrumb/3)Component/Basic/Double/X Steps"},"FC6A9A83-035F-458C-BEC1-0BFA100BB74F":{"name":"21)Breadcrumb/2)Basic/Disabled/Double"},"FDACB081-5C8F-4F8C-9A06-FB8A7FAEE381":{"name":"21)Breadcrumb/3)Component/Alternative/X Steps"}}},"22BE629C-E93E-4929-8CA2-596828B015AE":{"name":"Toggle","artboards":{"17E93058-0A1E-4151-9093-17EDA24473B2":{"name":"5)Toggle/2)Unselected/Default"},"1EA838CC-6654-4D7C-BA29-6CDB8C2A4C78":{"name":"5)Toggle/3)Element/Toggle + Label"},"6BE23186-E33D-4DA4-9A8E-917AF705CD83":{"name":"5)Toggle/2)Unselected/Hover"},"70979F05-A5B1-4CD7-9BA5-AE6F987841F5":{"name":"5)Toggle/3)Element/Toggles + Labels"},"8492CBB8-F273-436A-AD0F-3D19A164B8EF":{"name":"5)Toggle/2)Unselected/Focus"},"B1E6B0D2-4A0D-4BF1-AF40-012A77273B25":{"name":"5)Toggle/2)Unselected/Disabled"},"B670CED2-B1E8-4666-BCD5-83D4B53DF5DC":{"name":"Other/_Text/Toggle/Default"},"BD8D6190-2403-4875-A8FD-AC7621833BB9":{"name":"5)Toggle/1)Selected/Active"},"C0BFDAAA-5FDC-4A88-A956-909CBC7221ED":{"name":"5)Toggle/1)Selected/Hover"},"CBCBE907-184A-4D3B-ABD0-4588DCAA41FD":{"name":"Other/_Text/Toggle/Disabled"},"CC56F8E3-26A7-43F1-B9F6-70828A3C8F71":{"name":"5)Toggle/2)Unselected/Active"},"CE31AC48-3175-4F06-82B1-A45878DA21AA":{"name":"5)Toggle/1)Selected/Default"},"CE4A4D10-1BD1-4A00-80C5-A7B4F61F5234":{"name":"5)Toggle/1)Selected/Focus"},"D91D0021-0E93-4EFF-BB44-07DEB1C70541":{"name":"Toggle"},"F1E372FB-8E6F-4123-AB48-9418CEF55BF8":{"name":"5)Toggle/1)Selected/Disabled"}}},"244D9BB1-48BF-4E3C-AC6B-0F28C27E4D40":{"name":"Cards","artboards":{"039ED16C-9CCB-45D7-B857-14D4B34BC7C3":{"name":"22)Card/2)Icon/7)Title + Subtitle + Text + 2 Buttons"},"046ECA62-6586-4AEE-8B6F-0B9264CC7728":{"name":"22)Card/1)Default/3)Title + Subtitle + Button"},"04C12626-C9BA-4E41-A33E-39B6465346EB":{"name":"Other/_State/Card/Disabled"},"06D5820E-A8B1-45D5-9BF8-E63E9ECAA52F":{"name":"22)Card/2)Icon/5)Title + Subtitle + Text"},"080DDE2A-F73E-4E60-B66B-D82E2E6E773E":{"name":"22)Card/6)Icon + Toggle/6)Title + Subtitle + Text + Button"},"09764C11-E5C1-48A2-92C6-E6612878BD56":{"name":"22)Card/3)2 Icons/2)Title + Subtitle"},"0CFE66BF-59A9-4A13-BF9F-7D1224CCE395":{"name":"22)Card/1)Default/13)Image + Title + Subtitle + Text + 2 Buttons"},"1091E456-F93E-4908-BC32-83FD519CD8FD":{"name":"Other/_Shape/Card/Badge"},"11F81A0D-1C8C-489D-B6EC-782D78AA096F":{"name":"22)Card/3)2 Icons/7)Title + Subtitle + Text + 2 Buttons"},"127018D2-9467-4DD7-8C99-4F66F48DA749":{"name":"22)Card/Small/Interaction/Radiobutton/card_3_Lines+arrow"},"180C42F7-1A93-4595-A341-0AEC498C4E22":{"name":"22)Card/Small/Interaction/Radiobutton/card_3_Lines+radio_button"},"187AC0C9-7805-48D7-A43C-C9A628B58FC7":{"name":"22)Card/4)Icon + Checkbox/4)Title + Subtitle + 2 Buttons"},"1B2393AF-69CC-4388-A79A-9A572531C78C":{"name":"22)Card/6)Icon + Toggle/3)Title + Subtitle + Button"},"1B8A4C93-3896-40FD-98D7-8932630A6BC2":{"name":"Other/_Text/Card/Text/Default"},"247D7C2F-F375-4C01-8709-D346802C66B8":{"name":"22)Card/5)Icon + Radiobutton/3)Title + Subtitle + Button"},"288B2D7B-12FB-4CF1-A842-9C7B51856AD5":{"name":"22)Card/4)Icon + Checkbox/6)Title + Subtitle + Text + Button"},"29186867-44E5-4BF9-BD66-10FE7EAA30C6":{"name":"22)Card/5)Icon + Radiobutton/13)Image + Title + Subtitle + Text + 2 Buttons"},"2A8F6308-6BA5-452F-80FF-4C044DBA3044":{"name":"22)Card/1)Default/12)Image + Title + Subtitle + Text + Button"},"2B535648-9432-4F01-83AF-98F883D74C4F":{"name":"Other/_Text/Card/Title/Default"},"2C00FB18-4631-418B-900A-BB482C454CAF":{"name":"22)Card/4)Icon + Checkbox/11)Image + Title + Subtitle + Text"},"2F92A0CE-1BE9-4F68-B917-5155C85D1D36":{"name":"22)Card/5)Icon + Radiobutton/10)Image + Title + Subtitle + 2 Buttons"},"300F06EC-A113-4E34-8575-08B4F71AA34B":{"name":"22)Card/2)Icon/11)Image + Title + Subtitle + Text"},"31DD9B0B-8475-4980-9B70-27043EF947BA":{"name":"22)Card/5)Icon + Radiobutton/7)Title + Subtitle + Text + 2 Buttons"},"3879A4E8-00F1-4532-888E-10DB9C6D63E1":{"name":"Other/_Text/Card/Text/Disabled"},"3B3AF226-3788-4DA4-AB4B-BCDD5D6D028F":{"name":"22)Card/6)Icon + Toggle/11)Image + Title + Subtitle + Text"},"3BD14444-E080-4D5D-A55A-59CBFA4201EC":{"name":"22)Card/2)Icon/10)Image + Title + Subtitle + 2 Buttons"},"3F62B75F-3331-4B1E-A83D-FBA0E106AF50":{"name":"22)Card/3)2 Icons/12)Image + Title + Subtitle + Text + Button"},"403BCC27-8529-40C1-B304-77FC9E8A22CA":{"name":"22)Card/Small/Interaction/toggle/card_3_Lines+radio_toggle"},"44F03659-B03C-4B04-96AB-0C98FA6D3DDE":{"name":"22)Card/1)Default/6)Title + Subtitle + Text + Button"},"45548FB3-1496-4953-8746-49174A22E2C1":{"name":"22)Card/5)Icon + Radiobutton/1)Title "},"4A79C30A-2CE2-40D4-8D3A-A2CFC5FF72B1":{"name":"22)Card/1)Default/5)Title + Subtitle + Text"},"4FCCB63C-D845-44EC-9F3C-582D8EA90C76":{"name":"22)Card/6)Icon + Toggle/4)Title + Subtitle + 2 Buttons"},"50F48BEC-E519-4543-AA79-B01B6C9D5D19":{"name":"Other/_Text/Card/Subtitle/Default"},"56AD7FD9-8100-4BE9-A64E-B23DD216AB01":{"name":"22)Card/1)Default/10)Image + Title + Subtitle + 2 Buttons"},"5B559881-A416-48DA-B998-7C7F526A848D":{"name":"22)Card/3)2 Icons/3)Title + Subtitle + Button"},"5F746DC5-CAB6-4C04-A9E0-854BF78DEF06":{"name":"22)Card/1)Default/11)Image + Title + Subtitle + Text"},"5FFCD148-81EC-4A0E-BED5-0F5F9211F7B6":{"name":"22)Card/2)Icon/4)Title + Subtitle + 2 Buttons"},"6118A6A4-CA1B-4528-AAAA-70C2609E3CA9":{"name":"22)Card/6)Icon + Toggle/9)Image + Title + Subtitle + Button"},"62CBA738-1AAE-4547-AA8A-A3E26C8CFD46":{"name":"22)Card/2)Icon/2)Title + Subtitle"},"66CE32D6-B864-489B-BBA7-D20300BA21CB":{"name":"22)Card/4)Icon + Checkbox/10)Image + Title + Subtitle + 2 Buttons"},"66E408CD-A2C4-4A55-B959-F1A38260A8B0":{"name":"22)Card/2)Icon/1)Title "},"6A0F510A-1F51-4ADD-85D9-0DADB9446C60":{"name":"22)Card/3)2 Icons/11)Image + Title + Subtitle + Text"},"6FAED79F-82AE-46F5-92B4-F28D95FEA616":{"name":"Other/_Shape/Card/Card"},"702A055E-D493-45CC-85BA-A7296106FFE7":{"name":"22)Card/4)Icon + Checkbox/5)Title + Subtitle + Text"},"70D7CA93-AE31-470B-9CF7-8B53B4B997FD":{"name":"22)Card/5)Icon + Radiobutton/4)Title + Subtitle + 2 Buttons"},"72E73D72-3DCA-4999-B016-A191EDEA7357":{"name":"Other/_State/Card/Default"},"750EEB3A-1F71-4407-A1CA-25462C427AF3":{"name":"22)Card/6)Icon + Toggle/12)Image + Title + Subtitle + Text + Button"},"772980A3-2F69-4D18-A82E-15C1AD5354B3":{"name":"22)Card/3)2 Icons/13)Image + Title + Subtitle + Text + 2 Buttons"},"7865764D-821C-4371-A127-341CA87028A0":{"name":"Other/_State/Card/Hover"},"7FEEED8B-021A-4CA3-B2EB-F73F6E323E82":{"name":"22)Card/4)Icon + Checkbox/2)Title + Subtitle"},"8128656B-ECE7-432F-925E-89D283FF77FC":{"name":"22)Card/2)Icon/6)Title + Subtitle + Text + Button"},"819184D4-1185-43B8-92CE-5C05F6B3AF44":{"name":"22)Card/6)Icon + Toggle/13)Image + Title + Subtitle + Text + 2 Buttons"},"82AA3CD6-F9DA-4D6A-98CA-9B98CF719B9C":{"name":"22)Card/3)2 Icons/5)Title + Subtitle + Text"},"830E972E-3CEB-4445-9A12-63B67047E8CF":{"name":"22)Card/1)Default/4)Title + Subtitle + 2 Buttons"},"8470A9EE-CF78-4067-B2F5-D044197469FF":{"name":"Cards"},"8748AFF1-10FA-47A1-9703-6666E7ABD021":{"name":"22)Card/3)2 Icons/4)Title + Subtitle + 2 Buttons"},"8D60FC22-93A2-4176-B27D-C8CE41017478":{"name":"22)Card/6)Icon + Toggle/1)Title"},"8EA27B66-056A-4605-BDD3-65683942EBA5":{"name":"22)Card/3)2 Icons/9)Image + Title + Subtitle + Button"},"91A65E30-E56A-4EF4-94AD-08D64CE738E0":{"name":"Other/_Shape/Card/Image/Big"},"929E299D-0AA7-4A13-8E04-61D1E0F06345":{"name":"22)Card/2)Icon/3)Title + Subtitle + Button"},"92BA5617-EFF4-4CD9-B606-BC688F2DB743":{"name":"22)Card/6)Icon + Toggle/5)Title + Subtitle + Text"},"98ED2041-CCEA-4179-8662-F052638C4359":{"name":"22)Card/2)Icon/13)Image + Title + Subtitle + Text + 2 Buttons"},"98FF313B-0F68-494B-A791-38ECAFC6E203":{"name":"22)Card/4)Icon + Checkbox/1)Title "},"9A7AA6A4-7E84-4AE0-A060-E81A173526CD":{"name":"22)Card/5)Icon + Radiobutton/2)Title + Subtitle"},"9B141FC1-86A4-4600-AAC2-A8049571C993":{"name":"Other/_Text/Card/Title/Disabled"},"9F0E74A5-5716-40E1-B8BE-6A2FE255531A":{"name":"22)Card/1)Default/9)Image + Title + Subtitle + Button"},"A2E73D17-88C8-42C7-B5DA-CE0677271525":{"name":"Other/_State/Card/Focus"},"A39A4F27-3266-48B9-B4A1-55F3B299423E":{"name":"22)Card/6)Icon + Toggle/2)Title + Subtitle"},"A3D86A08-483F-4E86-BCFF-243A6915EB92":{"name":"22)Card/5)Icon + Radiobutton/5)Title + Subtitle + Text"},"A4D4628A-4909-4F12-BC16-3B37CA561AF7":{"name":"22)Card/4)Icon + Checkbox/12)Image + Title + Subtitle + Text + Button"},"AC7FC188-4D7F-4F60-B3E0-0060711AD273":{"name":"22)Card/3)2 Icons/1)Title"},"ACC13500-EBFB-40DA-A699-4A730998AE9E":{"name":"22)Card/4)Icon + Checkbox/3)Title + Subtitle + Button"},"B30D3A0F-1865-4945-B316-BFFA3B20B2BB":{"name":"22)Card/5)Icon + Radiobutton/6)Title + Subtitle + Text + Button"},"B64DDF25-AFC0-40F1-B15F-768BE28C4527":{"name":"22)Card/5)Icon + Radiobutton/11)Image + Title + Subtitle + Text"},"C1E92E96-FD23-4479-B79A-7C1E5509FEC5":{"name":"Other/_Shape/Card/Image/Small"},"C86810F3-7AA4-4573-B121-8910B239B7ED":{"name":"22)Card/3)2 Icons/8)Image + Title + Subtitle"},"CB11F759-6E65-4E6F-9F59-E7C6D608C7B9":{"name":"22)Card/4)Icon + Checkbox/9)Image + Title + Subtitle + Button"},"CBF4FC1F-5DF4-4036-B8CA-B0D6114BF4D4":{"name":"22)Card/1)Default/2)Title + Subtitle"},"CEAD6AA3-313E-4C54-918A-57FE1C1E1A15":{"name":"22)Card/4)Icon + Checkbox/7)Title + Subtitle + Text + 2 Buttons"},"CFB44DCD-138A-44A8-B402-BB61355BC661":{"name":"22)Card/5)Icon + Radiobutton/8)Image + Title + Subtitle"},"CFEBFF9C-FE73-440F-9B4D-A48F43607E9B":{"name":"22)Card/1)Default/8)Image + Title + Subtitle"},"D3736F84-4C98-42B8-B1C6-2DE86429234B":{"name":"22)Card/5)Icon + Radiobutton/12)Image + Title + Subtitle + Text + Button"},"D3E1CD72-A7C5-46DA-A63C-E3236520DC3C":{"name":"22)Card/2)Icon/9)Image + Title + Subtitle + Button"},"D42207F4-F602-4B3B-BCF3-CF68F78ACC96":{"name":"22)Card/4)Icon + Checkbox/13)Image + Title + Subtitle + Text + 2 Buttons"},"D5F69AAA-3540-482D-A973-0510D8966D7C":{"name":"22)Card/2)Icon/12)Image + Title + Subtitle + Text + Button"},"D9A2658C-EC86-4D35-B2B8-0538A23640D2":{"name":"22)Card/6)Icon + Toggle/8)Image + Title + Subtitle"},"DCF72F1B-F5A4-43AE-AA1F-747D4F75AAAE":{"name":"22)Card/3)2 Icons/6)Title + Subtitle + Text + Button"},"DFC37170-B90E-4AA4-AF16-702BF056A9D4":{"name":"22)Card/2)Icon/8)Image + Title + Subtitle"},"E13D3CB5-64DF-4045-B62E-21E4D0E82951":{"name":"22)Card/6)Icon + Toggle/7)Title + Subtitle + Text + 2 Buttons"},"E7449A50-301D-4456-9AB0-1EF835F02AFA":{"name":"22)Card/3)2 Icons/10)Image + Title + Subtitle + 2 Buttons"},"EB83B424-66D5-4DA3-A8B6-3227DA3C9B0A":{"name":"22)Card/1)Default/7)Title + Subtitle + Text + 2 Buttons"},"F154EAE8-FE16-48D0-90D6-99F4E43AC455":{"name":"22)Card/4)Icon + Checkbox/8)Image + Title + Subtitle"},"F31A01CF-F1CE-4AE7-A370-7A9D3488B98D":{"name":"Other/_State/Card/Active"},"F32A36A3-D929-4A70-A1A9-B46E124C643C":{"name":"Other/_Text/Card/Subtitle/Disabled"},"F7566368-F664-4168-82C8-39D19840AF43":{"name":"22)Card/1)Default/1)Title "},"F83C3FFF-A963-4308-A1F8-75B3C1435462":{"name":"22)Card/5)Icon + Radiobutton/9)Image + Title + Subtitle + Button"},"FE3A408F-3232-4A2A-82A8-DA4F497B4AC2":{"name":"22)Card/6)Icon + Toggle/10)Image + Title + Subtitle + 2 Buttons"}}},"2EF53AC2-31EF-479B-AEBC-D3ECE1125A66":{"name":"Desktop Tooltip/Popover","artboards":{"00488D09-8A53-4A56-B305-6F4273C908A7":{"name":"29)Desktop/Tooltip/Label + Icon"},"036FED7C-5287-49E7-8E5E-812883254291":{"name":"Other/_Shape/Desktop/Tooltip/Popover/Tip ↙️"},"0EA0FA6A-3189-4DD2-B995-23709CB0C682":{"name":"Other/_Shape/Desktop/Tooltip/Popover/Tip ↘️"},"11144E9E-6B8D-41D3-81DB-13F853F42CD1":{"name":"Other/_Shape/Desktop/Tooltip/Tip ➡️"},"11D2C2CF-7887-4A5A-A416-27816C2598D6":{"name":"Other/_Text/Desktop/Tooltip/┼ Center/White"},"18457DAB-4404-410D-A823-4CC1BEFC093D":{"name":"Other/_Shape/Desktop/Tooltip/Base"},"1B3AE4B6-2826-4C5C-876D-573B7C6E4F73":{"name":"29)Desktop/Tooltip/Popover/Input"},"1D817D68-3871-4B2E-B3D6-405F6B31AEEE":{"name":"29)Desktop/Tooltip/Label"},"3EB3C3C7-2A78-42DA-BC31-49A8865B9698":{"name":"Other/_Shape/Desktop/Tooltip/Tip ↗️"},"497186EF-309E-4F3F-8E9F-2DAA97BF5F0F":{"name":"Other/_Text/Tooltip/Header"},"50621B56-B178-4661-A9D2-614F0340BBB1":{"name":"29)Desktop/Tooltip/Label + Action"},"54F6A931-07A1-4D36-B0B9-23EE71518494":{"name":"Other/_Shape/Desktop/Tooltip/Popover/Tip ➡️"},"5C461969-49D6-497D-BFE9-4656A97D347A":{"name":"Other/_Text/Desktop/Tooltip/┼ Center/Primary"},"5CC62B7E-C2A7-4240-84B1-2403E7A5330E":{"name":"Other/_Text/Desktop/Tooltip/├ Left/Primary"},"5E5ABE60-6C94-450F-AEDB-B0F885D64084":{"name":"Other/_Shape/Desktop/Tooltip/Popover/Tip ⬇️"},"61AF360B-CC1F-41D3-A046-AAEB04B96FED":{"name":"29)Desktop/Tooltip/Popover/Template"},"6A5918E1-59AF-4711-821B-9069300EA1EA":{"name":"Other/_Shape/Desktop/Tooltip/Popover/Tip ⬅️"},"72069F77-15F0-4799-AFC2-8E9D477F6D00":{"name":"29)Desktop/Tooltip/Popover/Avatar"},"7EC8DE3C-91F9-4D9F-9E60-1BF8E95079B2":{"name":"29)Desktop/Tooltip/Label + Icon + Action"},"8A4BCE0A-FF4D-4DFC-BB63-0AD3FF9F8CD0":{"name":"Other/_Shape/Desktop/Tooltip/Tip ⬅️"},"8EF39B96-FBC1-4A7A-8544-77CE420381B6":{"name":"Other/_Shape/Desktop/Tooltip/Tip ↙️"},"9C1C9B6D-2EF8-4B62-8D84-02BFC52AAD25":{"name":"Other/_Shape/Desktop/Tooltip/Popover/Tip ↖️"},"AC97A9BD-F42B-47C8-A5EB-DAE08B894344":{"name":"Other/_Shape/Desktop/Tooltip/Popover"},"B0F95C89-CFC6-4B8D-9718-BCA9B7C645EE":{"name":"Other/_Shape/Desktop/Tooltip/Tip ⬇️"},"BB6793CD-A137-4DD0-A1D3-1C06DF396A91":{"name":"Other/_Shape/Desktop/Tooltip/Tip ↘️"},"BEFED135-272E-4C9F-A884-550403601348":{"name":"Other/_Shape/Desktop/Tooltip/Tip ↖️"},"CEE0AD1F-1935-4C76-B7C9-96AD6B010BBE":{"name":"29)Desktop/Tooltip/Popover/Text"},"D207C0BB-9EAC-4C0B-9F08-BE541C9FC85F":{"name":"Other/_Text/Desktop/Tooltip/├ Left/White"},"D47BEDF3-82B5-486F-BD9F-2DEA277E89BC":{"name":"29)Desktop/Tooltip/Popover/List Elements"},"D8425B61-4AB2-4564-92CD-A98EF26304AF":{"name":"Other/_Shape/Desktop/Tooltip/Tip ⬆️"},"E26E484A-D42D-47ED-AA17-8D2094EC5A0C":{"name":"Other/_Shape/Desktop/Tooltip/Popover/Tip ↗️"},"FCD47C93-1873-41C0-84D4-D9FAE3F35364":{"name":"Other/_Shape/Desktop/Tooltip/Popover/Tip ⬆️"}}},"2F53AD92-4D60-46F4-8EAA-8483EFF4CDF7":{"name":"Modal","artboards":{"02B09DB7-0117-48C6-80EA-6FC61C641665":{"name":"Other/_Text/Modal/Header/Default"},"1F2C11CB-56F3-4E4E-AACB-4BFF43A71E57":{"name":"Other/_Text/Modal/Header/Error"},"2A72A3D6-E655-40DC-872A-EA8AA981FDAD":{"name":"Other/_Text/Modal/List"},"3570FDA3-FA52-42A7-8ED5-1BC428255F7B":{"name":"Other/_Text/Modal/Text Warning"},"35F91B08-436A-4893-AD9B-E9CD5A932DE0":{"name":"Other/_Shape/Modal"},"377064FC-7A95-4BDD-9746-6A68C57C68B5":{"name":"Other/_Text/Modal/List Warning"},"4ED258AD-692D-4B69-8197-B8D0D81E3C79":{"name":"Other/_Text/Modal/Text Success"},"5D6B3CEE-D2C0-48F5-9622-CE02E090E300":{"name":"Other/_Text/Modal/Header/Warning"},"73582A27-8BD2-439E-B6F9-79859F78A83E":{"name":"16)Modal/One Button"},"759DCDC1-74B7-41C9-8B0A-59EB6F1798A0":{"name":"Other/_Text/Modal/List Error"},"7CA48000-1D47-4E1F-92CB-A21445AB8D8F":{"name":"Other/_Text/Modal/Group List"},"8C41B04E-6CA6-43AB-88A4-6989BD18433E":{"name":"Other/_Text/Modal/Group List Success"},"8C7E01FE-D4ED-44D0-8B6C-059417845246":{"name":"Other/_Text/Modal/Text Default"},"9726679B-6AB8-4568-B073-324182CDBDB3":{"name":"Modal"},"AC82F3DA-9D85-42B0-9B46-F5B9140D97BB":{"name":"Other/_Text/Modal/Header/Success"},"C5BE08DA-268C-4AEB-9216-FDDD8AAC9609":{"name":"16)Modal/Two Buttons"},"C85C6E45-2006-4473-B42D-D56F0A8967CC":{"name":"Other/_Text/Modal/List Success"},"C8C36F8D-EC88-494E-9CAB-69ABAF146301":{"name":"Other/_Text/Modal/Group List Error"},"D9A3EE5B-A915-421E-B2E8-A813585629B2":{"name":"Other/_Text/Modal/Text Error"},"DA1A7BAF-FE75-45BF-BA2E-CE63E14BFDB1":{"name":"16)Modal/List + Two Buttons"},"F7338A87-B3D1-4F41-8FF8-090069C9F304":{"name":"Other/_Text/Modal/Group List Warning"}}},"35593BC0-B383-4EA5-8E4E-AEA109615F0A":{"name":"Credit Card","artboards":{"09A5D97D-B50F-4F23-94C0-C408122713D8":{"name":"Credit Card"},"0AE9DB41-5681-44A2-AD25-675B2770375D":{"name":"23)Credit Card/Small/Purple"},"11EA9C61-61C6-4022-93A9-F1E3F1E8D6CF":{"name":"23)Credit Card/Small/Black"},"149907C1-4054-4A50-9224-808AB198870B":{"name":"23)Credit Card/Big/Black"},"1900C921-FD95-48E2-BEEC-7A18C74C24EC":{"name":"23)Credit Card/Medium/Black"},"1CD5A166-937B-46CC-BA33-BD4FEA29EE0D":{"name":"23)Credit Card/Large/Black"},"1D56DA49-3343-40F9-A31D-CC0D6196D36B":{"name":"23)Credit Card/Large/Purple"},"29BB190E-9A7D-4B32-9C8E-E720AEDE1673":{"name":"23)Credit Card/Small/Green"},"60CAFE89-48FD-4C50-B698-CBC088D80429":{"name":"23)Credit Card/Medium/Green"},"7A379120-D07D-4A7D-86E4-58653AD8A3B5":{"name":"23)Credit Card/Large/Blue"},"98DAC154-A4A2-4B6B-9E15-1729FD27E9CE":{"name":"23)Credit Card/Big/Green"},"99B3C5C0-07F0-4C36-BAC5-9BA8C1E87176":{"name":"23)Credit Card/Big/Purple"},"A5B3B1B3-A78C-42E9-95DB-96704ED55B49":{"name":"23)Credit Card/Big/Blue"},"E06C112B-FA8E-4660-A5D1-15B061E3E63B":{"name":"23)Credit Card/Medium/Blue"},"E42EF7F7-8256-4D06-883C-AD0765E4F195":{"name":"23)Credit Card/Large/Green"},"EAC5E5C5-698A-47E3-B06F-830168B865FB":{"name":"23)Credit Card/Small/Blue"},"EFE314BC-C411-4AF7-A180-63A5965EC6DF":{"name":"23)Credit Card/Medium/Purple"}}},"39EEA0FC-72D1-4904-8153-3E14C0604736":{"name":"Desktop Table","artboards":{"006B6294-9C36-4736-A83D-FEA2727E45EF":{"name":"29)Desktop/Table/4)Footer/Infinity Loading/Infinity Loading"},"03013E57-CB64-4C09-9A85-7055AFA41DA5":{"name":"29)Desktop/Table/3)Row/8/End/Double Bold"},"03639DC6-6DFA-4414-B1FF-A91783FDBA94":{"name":"29)Desktop/Table/3)Row/6/End/Double Bold"},"0422FA71-4BEA-42C0-85CB-B26D03883BBD":{"name":"26)Table/4)Footer/Pagination/Pagination Middle"},"048BC9A6-3B7A-4A56-84FE-9A2277272C01":{"name":"29)Desktop/Table/3)Row/8/Start/Category"},"0496CBA3-0C78-4E24-9DB6-94CEF1184435":{"name":"26)Table/4)Footer/Double/Summary + Description Left + Right"},"070D8079-3F25-4CB7-98D8-316864852A39":{"name":"26)Table/2)Subheader/Sticky/Order Start"},"0993A1AB-7DB6-433A-8AC7-3831779752B2":{"name":"26)Table/2)Subheader/Order Middle"},"0E41A16C-14CC-418C-A57E-5B9A8AAF0C58":{"name":"26)Table/3)Rows/5 Columns/Icon"},"0F2C13BB-09DA-4533-863B-1DE7E3F58745":{"name":"29)Desktop/Table/1)Header/Single/Title + Actions"},"0F994320-C706-4820-AE59-0E198E1584FE":{"name":"Other/_Text/Table/Footer/Infinite Loading"},"0FBB6C8C-0B66-4A9B-B199-999841B5D472":{"name":"29)Desktop/Table/3)Row/8/End/Single Bold"},"0FC4DC8B-682B-40F0-968E-73A005273D1D":{"name":"29)Desktop/Table/3)Row/4/Start/Double"},"1241AD93-5245-4007-A577-CB7B3E78A6E8":{"name":"29)Desktop/Table/3)Row/8/End/Double"},"13488410-67E8-44F6-8130-40728F6F033B":{"name":"26)Table/1)Header/Single/Title + Search Active"},"1434381A-26C9-43E1-BF6F-88BC4D3F9B6B":{"name":"26)Table/2)Subheader/Order End"},"15DA80AC-FC95-460D-9E96-B7ED682B7744":{"name":"29)Desktop/Table/3)Row/6/Middle/Single"},"162659C8-2674-4C9D-AF5B-30B7FF34D216":{"name":"29)Desktop/Table/3)Row/4/Start/Avatar"},"17198F1D-BCDD-444A-80D8-3AC2A9F9560E":{"name":"29)Desktop/Table/3)Row/6/Middle/Single Bold"},"17724CC7-71F1-4F01-BF72-3201065953AF":{"name":"29)Desktop/Table/3)Row/6/Middle/Category"},"21742A4A-DF8C-4A7A-B437-66B8AF3878DB":{"name":"29)Desktop/Table/5)Cell/Left/Avatar"},"23DD9FD4-1219-4156-9BDD-8252C2891FE1":{"name":"Notes"},"2427E179-BABF-4A69-9BAD-8BCE1684C983":{"name":"26)Table/1)Header/Double/Title + Description + Actions"},"2539E109-C94B-4788-A26E-53A9F790EAE7":{"name":"26)Table/4)Footer/Double/Summary + Description Right"},"296A18C0-BC38-4FC5-A48E-A33C96781CDB":{"name":"Other/_Text/Table/Left/Header Single"},"2B2E8356-215D-404F-953D-561EAD42408A":{"name":"26)Table/3)Rows/5 Columns/Avatar"},"2BB7DFB0-D06F-462B-8029-14D5AB0E1EB4":{"name":"26)Table/3)Rows/4 Columns/Interaction"},"2BDA2919-4600-4E8B-8BDE-BFCBBBEA7834":{"name":"26)Table/3)Rows/4 Columns/Double"},"2C3E40E6-DD3B-4F93-8C08-5817F8A39C1D":{"name":"Other/_Shape/Table/Slide-H/Middle"},"2DC66E1B-4C52-4C1D-A0DB-389A84B09BC5":{"name":"26)Table/4)Footer/Pagination/Pagination End"},"2F36E301-666F-4D9A-8CE1-E17C15DC53FF":{"name":"26)Table/3)Rows/3 Columns/Single"},"2FEBB345-64F4-4B3E-ACF9-E954AA98E720":{"name":"29)Desktop/Table/3)Row/6/Middle/Double Bold"},"305E59EA-53DF-422C-9A7E-B39A2D6F2B95":{"name":"29)Desktop/Table/3)Row/8/Middle/Double Bold"},"330F3A89-1301-4C6C-862F-5287BD5B753A":{"name":"Artboard Copy 16"},"34C3D113-BBCD-47D7-8442-0AFFD2C8D2AE":{"name":"26)Table/1)Header/Double/Title + Description + Search Active"},"3565559F-86C1-4ACA-9269-BACF7F2A4EDF":{"name":"26)Table/3)Rows/5 Columns/Interaction"},"35FD1512-929E-4BB0-A489-1C08A0E1E309":{"name":"Other/_Text/Menu/Default"},"364E49A0-DD5E-4FBF-B921-6115C8269C94":{"name":"26)Table/2)Subheader/Sticky/Order Middle"},"383F369B-833B-4EE1-9612-2D18F7CCB9BF":{"name":"29)Desktop/Table/3)Row/8/Start/Single"},"39F0A4B2-9D83-4F74-9DE8-E930F6826A42":{"name":"26)Table/3)Rows/3 Columns/Interaction"},"3A3EE75C-9D30-4AFA-A0D3-C17D5355A583":{"name":"29)Desktop/Table/1)Header/Double/Title + Description + Search Active"},"3AFC758E-4C5A-4569-AE76-6DF61C6206C6":{"name":"29)Desktop/Table/4)Footer/Pagination/Pagination Middle"},"3CA1C0A5-CB44-43EC-952B-C68A1997C797":{"name":"26)Table/4)Footer/Pagination/Sticky/Pagination End"},"3D81AA84-B039-44A2-9E6E-3505724D1049":{"name":"29)Desktop/Table/3)Row/4/End/Double Bold"},"3EE54927-CBC6-4523-81FC-7D9486534CCE":{"name":"29)Desktop/Table/3)Row/4/Start/Single Bold"},"4003DB46-CF29-436A-A29E-CC1729EBBD1D":{"name":"29)Desktop/Table/3)Row/6/Start/Avatar"},"410F295E-5BA7-46DE-AF7E-214B85A5839B":{"name":"26)Table/4)Footer/Double/Sticky/Summary + Description Left + Right"},"4336948E-140E-425E-B318-5F0CDA5F706C":{"name":"26)Table/1)Header/Single/Title Left"},"455A43B8-E5BC-484A-9507-18DCB4E7C118":{"name":"29)Desktop/Table/3)Row/8/Start/Double"},"45D0D704-515A-4C0A-AE9E-A4324B11C96B":{"name":"26)Table/4)Footer/Infinity Loading/Sticky/Infinity Loading"},"47FBA103-0A6B-4636-A64D-0AABBE67E2D9":{"name":"26)Table/4)Footer/Infinity Loading/Infinity Loading + Text"},"4A5423D5-5DFC-4E81-8371-B18375BFBC44":{"name":"Other/_Text/Table/Left/Header Double"},"4E7D7CDB-31A0-4A90-9024-A1B51CAEC04F":{"name":"Artboard Copy 21"},"51A7DB57-9588-4932-A935-8CF71CEBD9AA":{"name":"Other/_Text/Table/Footer/Pagination"},"527D25EA-EF19-4C92-8157-0B3859B53A34":{"name":"26)Table/4)Footer/Single/Summary Left + Right"},"5527A729-3FDB-4B31-A4E7-1BB6C5F56658":{"name":"29)Desktop/Table/3)Row/8/Middle/Single Bold"},"564B11AC-E588-4E37-B695-CEF33C25BFDF":{"name":"29)Desktop/Table/3)Row/8/Middle/Single"},"56DD45BD-9A49-4895-992B-CBAD8EEE6077":{"name":"Artboard Copy 24"},"57C51D32-36EC-4B80-BA11-BDFEECD8EF07":{"name":"Artboard Copy 20"},"57F8FDE9-CAF6-4A1F-8FD9-5C66D497C56C":{"name":"29)Desktop/Table/3)Row/4/End/Action"},"598B53E1-14D6-4028-95BB-E74E7977416D":{"name":"29)Desktop/Table/4)Footer/Pagination/Pagination End"},"5AA159AB-ED32-486B-849D-82F7ADD41572":{"name":"Other/_Text/Menu/Active"},"5B8C7196-E821-4C8B-8429-9BC4E1590D4C":{"name":"29)Desktop/Table/3)Row/4/Middle/Single Bold"},"5C676144-AAD6-454E-ABE3-6D37272E44A5":{"name":"29)Desktop/Table/3)Row/6/Middle/Avatar"},"5C8B6D08-8E80-4534-A051-6A37F5608D97":{"name":"29)Desktop/Table/5)Cell/Left/Category"},"5E330775-1992-47EC-8780-C85E72ED6DC8":{"name":"29)Desktop/Table/2)Table/6 Columns"},"6156B6B7-E4A9-414B-9B51-6B357E49B5D8":{"name":"29)Desktop/Table/3)Row/6/Start/Single Bold"},"6256AD30-F56B-4B41-9E8A-F418DB62193A":{"name":"26)Table/1)Header/Double/Title + Description"},"62810FB0-2E04-4FD0-B2E8-44B8567AA432":{"name":"29)Desktop/Table/3)Row/8/Start/Double Bold"},"635449A2-B4CF-43F0-AFD5-C4A2FCE43992":{"name":"Other/_Text/Table/Right/Entry Single"},"66889B52-0AE3-41FC-B65A-2443CB0F9B20":{"name":"26)Table/3)Rows/5 Columns/Double"},"6A93E31F-9E65-447B-9CE7-82EBA698BED9":{"name":"29)Desktop/Table/3)Row/6/Middle/Double"},"6B12D133-D237-4899-B89E-9C026A1910B4":{"name":"26)Table/3)Rows/2 Columns/Single"},"6D68584D-B87B-47AA-90E5-4646825E4E41":{"name":"Other/_Text/Table/Left/Entry Bold Single"},"6D92DC0E-B9B3-4A22-AF21-8137C1495623":{"name":"29)Desktop/Table/2)Table/8 Columns"},"6E2FC476-53D1-4511-BDA2-215C98FC4C49":{"name":"26)Table/4)Footer/Pagination/Sticky/Pagination Start"},"70708CC3-A6A1-448E-89DA-86FFD3908371":{"name":"29)Desktop/Table/4)Footer/Infinity Loading/Infinity Loading + Text"},"73AC6F03-BF03-46F0-97A8-367CB0D06026":{"name":"26)Table/1)Header/Single/Title + Actions"},"741CAE4A-DC9D-4D85-9533-FC60DEAE91F5":{"name":"26)Table/4)Footer/Single/Summary Right"},"75512854-00CE-45CF-847F-8B371FD76629":{"name":"29)Desktop/Table/3)Row/8/End/Single"},"7802A804-4771-4712-8498-214A0E4C79CA":{"name":"29)Desktop/Table/3)Row/4/End/Single"},"782DA00E-BE7B-4D6B-A3AA-7BF8E3E0C71A":{"name":"Other/_Text/Table/Right/Entry Bold Single"},"7E352F95-EE0F-4B0E-AFDC-88A116A5E784":{"name":"26)Table/4)Footer/Infinity Loading/Sticky/Infinity Loading + Text"},"7E54A2FC-02E9-4C93-B0CA-E36DEE40C714":{"name":"26)Table/4)Footer/Pagination/Sticky/Pagination Middle"},"800AB372-F8F8-43D7-94C6-DEFB1FFCB004":{"name":"Other/_Shape/Table/Slide-H/End"},"80F09248-288E-4976-A416-902DEC52F84A":{"name":"29)Desktop/Table/5)Cell/Right/Single Action"},"832716CB-263F-4EF2-885B-90FB36655D6E":{"name":"26)Table/3)Rows/5 Columns/Single"},"850982C9-D5FB-4FB0-8615-43FA46511490":{"name":"29)Desktop/Table/3)Row/4/Middle/Double Bold"},"862A0496-C711-4824-B8FA-8115F797F276":{"name":"29)Desktop/Table/3)Row/8/End/Action"},"875268A9-8AC1-48A4-BDC2-C18BE709A75F":{"name":"26)Table/2)Subheader/Sticky/Order End"},"892306E2-4BFE-42BF-A83D-00131A854C21":{"name":"29)Desktop/Table/5)Cell/Right/Actions"},"8C6F82B1-2B0C-4558-BA86-53F0C225DDC0":{"name":"26)Table/4)Footer/Pagination/Pagination Start"},"92530AF9-6C70-48DF-B6DC-10554D7A3EBF":{"name":"29)Desktop/Table/1)Header/Single/Title Left"},"93712201-F75F-4B0B-A871-713D71340C47":{"name":"29)Desktop/Table/3)Row/8/Middle/Avatar"},"93A3BC1E-FEF8-4B9D-8FE1-134E2D14A7C3":{"name":"29)Desktop/Table/3)Row/8/Middle/Category"},"95A097EB-267C-465A-A032-0E343CB3163C":{"name":"29)Desktop/Table/3)Row/8/Start/Single Bold"},"966366F9-2DCA-42EC-A638-4DA9D071061C":{"name":"Artboard Copy 22"},"97F76780-FDF2-459B-A075-AEAEEBA02D05":{"name":"29)Desktop/Table/3)Row/4/Start/Single"},"9884B021-360D-4633-A870-AFFF41F4A75C":{"name":"29)Desktop/Table/1)Header/Chips"},"98E1EFF0-3A9C-4B9A-ADAA-5FC9EEE40B83":{"name":"Artboard Copy 8"},"9B74F956-43BD-44E6-832A-998B0FCFB6E4":{"name":"29)Desktop/Table/3)Row/6/Start/Single"},"9E5D55AC-79CA-4C0A-8B9F-13198428B17F":{"name":"29)Desktop/Table/3)Row/4/Start/Double Bold"},"9E684EA0-FD07-4110-A62A-AB4C9C5A2D99":{"name":"26)Table/4)Footer/Double/Sticky/Summary + Description Right"},"A3E82DCF-188A-40D4-8FC7-9F3E049A6A01":{"name":"29)Desktop/Table/3)Row/6/Start/Double Bold"},"A5E57472-F119-4B54-8F14-247CC00BBFAF":{"name":"29)Desktop/Table/3)Row/4/End/Actions"},"AA35403D-34A5-4132-88DE-84B7C885CCB7":{"name":"29)Desktop/Table/4)Footer/Pagination/Pagination Start"},"AA556FE5-EC0A-44E6-AF67-02E924C0D046":{"name":"26)Table/3)Rows/4 Columns/Avatar"},"ADABAB4F-8D7E-4803-9F31-5F29FAF14DA7":{"name":"29)Desktop/Table/2)Table/4 Columns"},"AE129760-4D17-49C2-9CCC-FADB35ACBDAF":{"name":"26)Table/3)Rows/3 Columns/Avatar"},"AFAD3F09-D3A0-4DAE-AAA7-040348E09333":{"name":"29)Desktop/Table/3)Row/4/Middle/Avatar"},"B1E5371B-0B94-438E-8E04-F9E50C8CF898":{"name":"Other/_Text/Table/Footer/Pagination Desktop"},"B4FB4572-BE5B-4C22-BFF8-90E790B1171E":{"name":"26)Table/3)Rows/2 Columns/Avatar"},"B5552632-2887-4714-9ECC-9BCF8242242E":{"name":"29)Desktop/Table/1)Header/Single/Title + Search Active"},"B5F90787-1670-4817-8B53-23EA28576EF4":{"name":"29)Desktop/Table/1)Header/Double/Title + Description + Actions"},"BA173545-0C43-4D35-BB3F-E6E8629836B6":{"name":"29)Desktop/Table/3)Row/6/End/Double"},"BA613980-3F7F-40D4-BDDF-0329935C13E2":{"name":"29)Desktop/Table/3)Row/4/Middle/Single"},"BA9963C3-93EA-4A59-8AE2-75823A7F1888":{"name":"29)Desktop/Table/3)Row/8/Start/Avatar"},"BB521439-F0EC-4AC7-BCBB-90F3627B75ED":{"name":"Other/_Text/Table/Left/Entry Single"},"BB943040-AB55-413C-B150-85EE2735C247":{"name":"29)Desktop/Table/3)Row/6/Start/Double"},"BC133C43-5416-4E00-90BE-C7123727A040":{"name":"Artboard Copy 12"},"BD6BFD86-AAFB-48FA-BC79-25012D751442":{"name":"29)Desktop/Table/3)Row/6/End/Single Bold"},"BE9E5112-40A0-4BB1-9B6C-6FEFD5DD07F3":{"name":"29)Desktop/Table/4)Footer/Double/Summary + Description Right"},"C12890BC-576D-455F-8693-182E4AFE7BE0":{"name":"26)Table/4)Footer/Single/Sticky/Summary Left + Right"},"C49DD397-37AE-4C10-A4CB-56C71E338184":{"name":"29)Desktop/Table/1)Header/Double/Title + Description"},"C58568A9-5C6F-4653-9F60-03B601165106":{"name":"26)Table/3)Rows/3 Columns/Double"},"C724E85D-FEA5-4D96-88CE-4F061E4F1F1D":{"name":"29)Desktop/Table/4)Footer/Single/Summary Left + Right"},"CA69F379-CD55-4814-919E-E1084CDD544C":{"name":"Table"},"CA6D9F4B-4909-4BB6-B9AA-395A80213487":{"name":"26)Table/4)Footer/Infinity Loading/Infinity Loading"},"CCA24BE4-80B6-4D87-B4CC-30CA9BE28810":{"name":"26)Table/3)Rows/2 Columns/Icon"},"CE72919F-DE49-43C7-B601-9223A1200D5C":{"name":"26)Table/4)Footer/Single/Sticky/Summary Right"},"D194B472-82F7-4FED-81EC-05D447AE32F0":{"name":"29)Desktop/Table/4)Footer/Double/Summary + Description Left + Right"},"D1CCBAF6-835F-4181-8A93-33039A67C7C0":{"name":"26)Table/3)Rows/2 Columns/Interaction"},"D2BD5E41-1018-44B9-84FE-09DF2D16772D":{"name":"26)Table/2)Subheader/Order Start"},"D673C271-E54E-4264-8C46-2C4E5526456F":{"name":"29)Desktop/Table/3)Row/6/End/Actions"},"D840CFDD-34E1-46BA-92C5-0BAA66D53410":{"name":"Artboard"},"DF1829A5-B781-42DB-BE97-EA1B364729D1":{"name":"29)Desktop/Table/3)Row/6/End/Single"},"DF2F9EA8-61F3-4682-B6E1-6C67CE356E55":{"name":"29)Desktop/Table/3)Row/8/Middle/Double"},"DFE256CE-458E-4D08-B21A-B6E0D1657FED":{"name":"Other/_Text/Table/Right/Header Double"},"E4CF9B39-3953-46BA-AC50-5B7A0E8BA580":{"name":"Other/_Text/Table/Right/Header Single"},"E65C3D02-AB42-4A6E-A5C8-4B506A5B3800":{"name":"26)Table/3)Rows/4 Columns/Single"},"E94B0B72-AFDB-40EC-8477-1C0537C69520":{"name":"29)Desktop/Table/3)Row/8/End/Actions"},"E9C0A29B-FD8C-4BBB-BD2F-FE212A7CF710":{"name":"29)Desktop/Table/3)Row/4/End/Single Bold"},"EB593B26-9FA1-44CC-8FD7-114F12100790":{"name":"29)Desktop/Table/3)Row/4/End/Double"},"EBDA5339-6960-403B-B286-528FAACD797F":{"name":"Other/_Shape/Table/Slide-H/Start"},"EC5F3BEA-D2E3-45AA-8F80-62D5A7BF4657":{"name":"26)Table/3)Rows/4 Columns/Icon"},"EE2A497D-D723-4924-8C22-9150D69A4880":{"name":"26)Table/3)Rows/2 Columns/Double"},"F0C6986B-FE70-4CC4-9FC4-5160326DC7B5":{"name":"29)Desktop/Table/3)Row/6/End/Action"},"F327267E-DF83-4705-A41F-8EB5FF1B0FA0":{"name":"29)Desktop/Table/3)Row/4/Middle/Double"},"F73B9E5B-F27C-41A7-8D41-768FB37578EC":{"name":"29)Desktop/Table/4)Footer/Single/Summary Right"},"F7882B66-8A28-429A-9756-046B63CEA5C9":{"name":"Artboard Copy 19"},"F85A738C-6F6F-45B8-AE2B-40ADA539B768":{"name":"29)Desktop/Table/3)Row/6/Start/Category"},"F8C1F02F-6FC1-4140-B629-632AB0977A85":{"name":"26)Table/3)Rows/3 Columns/Icon"},"F907E4F4-386E-4C42-97EF-5557899C229C":{"name":"29)Desktop/Table/3)Row/4/Start/Category"},"FE541B1B-32F5-4758-ABC5-8F1352E2C370":{"name":"29)Desktop/Table/3)Row/4/Middle/Category"},"FF573EB2-4B42-4B50-B412-6D62FB03F312":{"name":"Artboard Copy 23"}}},"4C9D5270-144D-4303-9C1B-C5C811DD8AF1":{"name":"Hub","artboards":{"003C8D76-D2E1-45B2-8A2E-2804BCAE917D":{"name":"6)Hub/Card/Left/One Line Checkbox"},"51EE9412-CF5C-4C12-8077-3AE62595E431":{"name":"6)Hub/Card/Left/One Line Text + Icon"},"7AD4CF6E-AA19-4B9A-9019-F7DB4E73C580":{"name":"6)Hub/Card/Accounts + Search"},"98885D36-A65B-4B54-831F-C158B75A432D":{"name":"6)Hub/Card/Left/One Line Toggle"},"A12351D4-B244-400F-8F80-EBB4F701EEB9":{"name":"6)Hub/Card/Template"},"C3C8F0D9-B153-4E78-A4BB-361DC2498AF0":{"name":"Hub"},"C5D678BB-F41E-4376-9EC5-003F924F1B33":{"name":"6)Hub/Card/Left/Two Lines"},"CD1DA6E8-364B-4471-A1F1-BAD97B313C2C":{"name":"6)Hub/Card/Center/One Line"},"DE83EBD1-36D4-4452-AE62-173D0AF0C661":{"name":"6)Hub/Card/Center/Two Lines"},"E829FF82-5497-42BE-9F31-9CEF14DBB78E":{"name":"6)Hub/Card/Left/One Line Radiobutton"},"FAB39190-E717-4693-BB14-A85B5B0AB45E":{"name":"Other/_Shape/Hub"}}},"4CED4CF7-08EB-4646-BB24-FCDE25B315A8":{"name":"List Elements","artboards":{"07DFBC70-DBEC-4622-A029-D5740B1F3FBB":{"name":"14)List Elements/Single/Avatar/Titles-1 + Avatar + Radiobutton├Left"},"0ECB6477-4DD9-4EB6-83F2-65BC780F43C9":{"name":"14)List Elements/Single/Left/Text + Icon/Titles-1"},"0F51DC48-FC0A-4362-9699-DC83298C6CB5":{"name":"14)List Elements/Single/Avatar/Titles-1 + Avatar ├Left"},"13F52B91-0D5E-4FD6-B5B6-E5FEDC880F57":{"name":"14)List Elements/Double/Icon/Titles-1"},"17E44F23-904A-4770-A7DD-AF4C3DF24BFC":{"name":"Other/_Text/List Elements/Text Medium/┤Right"},"1CBE1465-E08F-416D-8211-50E59743312A":{"name":"Other/_Text/List Elements/Text Big/┤Right"},"244288B7-DC09-45BB-B402-6B653CE26AB2":{"name":"14)List Elements/Single/Left/Text/Titles-1"},"287DAA26-0997-4E7B-94BC-D0772C588E55":{"name":"Other/_State/List Elements/Default"},"2B613D11-9959-4333-9C9E-5DE82A96C10F":{"name":"Other/_State/List Elements/Disabled"},"365D73FB-6EB7-4F0B-8EAF-24D89E6492D0":{"name":"Other/_Text/List Elements/Text Large/├ Left"},"38A161A6-0792-4412-B26A-4AA0E597BEA0":{"name":"14)List Elements/Triple/Trading-1"},"3E2B6B0A-FD29-47B0-A4D8-E3D370BF7685":{"name":"Other/_State/List Elements/Active"},"4033C6AE-0565-42F8-ACBB-E4148766E283":{"name":"14)List Elements/Double/Avatar/Titles-2 + Avatar ├Left"},"43BC8B35-A30F-4390-815B-11816B21A393":{"name":"14)List Elements/Double/Avatar/Titles-2 + Avatar + Checkbox├Left"},"48CC1909-7934-4DBE-B38F-CE89C43A41ED":{"name":"Other/_Text/List Elements/Text Medium/┼ Center"},"4C651C9F-7BAF-44FC-83C3-BEF929BF585E":{"name":"14)List Elements/Single/Center/Titles-1"},"51459EB8-C8D3-404E-8630-3AC482153F23":{"name":"14)List Elements/Double/Text/Titles-1"},"5306D1E3-8848-401E-828C-71563B10AA17":{"name":"Other/_Text/List Elements/Header/┼ Center"},"535B9A15-1ED4-4398-AD3F-68C9999E4F56":{"name":"14)List Elements/Double/Checkbox/Titles-1 + Checkbox ├Left"},"55D4BCC0-AFBF-47E7-A69C-D70FE3EAAACC":{"name":"14)List Elements/Double/Checkbox/Titles-1 + Checkbox ┤Right"},"5707048C-4F1A-48E3-A7CA-63EEE51A65D5":{"name":"14)List Elements/Double/Avatar/Titles-1 + Avatar ├Left"},"576263B0-57A0-40A1-B14B-D25B3516F936":{"name":"Other/_Text/List Elements/Text Small/┤Right"},"5AAF3E41-F1C8-487E-9F56-239016064A3F":{"name":"Other/_Text/List Elements/Text Big/┼ Center"},"620E1BFB-ACC6-466D-8DDF-1797FA93665C":{"name":"Other/_Text/List Elements/Text Large/┤Right"},"653C3358-3E8F-4BBC-ADC3-F50C86231013":{"name":"14)List Elements/Single/Left/Text/Titles-0 + Radiobutton"},"67CF06EC-86C1-40AD-8907-F9AB239DCB45":{"name":"Other/_Text/List Elements/Text Large/┼ Center"},"6B98D6B4-F78E-4069-A7B9-680F078DB3F0":{"name":"14)List Elements/Single/Left/Text/Titles-0 + Checkbox"},"6D877269-B0DD-4FA3-A464-E848DE0DBF97":{"name":"14)List Elements/Account"},"73C8B7EC-FE38-4469-8570-489A36EE33D1":{"name":"14)List Elements//Single/Center/Titles-0"},"75B2E174-84C8-4D1F-AE7C-5172A71789D2":{"name":"14)List Elements/Single/Left/Text/Titles-0 + Toggle"},"7AE8C977-B67D-4E00-AA66-6DB22A2BB738":{"name":"Other/_Text/List Elements/Text Medium/├ Left"},"8151ADEC-5AC3-4C19-8D0E-8CCB21FF00F0":{"name":"14)List Elements/Single/Left/Text/Titles-2"},"82603EF8-B83C-4600-AD49-71070EFD635B":{"name":"Other/_Text/List Elements/Header/┤Right"},"8A99CC04-F3DC-4144-98B6-DB2DDA8E734E":{"name":"14)List Elements/Double/Text/Titles-2"},"96DFB71E-979B-4DA6-A6E3-F2B681C53011":{"name":"Other/_Text/List Elements/Header/├ Left"},"9BB87BEC-0A8E-4DA4-9348-CD3BC94D41D1":{"name":"List Elements"},"A34E3173-D6A4-4A25-A4B1-2FEEFC51901C":{"name":"14)List Elements/Double/Avatar/Titles-1 + Avatar ┤Right"},"A3F5B63E-3648-4F75-939B-4C4837EB6E8C":{"name":"Other/_Text/List Elements/Text Small/┼ Center"},"B152D132-3170-43AD-AB0C-5B321E4B28D1":{"name":"Other/_Text/List Elements/Header Small/┤Right"},"BC5E1448-F64C-4D84-93DA-5248CE126C6D":{"name":"14)List Elements/Double/Text/Titles-0"},"BE6721F5-A3CF-4B0F-B24A-0106F158F48E":{"name":"14)List Elements/Single/Left/Text/Icon+Titles+Icon"},"BF728A97-3493-41A3-BB12-EB0D59983702":{"name":"14)List Elements/Credit Card"},"CAC86E9B-90C1-4704-8252-C3B7711E4A80":{"name":"Other/_Text/List Elements/Header Small/┼ Center"},"CEDD51DC-1659-4AE3-81C8-F938CD83712F":{"name":"14)List Elements/Single/Center/Titles-2"},"D32D6AAB-2AFB-45EF-AEC6-84596D890C81":{"name":"14)List Elements/Double/Avatar/Titles-2 + Avatar + Radiobutton├Left"},"D5202ABC-16C8-49BA-BE3A-9612573A71F2":{"name":"Other/_State/List Elements/Focus"},"D70F0BBE-3615-4F42-8FF6-0E04A847C2C9":{"name":"14)List Elements/Triple/Trading-2"},"D98227A9-292D-4840-B70E-18874E3EDB42":{"name":"14)List Elements/Single/Left/Text + Icon/Titles-2"},"DD1DB942-A737-433E-BDC3-53D7274FBA65":{"name":"Other/_State/List Elements/Hover"},"DE1FF6AC-5061-4C53-860A-2FF31025A0F4":{"name":"Other/_Text/List Elements/Header Small/├ Left"},"E4734E6C-1621-4A7A-9A36-F64C03E23616":{"name":"Other/_Text/List Elements/Text Big/├ Left"},"F2DFE467-8AC5-4371-A8AE-993706E546B3":{"name":"14)List Elements/Single/Avatar/Titles-1 + Avatar + Checkbox ├Left"},"FA845472-7D05-45C3-A0ED-4480A7F7900B":{"name":"14)List Elements/Double/Icon/Titles-2"},"FB8DCC0D-2267-4F4B-AF53-1A95B2B3D318":{"name":"14)List Elements/Single/Left/Text/Titles-0"},"FE9710FA-D8BD-4509-A59B-7D3D40329DB9":{"name":"Other/_Text/List Elements/Text Small/├ Left"}}},"51D65A35-BDA6-4859-9101-29A3E44B0796":{"name":"System Component","artboards":{"12F73AF6-2349-4F5A-8BCA-54D8896BDF1C":{"name":"25)System/Keyboards/White-Keyboard-Number"},"1A1FC816-7F00-4432-87A2-460E56EE278D":{"name":"25)System/Bottom-Bar/White-Bottom-Bar-iOS"},"1F050160-34CD-4535-966F-5106F2131030":{"name":"25)System/Keyboards/White-Keyboard-Android"},"2662EC6F-B3B5-47D5-A666-6D0A46A38F0E":{"name":"25)System/Keyboards/White-Keyboard-Number-Android"},"295293C7-9B6F-44F4-B67F-CD36831C9AA4":{"name":"25)System/Bottom-Bar/Black-Bottom-Bar-Android"},"5C93B724-C7A0-4E64-A4AC-99E8742E3681":{"name":"25)System/Keyboards/Black-Keyboard"},"7C585BC5-DABB-40D7-9898-B2BD6DB731CE":{"name":"25)System/Bottom-Bar/Black-Bottom-Bar-iOS"},"D303ACED-3FF0-4B06-BFDF-3B22E17D5E81":{"name":"25)System/Keyboards/White-Keyboard"},"E63F8046-6524-4F03-A510-4AEFDCCF4FC3":{"name":"25)System/Bubble"},"EC6DAC20-DD47-4194-8A61-286976BB8521":{"name":"25)System/Keyboards/Black-Keyboard-Number"}}},"62359D32-C7DC-4A7A-877D-C1BD456E9503":{"name":"Empty States","artboards":{"04B877E6-2251-49D8-B863-A7B090A82ECD":{"name":"28)Empty/Large/Empty + Button"},"11280256-66DF-481E-AE2F-273D07FADA3E":{"name":"28)Empty/Medium/Empty + 2 Buttons"},"12E8B49D-37BD-49F8-9D54-BDB793770100":{"name":"28)Empty/Full Screen/Not Found 2"},"470A8FA8-6E81-4D56-BED4-69323946A5D9":{"name":"Other/_Text/Empty State/Header"},"55184EC0-04C9-4729-BFE3-841891B1D655":{"name":"28)Empty/Full Screen/Error 404"},"6719DD25-C00F-4C48-8798-40D083AB1B1D":{"name":"28)Empty/Medium/Empty + Button"},"7CA18FF1-2C46-4304-A31F-1DDB2334ED65":{"name":"28)Empty/Medium/Simple Empty"},"958FBB3D-EF5B-4BE3-9624-3DD8F625E62F":{"name":"Other/_Text/Empty State/Text"},"9C49C37F-48D3-4C44-83C9-C478BCEC27D8":{"name":"Disclaimer"},"B69A22FD-77CF-4A0F-A703-91A710B76E65":{"name":"28)Empty/Full Screen/Not Found"},"B940EA93-6AB7-4433-81B4-EC56D12FECCE":{"name":"28)Empty/Small/Empty +  2 Buttons"},"C8CFA842-4B27-4F22-A133-977C12474C94":{"name":"28)Empty/Large/Simple Empty"},"CED24A72-EB20-4526-A3C0-6F4C21E247E1":{"name":"28)Empty/Small/Empty + Button"},"D270786D-3ADD-406A-9282-288BEFCED6F3":{"name":"28)Empty/Large/Empty + 2 Buttons"},"D88A7059-8D17-41A6-B510-81EC5454E46B":{"name":"28)Empty/Small/Simple Empty"},"F19D1F4E-228F-4E85-BC3F-6CE904AD106F":{"name":"28)Empty/Full Screen/Server Down"}}},"80037BF8-4D7A-428A-8D07-C187EC3049B0":{"name":"Disclamer","artboards":{"1ABDFD68-48B1-4BB3-A1C5-92F7A30A611F":{"name":"Other/_State/Disclaimer/Warning"},"1C86752F-0A9F-47A8-A954-805C758A42A8":{"name":"Other/_Text/Disclaimer/Title/Disabled"},"24266075-CE11-4E65-A283-6B1877663321":{"name":"24)Disclamer/Single/Disclamer + Image"},"4000A79E-A907-4135-90F5-D16E70270C3C":{"name":"24)Disclamer/Single/Disclamer + Icon"},"44192AB4-8AC4-4AF2-90EB-5D6D60FAF616":{"name":"Other/_Text/Disclaimer/Title/Default"},"4561D5C3-F884-432A-AF12-D88E08B0151F":{"name":"Other/_State/Disclaimer/Error"},"4BB864C9-B2FB-4E75-9592-D0ADB54CD2A8":{"name":"Other/_State/Disclaimer/Info"},"4F88C5AE-F943-4F65-9892-702C73443FAC":{"name":"Other/_Text/Disclaimer/Title/Error"},"894D5420-EABB-4241-A202-EED454BE2E59":{"name":"Other/_Text/Disclaimer/Title/Warning"},"923A3AAE-AAF8-45AB-B0B8-91F0B30FBF36":{"name":"Other/_Text/Disclaimer/Title/Success"},"AAE43374-0DE9-4C4A-867A-5670A681A1C7":{"name":"24)Disclamer/Double/Disclaimer + Image"},"AB958E96-9773-4209-BA19-9D0EA62B17BC":{"name":"Other/_Text/Disclaimer/Content/Info"},"AC1F1E45-43EC-4849-A720-C0EBEFEDBCA3":{"name":"Other/_Text/Disclaimer/Content/Warning"},"B35747F0-B4A4-499D-B8AE-5D4C213FF534":{"name":"24)Disclamer/Double/Disclaimer + Icon"},"C050CC31-9030-4B7A-9E9F-58CFE724B457":{"name":"Other/_State/Disclaimer/Success"},"C2DE3F5B-4719-40FC-AF4B-8E9B830C338A":{"name":"Other/_Text/Disclaimer/Content/Error"},"C7E5E2EA-39C4-420E-8E11-236A4FE18185":{"name":"Other/_Text/Disclaimer/Title/Info"},"C91BA9E5-D89C-4F1D-88B3-AF7AC7653F8A":{"name":"Other/_Text/Disclaimer/Content/Default"},"C94B66D9-7733-47C1-B30F-8B5F64AE044F":{"name":"Other/_State/Disclaimer/Default"},"D32BF212-002D-4C72-9D4C-6BCE458BF34E":{"name":"Other/_State/Disclaimer/Disabled"},"D6F5D4B1-E71D-40EF-BC17-C25976BFADF0":{"name":"Disclaimer"},"E0171D28-E70F-426F-9FDE-7830F543A5BA":{"name":"Other/_Text/Disclaimer/Content/Success"},"F4BA3792-41D2-46B1-BECF-7E6FC505E694":{"name":"Other/_Text/Disclaimer/Content/Disabled"},"FE5A5DF2-64BC-4150-84B0-B48F7E845A0B":{"name":"Other/_Shape/Disclaimer"}}},"8C2E94E6-D79E-44B1-8ADC-5BB859B47F2E":{"name":"Desktop Menu","artboards":{"043C21D2-8C7D-42C3-A5DE-8088BBA43AAD":{"name":"Artboard Copy 10"},"045693E6-4485-4769-A31D-6292D22C86A4":{"name":"29)Desktop/Menu/Horizontal/1)Icon"},"060E7249-5887-438A-8E8B-E865495475D0":{"name":"Artboard Copy 14"},"1FC0AE04-36C9-4256-850C-FD58D2F9519A":{"name":"29)Desktop/Menu/Vertical/1)Icon Small"},"2806B901-F1EE-47A0-BEBA-3E924A84097E":{"name":"Artboard Copy 3"},"31C7FE57-1FE3-4321-BB49-B699904C326B":{"name":"29)Desktop/Menu/Horizontal/3)Label + Icon"},"3A59E061-7A44-4001-8056-B9BD00EACCD9":{"name":"29)Desktop/Menu/Horizontal/4)Placeholder"},"40C3EBE8-54D7-42D7-A919-F41A6DA4B769":{"name":"29)Desktop/Menu/Vertical/1)Icon Big"},"589F29FB-3C0F-43E9-AC69-DF07A8727042":{"name":"Other/_Shape/Desktop/Menu/1)Icon Active"},"620DE362-5C24-4341-99AA-7279BCDD9BC1":{"name":"Other/_Shape/Desktop/Menu/2)Label Default"},"62291767-C1E5-4047-A38A-AD95AE68594F":{"name":"Other/_Text/Desktop/Menu/Item"},"62CDB641-038C-45D4-87BC-266746FDBE76":{"name":"Artboard Copy 7"},"664243DE-9DAD-40C8-912C-6AB83311D426":{"name":"Artboard Copy 4"},"67CA2937-28F0-4BD5-B9AA-EE21E1520686":{"name":"Other/_Shape/Desktop/Menu/3)Label + Icon Active"},"6889FF02-9418-4ECE-8FA7-02E88024833E":{"name":"29)Desktop/Menu/Horizontal/2)Label"},"6E241B57-5EC2-40CD-9D81-4FD59FAD7AFA":{"name":"Artboard Copy 9"},"6F6B8FE4-E290-40C4-A4BD-3A2356871488":{"name":"Other/_Shape/Desktop/Menu/3)Label + Icon Default"},"72701C62-489F-4EF4-999D-5754D998FB22":{"name":"Artboard Copy 6"},"82E835AA-578B-450B-AD94-17D33E643917":{"name":"Other/_Shape/Desktop/Menu/2)Label Active"},"86308182-E0E0-4212-A090-8F8830886432":{"name":"29)Desktop/Menu/Vertical/3)Label + Icon"},"923111A3-2505-4020-B158-20DEAD6F2F20":{"name":"Other/_Shape/Desktop/Menu/1)Icon Default"},"A21C876D-4017-4F17-8215-866A96E2C902":{"name":"Artboard"},"C0593F18-15AC-402C-8409-D9753DA4FCB7":{"name":"Artboard Copy 18"},"C483BA67-1C2F-4F3B-BAC9-21EE7F711ADB":{"name":"Artboard"},"C67EF49C-E696-4C0D-B3FB-B782B6DF4C92":{"name":"Artboard Copy 5"},"CB281188-F141-4911-9B65-A4E62741416D":{"name":"Artboard Copy"},"D72BB419-CD22-4598-8B7B-6E36B29D3112":{"name":"29)Desktop/Menu/Vertical/2)Label"},"D77582F6-8EA0-4931-B316-67E1D324799A":{"name":"Artboard Copy 13"},"E17B66D5-F7B2-4345-983F-8F1D6D7565AF":{"name":"Artboard Copy 17"},"E2A7BB2E-3F64-4A38-9B12-16F90444CB0B":{"name":"Artboard Copy 11"},"E50C0256-93E1-47F2-869C-C6E2262B77CD":{"name":"29)Desktop/Menu/Horizontal/5)Long Menu"},"F287F5B0-4F9F-4373-A95F-05C14D0D983E":{"name":"29)Desktop/Menu/Vertical/4)Long Menu"},"FC6D6816-C20B-451F-8BF5-DF99A9D06350":{"name":"Artboard Copy 2"},"FE176806-F65D-4C91-9AAE-CF600C137AF6":{"name":"Artboard Copy 15"}}},"AA8AE12D-CE33-4378-81FE-44B59260A1EA":{"name":"Progress Circle","artboards":{"284BE3B4-3DD2-4105-B7EF-70BE3001D8BC":{"name":"Progress Circle"},"63705DAA-60C9-4F64-B7C4-5FFA098C03FB":{"name":"8)Progress/Progress Circle/Progress/X Small/50%"},"7D92BF20-0816-4CDD-AB43-082DB995132E":{"name":"8)Progress/Progress Circle/Progress/X Small/25%"},"A8D9A267-FA72-4032-B26F-948AC8AFC00A":{"name":"8)Progress/Progress Circle/Progress/X Small/0%"},"F3113BF3-8035-40DE-B6A4-BE9695607B8E":{"name":"8)Progress/Progress Circle/Progress Type/Default"}}},"AB6841F9-9775-4DB6-A9DE-FF69E37388FF":{"name":"Panel","artboards":{"095A21A5-367D-43B9-93AA-DA13BCFF4E48":{"name":"19)Panel/├ Left/Title + Header 3 Right"},"0E9CDDF6-EA6C-4C03-9C38-78B31F7AB983":{"name":"19)Panel/┤Right/Title + Header 1 Right"},"140E0310-D119-4D47-85DB-F2AC8DF0BCF6":{"name":"19)Panel/┼ Center/Title + Header 1"},"19C06BBD-8776-4244-B19C-925E4048CBB3":{"name":"19)Panel/├ Left/Title + Header 1 Left"},"1DEA795E-72FF-4AFF-B5AD-5927E71CCF09":{"name":"19)Panel/┼ Center/Title"},"2EBA6F8E-D8C8-4419-9BAE-A0A589C7E539":{"name":"19)Panel/├ Left/Title + Icon Left"},"34C8EF18-C726-41C0-8635-D3B47E224CD4":{"name":"19)Panel/├ Left/Title"},"452ABAC4-8B68-4666-8258-A48D18EA783B":{"name":"19)Panel/┤Right/Title + Header 3 Left"},"485B29F8-9FE2-4CC2-97F9-A64531E6AE95":{"name":"Other/_Shape/Panel"},"4B055466-F3B1-43F2-BEE9-DCC110DC92AF":{"name":"19)Panel/┤Right/Title"},"51965CE4-0F1F-42DC-BE7F-893375C1CC9D":{"name":"19)Panel/┤Right/Title + Header 2 Left"},"569E42FB-3299-4850-8B82-AB3C9F461627":{"name":"Other/_Text/Panel/┤Right/Title"},"5A0988DC-0E23-4F35-A7BE-5562C0AD4616":{"name":"19)Panel/┤Right/Title + Header 3 Right"},"716058E6-AEAC-4E8A-8B50-1DDE1859A317":{"name":"Other/_Text/Panel/┼ Center/Title"},"72800F10-C3C9-4346-BB09-4DA42C54C918":{"name":"19)Panel/├ Left/Title + Header 1 Right"},"854AEADF-0835-49AD-98A9-5BAC4C69AFD4":{"name":"19)Panel/┤Right/Title + Icon Right"},"89D7A5E5-9FA8-4E7A-A647-3668837727E9":{"name":"19)Panel/┼ Center/Title + Icon Left"},"977FF8E2-E3B6-4A87-8DB7-455748D9794B":{"name":"19)Panel/┤Right/Title + Icon Left"},"C4462841-B99F-4B53-93EE-73E5CD2D64B7":{"name":"19)Panel/├ Left/Title + Icon Right"},"C755BE92-8199-4FDE-92DA-F66E68F3537A":{"name":"19)Panel/├ Left/Title + Header 2 Right"},"CDD9C747-790D-424D-AAAE-160914932FC4":{"name":"19)Panel/┤Right/Title + Header 1 Left"},"E0FAF6AF-A356-401A-A3A7-DEF57A852CEE":{"name":"19)Panel/┤Right/Title + Header 2 Right"},"E26B5EA7-E6B6-4183-9EF1-266B8E2F798B":{"name":"Panel"},"E65BB787-9EEE-48AC-BA8A-8CE3AEDAA1B6":{"name":"19)Panel/├ Left/Title + Header 2 Left"},"EA8C68F1-D122-4CA0-A261-4D66910DD680":{"name":"Other/_Text/Panel/├ Left/Title"},"F325F73E-A224-40F5-95F4-C9B7EC6727C7":{"name":"19)Panel/├ Left/Title + Header 3 Left"},"F7E44B33-F081-48C7-99DC-CFC7A38BEC83":{"name":"19)Panel/┼ Center/Title + Icon Right"}}},"AC35A593-87AA-4F4C-84BE-E76AB8594FE2":{"name":"Table","artboards":{}},"BB463764-B70A-4B2B-86FC-25C7ED604481":{"name":"Progress Dash + Slider","artboards":{"371CAA90-230B-470B-A3A5-A6ABB4A0C109":{"name":"Other/_State/Progress/Slider/Active"},"57D3EA04-03B3-48D8-9477-30F32EC8F079":{"name":"Other/_State/Progress/Slider/Inactive"},"94F107D9-B23C-4F29-B3DB-9486B4A0FC76":{"name":"Progress Dash + Slider"},"DC909681-A4F8-41BE-A683-59A0A3D8CC4E":{"name":"8)Progress/Progress Dash/Strong"},"E275180A-6690-4FBC-B68C-CD4DBC7E5E4F":{"name":"8)Progress/Progress Dash/Low"},"F70FAFB2-6B5F-4455-801D-09BDA808D6D3":{"name":"8)Progress/Progress Dash/Medium"}}},"BF9B783F-D72D-4D26-8230-3A94959D7539":{"name":"Navbar","artboards":{"204A4D95-9C26-45E2-8FF0-BB9803201274":{"name":"Other/_Text/Navbar/Default"},"247D50E9-5C71-461C-B726-D960C9DB8F18":{"name":"15)Navbar/Central-Highlighter"},"48BEC6F0-26B4-4790-BCB7-1D5A391EBD8F":{"name":"Navbar"},"604AA674-54A6-47D8-9BB2-2E087A531209":{"name":"Other/_Text/Navbar/Active"},"A98AAED6-563C-4F82-A124-FDB073755B23":{"name":"15)Navbar/Default"},"AE9D5D01-2033-419A-8E8F-9158D1EB5D58":{"name":"Other/_State/Navbar/Highlight/Active"},"DF3E4857-D4E3-478A-AA25-42742B5BD401":{"name":"1)Button/Other/Component Highlight"},"EC9B380D-3D75-4B7D-AEFB-EDDA2801CC48":{"name":"Other/_State/Navbar/Highlight/Default"},"ED2D3BF9-03D8-4102-8B49-AEA3C8E758E5":{"name":"1)Button/Other/Component"}}},"C073E416-4C13-47D7-BED0-7EC42F648508":{"name":"Header","artboards":{"2B67F381-36B5-4829-83EB-1A69B9680E83":{"name":"Other/_Text/Header/Small Regular"},"30DC22E5-E7D3-420A-95FF-28AE4D1FE0EC":{"name":"12)Header/Big"},"593E929A-0120-4863-99CC-7D33D97D60ED":{"name":"Other/_Text/Header/Big"},"7BB4476B-DC63-49E7-925C-E52881AB6ECC":{"name":"12)Header/Small"},"7DCC8F5D-6D69-418B-9A2C-A58C418229DA":{"name":"Other/_Text/Header/Medium"},"81E14D19-2087-4788-9BEC-CB0E04B412BF":{"name":"12)Header/Scrolling-Dashboard"},"8ADF6A17-5396-425D-920E-6C5FB7315590":{"name":"Other/_Text/Header/Small Semibold"},"8BE8F3A2-04B1-4AE1-A8CE-E62C025ADCE1":{"name":"12)Header/Scrolling"},"D8C1279F-0B39-4FC3-AF31-FB989F9E541D":{"name":"12)Header/Medium"},"D8F180EA-5E6E-4F46-A842-5D44B65CE8B8":{"name":"Header"}}},"C4D516E2-680B-442D-B72D-1CE505304B98":{"name":"Datepicker","artboards":{"E0B02E5E-D456-4387-A71D-CD9D40A0F4B8":{"name":"30)Datapiker"}}},"C85F12F9-C269-472C-B156-69B7A9EEC182":{"name":"Slider","artboards":{"01FFD8F6-04E0-44DE-A91A-79A405795E76":{"name":"18)Slider/1)Bulb/Default"},"3B501174-659D-43B2-A756-5BD604E5CDB2":{"name":"18)Slider/1)Bulb/Focus"},"512F39DF-67A5-4AC6-BC9D-11A8F6D61696":{"name":"18)Slider/1)Bulb/Disabled"},"5995A2CF-4D8F-4630-A027-2EA009982C3B":{"name":"18)Slider/3)Element/Slider/50%"},"5CEABE5E-DB27-4934-99A7-CD6310AA4FBA":{"name":"18)Slider/4)Element/Slider + Label"},"5E2007F1-1191-4975-8AB0-E7EA645018C6":{"name":"18)Slider/2)Line/Hover"},"64F689A0-54B4-43C0-8AF9-B71BF51E8655":{"name":"18)Slider/3)Element/Rangeslider/0% - 75%"},"6B9C790F-284E-46CB-B57E-0E216DC26242":{"name":"18)Slider/3)Element/Slider/75%"},"70EFC045-2BFD-486A-BB6C-B90E46652312":{"name":"18)Slider/2)Line/Default Selected"},"7F999CC1-526E-45D6-A302-C7FF770C630E":{"name":"18)Slider/2)Line/Focus"},"8881C172-3D69-455C-9C46-7FEAB0A4B98C":{"name":"18)Slider/3)Element/Rangeslider/0% - 50%"},"8ADF4664-3E0C-4687-84AD-9CCFA9AC6F09":{"name":"18)Slider/2)Line/Default"},"8F2D6538-7A2F-42C4-B93B-B2767FB12D2A":{"name":"18)Slider/3)Element/Rangeslider/1% - 11%"},"9A2B353B-3B21-4350-A2E4-77EA488066A8":{"name":"Slider"},"9EE72CE0-1565-4D8B-AFDD-9F4BC7214684":{"name":"18)Slider/3)Element/Rangeslider/0% - 100%"},"AC19CD7C-A542-43DC-98AE-AB9DC5B37DD8":{"name":"18)Slider/4)Element/Rangeslider + Label"},"BEBC06D2-719D-4E75-A57B-8E99C5E2C2CE":{"name":"18)Slider/3)Element/Slider/25%"},"C56ABB34-EFCE-4EAB-8863-2EFF76F60F99":{"name":"18)Slider/1)Bulb/Active"},"C6368352-CF43-4D43-B764-3A21C31A81A5":{"name":"18)Slider/3)Element/Slider/100%"},"E2AD79A5-BA47-42B9-9F06-5B4C00D42494":{"name":"18)Slider/1)Bulb/Hover"},"E9106A64-E2B3-4C54-BBBC-036816E11184":{"name":"18)Slider/3)Element/Slider/1%"},"F120FAE8-9697-47D2-8D60-BFB89DD20E46":{"name":"18)Slider/2)Line/Disabled"},"F4480BE6-B796-4964-8425-AE19629E10DD":{"name":"18)Slider/2)Line/Active"},"F601A815-F707-41C5-9506-344B92A52647":{"name":"18)Slider/3)Element/Rangeslider/0% - 25%"}}},"C9F7F8D5-5FC3-4937-A1CF-704118373299":{"name":"Tab","artboards":{"033D9901-D137-4971-801A-23E33F1CD391":{"name":"7)Tab/1)Default/Icon + Text"},"0E3D2E55-F982-4D03-A37E-CB89554FB560":{"name":"7)Tab/0)Predefine/1-Default"},"16A2F179-4868-4F20-9574-471ADBCC5F18":{"name":"Other/_State/Tab/Outline Disabled"},"229E3F9C-DE5A-4EDD-9DD4-42DE14B36F90":{"name":"Other/_Text/Tab/├ Left/Neutral"},"23220880-92BD-44BC-8E79-D0C772506C7B":{"name":"7)Tab/2)Group/Default"},"24E01F12-F95A-4AC7-8F6B-3A1CD892D105":{"name":"7)Tab/1)Default/Text + Icon"},"30A7F8F8-8E50-41BA-85A8-DCA8C12EBAE1":{"name":"Other/_Text/Tab/┼ Center/Hover + Focus"},"33EF5048-C8F5-4932-A2CF-80C64B0F61A6":{"name":"Other/_State/Tab/Active"},"471631E9-EC43-4BF5-9EB9-9AF564AA609C":{"name":"Other/_State/Tab/Focus"},"5EF8386E-F479-4AD5-A4E4-1926F1558D00":{"name":"7)Tab/0)Predefine/2-Hover"},"6839405D-0705-42D2-82B1-26749060E030":{"name":"7)Tab/1)Default/Icon"},"6B2188A5-1408-4CFD-9FF3-C1A094081136":{"name":"Other/_Text/Tab/├ Left/Disabled"},"7E9E5F4A-F38E-450A-8616-CAC8F0249D66":{"name":"Other/_Text/Tab/├ Left/Hover + Focus"},"87DC3C83-F23B-4A7D-9FEA-88753D190544":{"name":"Other/_Text/Tab/├ Left/Active"},"C2C3E891-3819-41B3-BD85-8878E35B484F":{"name":"7)Tab/1)Default/Default"},"C4D5B4D9-BCDC-44B7-8D58-44133144509B":{"name":"7)Tab/0)Predefine/3-Active"},"C4F3EA5B-C5F6-40F2-8564-20FF8D5F3FA1":{"name":"7)Tab/0)Predefine/4-Disabled"},"C76B0E40-2276-4C26-A70B-DE6AFA45C57C":{"name":"Tab - Component"},"C83736B6-EC8A-4DA5-A134-1C94EF47C896":{"name":"Other/_State/Tab/Hover"},"CFFBB2FA-734E-4747-A4E7-285693FEB7E9":{"name":"Other/_Text/Tab/┼ Center/Disabled"},"D3264AB4-DC9D-413A-AE39-8A3D035470DD":{"name":"Other/_Text/Tab/┼ Center/Neutral"},"E11F2FCF-0FC9-4839-B48D-83076FE60A63":{"name":"7)Tab/2)Group/Icon"},"E63205D3-8B34-4CC3-9763-3E535EA79439":{"name":"Other/_State/Tab/Default"},"F81F5AA2-74CA-4E9A-A493-EBCF3AFC259B":{"name":"Other/_Text/Tab/┼ Center/Active"}}},"CB1578C0-5065-4EFC-8D73-BA08AD063316":{"name":"Badge Control","artboards":{"39A9FF7E-439B-4D62-B462-D795ADA8C492":{"name":"10)Badge/Badge-Single-Number"},"4750CD1F-3089-457B-B202-7D85C074EE2B":{"name":"Other/_Text/Badge/Text"},"812C8003-6002-4E4D-851C-520234E7F0CF":{"name":"10)Badge/Badge-Single-long-number"},"9E4AB159-4132-4229-82BC-D14997C4E1C6":{"name":"Badge - component"},"F9AFA030-B481-4655-A964-EFBD60A556DA":{"name":"Other/_Shape/Badge/Default"}}},"D095FADC-E7BB-40B7-AD27-4C05B34DC38D":{"name":"Button Group","artboards":{"136172C6-0673-489E-BA06-A8DAABD584A3":{"name":"1)Button/Button Group/Avatar + Label/4 Options"},"6E829D2E-3B98-4793-854A-472A5E175AF1":{"name":"1)Button/Button Group/Icon + Label/4 Options"},"82A09597-910F-428C-AF6B-4CAD76061A1A":{"name":"1)Button/Button Group/Avatar + Label/3 Options"},"97992703-3021-42BD-920B-575B52E2ECF0":{"name":"Button Group"},"B0FA1CFE-8292-4A41-BA14-1D552EE095BA":{"name":"1)Button/Button Group/Icon + Label/5 Options"},"C20C8AF1-45AC-4578-8209-DBE69E6B9D50":{"name":"1)Button/Button Group/Avatar + Label/5 Options"},"D3B84786-CEDC-48AF-A525-9218EA3F2008":{"name":"1)Button/Button Group/Icon + Label/3 Options"}}},"D19F5437-A24F-4927-8E34-50D48EE01E01":{"name":"Chips","artboards":{"043187A5-4F9D-452C-979D-CBCA233B553D":{"name":"Other/_Shape/Chips/Fill/Primary"},"0A9AC3C1-EC7D-440E-8AAB-D4A38305F54E":{"name":"11)Chip/1)Fill/2)Text + Icon/┤Right/Primary"},"0F3644A2-69F9-45DF-BD8D-2E875D822DA8":{"name":"11)Chip/1)Fill/1)Fill/Default"},"0F916F11-6E7E-435F-B61D-2E285C129395":{"name":"11)Chip/2)Outline/2)Text + Icon/├ Left/Default"},"119DA384-D8EC-4022-8F26-BD6664D304F3":{"name":"11)Chip/1)Fill/1)Fill/Error"},"12D3D605-F21F-45E7-A6BA-010F2EA51D39":{"name":"11)Chip/2)Outline/2)Text + Icon/├ Left/Secondary"},"1498F4F8-024B-4877-89D6-DFA4FE71E441":{"name":"11)Chip/1)Fill/2)Text + Icon/├ Left/Secondary"},"16E81A96-91A2-44FB-B6CD-77E95DBC42AD":{"name":"Other/_Text/Chips/┼ Center/Primary"},"1F52B5B2-A077-409F-B573-B291663222B9":{"name":"11)Chip/2)Outline/2)Text + Icon/├ Left/Warning"},"2004CC2C-24E1-4C51-B63A-EFA4B603C101":{"name":"11)Chip/2)Outline/2)Text + Icon/├ Left/Primary"},"226E5AF0-BE7B-4790-B304-368A947FFF29":{"name":"Other/_Text/Chips/├ Left/Neutral"},"28AFABC3-7887-447D-B690-2DF062F3D9A3":{"name":"Other/_Shape/Chips/Fill/Secondary"},"2F8AE292-BF5E-4BA7-83D2-9597190E1C0A":{"name":"Other/_Shape/Chips/Outline/Success"},"30AE0373-2813-41A0-BC4B-2E96CE880316":{"name":"11)Chip/2)Outline/1)Outline/Secondary"},"332E02FD-B0FC-4F8E-B1D0-F78B3771A890":{"name":"11)Chip/2)Outline/1)Outline/Error"},"33952957-BCB4-4285-B6AC-B0251D15CF57":{"name":"11)Chip/1)Fill/2)Text + Icon/┤Right/Default"},"364D653F-273A-4272-89C7-23148143F567":{"name":"11)Chip/2)Outline/2)Text + Icon/┤Right/Default"},"38F663C5-6F7F-4182-9E63-93BE2877F660":{"name":"11)Chip/2)Outline/2)Text + Icon/├ Left/Success"},"39A72879-3E33-4A61-B445-944E8D17FF33":{"name":"11)Chip/1)Fill/1)Fill/Primary"},"3B63F279-5BDD-4CD3-9CC6-360A179C8715":{"name":"Other/_Text/Chips/├ Left/Warning"},"3E4D6073-1CC5-4AAC-9460-54FBD7B82C7E":{"name":"11)Chip/1)Fill/2)Text + Icon/┤Right/Secondary"},"4D64154A-FA8E-4949-A584-F47FC7E4DBFB":{"name":"11)Chip/1)Fill/2)Text + Icon/┤Right/Warning"},"50FAC601-A212-4B19-AAF3-092C4342635C":{"name":"11)Chip/1)Fill/1)Fill/Secondary"},"5235F42C-2B6D-4FD7-83BB-EBE186B0C6BC":{"name":"11)Chip/2)Outline/1)Outline/Default"},"56705842-6825-4FAA-9AE1-0611B5D89C1C":{"name":"Other/_Text/Chips/├ Left/Error"},"5F7CD695-3F7E-4820-B656-D7934364D7CD":{"name":"Other/_Shape/Chips/Outline/Primary"},"62331B6A-451A-40BF-AFF3-C145EF2536E7":{"name":"11)Chip/1)Fill/2)Text + Icon/├ Left/Primary"},"63383636-1800-4D53-A90B-CBBF5191B3C9":{"name":"11)Chip/1)Fill/2)Text + Icon/├ Left/Default"},"65FE4093-AB02-48BE-B26B-EDEF0E21E242":{"name":"11)Chip/1)Fill/2)Text + Icon/├ Left/Warning"},"7421ED07-5868-439B-A2EB-88FA8334D249":{"name":"Other/_Text/Chips/┼ Center/Neutral"},"75048805-8CED-435F-8C59-D3FBB18AA9D6":{"name":"11)Chip/2)Outline/1)Outline/Primary"},"764E5972-B9BC-4D6F-8D1E-17D05D71B89E":{"name":"Other/_Text/Chips/├ Left/Secondary"},"79F50DBD-CBC5-4382-990D-522A3671EAF2":{"name":"Other/_Shape/Chips/Fill/Success"},"7EA8BDCF-38D8-44DC-BCE7-30F5E75EF34D":{"name":"11)Chip/2)Outline/1)Outline/Warning"},"8274A439-110A-4369-A35B-9D562436A264":{"name":"11)Chip/2)Outline/1)Outline/Success"},"8A2E75C1-A830-46E7-9BD0-68F238622811":{"name":"Other/_Shape/Chips/Outline/Neutral"},"8AE0A367-5308-454F-ABC9-ED4C3894FEC9":{"name":"Other/_Shape/Chips/Fill/Neutral"},"8C60E5AE-CC35-4D63-9A5C-49EA7D37E1B7":{"name":"11)Chip/1)Fill/2)Text + Icon/├ Left/Success"},"91A11048-66A1-4C3A-8CDE-FBA5F29C4A32":{"name":"Other/_Text/Chips/├ Left/Success"},"993C9D44-4A21-40F2-A904-0E92C8E2934B":{"name":"11)Chip/2)Outline/2)Text + Icon/┤Right/Primary"},"9A94321C-310F-4A8C-B295-909E3F272CB3":{"name":"Other/_Text/Chips/┼ Center/Error"},"9B6D58EA-277A-45B8-822B-71DA556696F9":{"name":"11)Chip/1)Fill/1)Fill/Warning"},"A60D566A-CC82-4317-ADF8-B8DE7BAEB0E1":{"name":"Other/_Text/Chips/┼ Center/Secondary"},"A74A8356-E5B1-4EB4-9972-4416B82283FC":{"name":"11)Chip/2)Outline/2)Text + Icon/├ Left/Error"},"AE9784D1-F31C-4912-837F-7986F70A2A95":{"name":"Other/_Shape/Chips/Outline/Secondary"},"B1F8BAFE-B91A-426A-BC5F-5E1741D162C8":{"name":"11)Chip/1)Fill/2)Text + Icon/┤Right/Error"},"B9159F11-594E-42B3-AC43-95A6FD4B5627":{"name":"Other/_Shape/Chips/Outline/Warning"},"BA4BF4BD-D68F-41AA-A4E5-A8D3E331A532":{"name":"Other/_Text/Chips/┼ Center/Warning"},"BF27D09D-C056-416C-A1B6-0107E1B048F8":{"name":"11)Chip/3)Special/Default-Right"},"BF45DB1F-AC38-4659-9C2D-5AE652876092":{"name":"11)Chip/2)Outline/2)Text + Icon/┤Right/Success"},"BF8028DE-8157-4438-A402-21CB21BEEB23":{"name":"11)Chip/2)Outline/2)Text + Icon/┤Right/Error"},"C3B48C67-EEE1-4042-9B72-2546255C3574":{"name":"11)Chip/1)Fill/2)Text + Icon/├ Left/Error"},"C3C70D46-3F65-4DB5-8022-4DD884ED2E5A":{"name":"11)Chip/1)Fill/2)Text + Icon/┤Right/Success"},"C43A6BB2-D05B-422D-9719-FB0C9851F5B1":{"name":"Other/_Text/Chips/├ Left/Primary"},"D0C02D71-F9B0-4D55-9CF2-95F216074747":{"name":"Other/_Text/Chips/┼ Center/White"},"DDFFC1E1-D752-4F22-97F3-EFC9121AF99A":{"name":"11)Chip/1)Fill/1)Fill/Success"},"DF25A5A2-0CD1-4AC2-AF49-65FE73425BF2":{"name":"Chips"},"E1C82851-BEF9-443E-9496-7FF9720DB813":{"name":"Other/_Shape/Chips/Outline/Error"},"E2EEE4A2-CCFA-4289-B499-A5BE011CE5CB":{"name":"11)Chip/2)Outline/2)Text + Icon/┤Right/Secondary"},"E41F46C4-D66D-4A7A-A09C-BD23F3A8BC9E":{"name":"Other/_Text/Chips/├ Left/White"},"E99A6A40-9700-4890-A5E4-E3A26AEAA648":{"name":"Other/_Shape/Chips/Fill/Warning"},"EAA967FB-4FA3-49DD-8BA2-F7DD4A8FC064":{"name":"11)Chip/2)Outline/2)Text + Icon/┤Right/Warning"},"EC160D04-4951-4A7E-88AC-BB122C6B9E09":{"name":"11)Chip/3)Special/Default-Left"},"F398B70B-01FB-40A7-8405-30C31E0B4182":{"name":"Other/_Shape/Chips/Fill/Error"},"FA958E85-9347-4C48-BDAF-C2A3713B3149":{"name":"Other/_Text/Chips/┼ Center/Success"}}},"DD0B546A-E9E9-4A64-B713-73BFDBBEEE5C":{"name":"Icon/Ilustration Size","artboards":{"2A0E949F-2A49-441C-84E0-392A662DE444":{"name":"13)Icons\u0026Ilustration/Icons/3-32px"},"2B4094CE-538A-4637-8AE6-A82C15522D96":{"name":"Icon Size"},"42C99FC2-301C-4C86-B1AC-6DA15F88B2C1":{"name":"13)Icons\u0026Ilustration/Ilustration/2-144px"},"4B7230CA-903F-4D99-AA63-401B804FADC5":{"name":"13)Icons\u0026Ilustration/Ilustration/3-288px"},"C1C25495-4731-442C-9F5A-F5A93E09C43F":{"name":"13)Icons\u0026Ilustration/Icons/1-16px"},"C3D42799-B83A-4D11-ABEE-598C9D1168E7":{"name":"13)Icons\u0026Ilustration/Icons/2-24px"},"CA7F5FEA-8634-4DE7-9C26-F79A52C93BE9":{"name":"13)Icons\u0026Ilustration/Ilustration/1-48px"},"DBBB8EB3-CE70-48B7-BF1D-7483BE1ACB92":{"name":"13)Icons\u0026Ilustration/Icons/4-48px"},"FB78040A-85AB-4C21-BBC2-4B79285D5BBE":{"name":"13)Icons\u0026Ilustration/Ilustration/4-343px"}}},"E0614F89-BD48-494A-844C-F792EA8218D7":{"name":"Toast","artboards":{"00B9856C-B78D-48E8-B2EC-6845A29E8618":{"name":"27)Toast/Desktop/Icon/Info"},"01971728-EB67-4621-9D33-1C23883DDDF1":{"name":"27)Toast/Desktop/Warning"},"042EC4D8-64E7-489D-B59A-661D97D1F793":{"name":"27)Toast/Mobile/Error"},"052E74C2-5D1E-470F-B350-1135227468AF":{"name":"Other/_Text/Toast/Mobile/Success"},"14DE3B0B-582D-4EF0-B7FC-0C602B5C808C":{"name":"Other/_Text/Toast/Mobile/Neutral"},"25519976-66E3-4DBE-8031-1CC97891487A":{"name":"27)Toast/Mobile/Warning"},"311C9EC3-EC56-4A88-8681-C347E2C0B27A":{"name":"27)Toast/Desktop/Icon/Success"},"320DD70B-1C2C-49A8-B648-CF43D0000458":{"name":"27)Toast/Mobile/Info"},"4295A5F9-D0DD-4A29-9886-2302D06B752A":{"name":"27)Toast/Desktop/Success"},"42DFDFB9-EDED-4ADE-A0AB-9909A92C4F29":{"name":"27)Toast/Mobile/Icon/Info"},"5BD37A95-0329-4BB7-8712-13FCEDFAEF62":{"name":"27)Toast/Desktop/Error"},"5F9DECCF-5CCA-469B-AF5F-A3CCD234BC9F":{"name":"27)Toast/Desktop/Icon/Error"},"6176D150-55D5-4B9B-8E7E-D6D65C60C2BA":{"name":"27)Toast/Mobile/Icon/Error"},"61CF8B1E-DD39-4BC6-90C7-A00E9DD4E403":{"name":"27)Toast/Desktop/Icon/Warning"},"68650150-FF8F-435E-AF3D-2100AF572A7E":{"name":"27)Toast/Desktop/Info"},"707067C5-A1F7-4FA1-88CA-82C4C9EC0AD4":{"name":"Other/_Text/Toast/Desktop/Success"},"755A0B9A-D237-4936-9C98-E35F668DE28E":{"name":"27)Toast/Mobile/Success"},"77DB0BE6-A7C3-4ED9-BD0F-253C0A3E3222":{"name":"27)Toast/Mobile/Icon/Warning"},"8B46F7A9-FCB5-4627-96A2-615E9777FA87":{"name":"Other/_Text/Toast/Mobile/Warning"},"94CA41BF-8ED4-428A-9E0E-19B476EA25D4":{"name":"27)Toast/Mobile/Neutral"},"99EDC0FA-724A-42B7-BD3B-9A5A96B4FF92":{"name":"Other/_Text/Toast/Desktop/Error"},"9F089E37-0BB1-4093-A795-12209863259E":{"name":"Radiobutton"},"A096BBD1-894B-4691-B4D1-B0A8C9B05AAE":{"name":"Other/_Text/Toast/Desktop/Neutral"},"A8D50C04-89E0-499A-8AE5-B039C57C9554":{"name":"Other/_Text/Toast/Desktop/Info"},"B00E3E2D-4BC3-4BAD-80D3-7D9F8462587E":{"name":"Other/_Text/Toast/Mobile/Info"},"BDCF4A16-2367-41AF-BB1C-BD8C855B41F0":{"name":"Other/_Shape/Toast"},"C45A88D1-1309-468C-BE9F-0F9293CB6115":{"name":"Other/_Text/Toast/Desktop/Warning"},"C770A9E2-B5BE-40C5-89FD-37FFEF5C81DF":{"name":"27)Toast/Mobile/Icon/Success"},"CC312FC9-9997-45B2-B1C5-7068CB84A114":{"name":"27)Toast/Desktop/Neutral"},"D4FED09C-E102-4AA8-B86E-BFDD15EC38ED":{"name":"Other/_Text/Toast/Mobile/Error"},"ED850924-92FF-40AA-84CE-66C1799B9301":{"name":"27)Toast/Mobile/Icon/Neutral"},"FB3D276F-1FAD-4C68-B7E4-FFD6CB6B7762":{"name":"27)Toast/Desktop/Icon/Neutral"}}},"E42D2DA0-DD31-494F-BEAE-831E3AFD7662":{"name":"Radiobutton","artboards":{"1537A264-CC07-4D1F-941D-D8616A9ECB32":{"name":"4)Radiobutton/3)Element/Radiobutton + Label"},"1788B515-DE57-4BF2-9B0F-62D318C7790F":{"name":"4)Radiobutton/1)Selected/Default"},"1A6BF361-E93E-424A-BA0D-47564369CBD1":{"name":"Other/_Text/Radiobutton/Disabled"},"57D728DC-F7C9-4D64-9D03-046F6DF46538":{"name":"4)Radiobutton/1)Selected/Focus"},"8630B18C-4D2C-4EBF-B341-A090C6C09291":{"name":"Other/_Text/Radiobutton/Default"},"8D2E448B-6B6A-410B-B018-D60ACFE78B97":{"name":"4)Radiobutton/2)Unselected/Disabled"},"8F0A6A28-8244-49C7-9B0B-71DE135C8315":{"name":"Radiobutton"},"94B07284-FFC2-46BA-9BB1-15073E62D467":{"name":"4)Radiobutton/2)Unselected/Active"},"960E9D54-8699-4C73-9EAF-EBAE44637783":{"name":"4)Radiobutton/2)Unselected/Default"},"AE1CC3E4-FF8F-4B60-9139-0DDF65FE99BC":{"name":"4)Radiobutton/1)Selected/Active"},"B652DA29-65D5-4E50-8953-DEE2E230F9ED":{"name":"4)Radiobutton/1)Selected/Hover"},"E943E9A8-C3AC-48B4-B790-E58357009C05":{"name":"4)Radiobutton/3)Element/Radiobuttons + Labels"},"EF905C31-9C26-4458-973B-629A2E94532E":{"name":"4)Radiobutton/2)Unselected/Hover"},"F8CFD64B-7524-4CE9-8E07-6A96A7F29DB2":{"name":"4)Radiobutton/1)Selected/Disabled"},"FFDB800D-4A54-4777-A73A-B5CABDCF32AB":{"name":"4)Radiobutton/2)Unselected/Focus"}}},"EC41205D-FFB9-4C7C-82E0-7105770817CF":{"name":"Avatar","artboards":{"1F51D16D-5F5D-44BA-AC2D-0327AAB83694":{"name":"Other/_Shape/Avatar/Illustration "},"3AAACAA7-896C-47D9-AEC0-D951DB897755":{"name":"Avatar - Component"},"47763018-0992-47E5-8791-90646DB519AD":{"name":"9)Avatar/1-Small"},"62C29BC8-C5B1-4650-B690-EDD1F25AE2C4":{"name":"Other/_Shape/Avatar/Icon"},"64CEAF8E-2557-48D8-B043-C5A4F964CAEB":{"name":"9)Avatar/2-Medium"},"8010A114-9A7D-4E5D-B13B-9D910372D058":{"name":"Other/_Shape/Avatar/Vectorial"},"97B6F6E8-2936-4947-8353-C5164AFE06DA":{"name":"Other/_Shape/Avatar/Image-Circular"},"B7D86DD7-9DDC-48D5-B949-133092E30AE5":{"name":"Other/_Shape/Avatar/Image"},"D71095DC-3EA3-437C-A1BC-BD9E11CBE53D":{"name":"9)Avatar/3-Large"},"E4F5950B-36B5-46AE-8F64-F2CD2D6087F6":{"name":"Other/_Shape/Avatar/Abbrevation"},"EE062023-233C-4F3F-8977-0B360BD74F45":{"name":"9)Avatar/5-XBig"},"F4DB304B-82D1-4743-B793-6055DF20D512":{"name":"9)Avatar/4-Big"}}},"F63BA5C7-1334-4336-8119-7888CF67D742":{"name":"Buttons","artboards":{"03574EC9-45DB-4A3F-9F3E-9F988B9EA0F8":{"name":"Other/_Text/Button/Button Group"},"04176249-DE4E-4B48-8A86-3480ABB21B05":{"name":"1)Button/2)Outline/24px/Primary/Text + Icon Left"},"0DE5A8E4-9C24-45AD-9888-9E6DAFD33AFC":{"name":"1)Button/5)Presetted/Disabled"},"112AC799-022C-417E-995A-2A2214CDBA0C":{"name":"1)Button/4)Sticky/Outline/Button + Icon + Label"},"1663506C-40F7-4731-94F2-6A4B70B9CEB1":{"name":"1)Button/2)Outline/8px/Primary/Text + Icon Left"},"19CFFF4D-CA1E-401B-868A-9883BB8F29E4":{"name":"Other/_State/Button/Solid/16px/Focus"},"19EEED7B-5B16-4154-AC1D-0FA70252F804":{"name":"1)Button/5)Presetted/Hover"},"1AFFA45C-34C4-4B55-A758-10FB7B8150A2":{"name":"1)Button/Special/Large"},"1D5DED7A-4BC4-4077-A2F0-7CD7C6DB51D5":{"name":"Other/_State/Button/Outline + Flat/8px/Outline Disabled"},"20CF6676-75DC-401F-91C0-64C262459FCC":{"name":"1)Button/1)Fill/16px/Primary/Text"},"21E1C168-CC59-4BCB-9947-5B0106C0B036":{"name":"1)Button/3)Flat/Primary/Text"},"26C567CE-CB50-4C9B-ABD9-BD89B4A8BB23":{"name":"1)Button/2)Outline/16px/Primary/Text"},"2895AC93-ED0D-4A82-9C8C-C157E0F37E7E":{"name":"1)Button/5)Presetted/Default"},"294D214F-ABC7-4F92-B447-1A62D96CC821":{"name":"Other/_State/Button/Outline + Flat/16px/Outline Disabled"},"2A923892-CA66-46B5-BD44-B8CE000785A4":{"name":"Other/_State/Button/Solid/8px/Active"},"30F7131B-C33E-4C3D-A5A5-5BC0380B8372":{"name":"Other/_State/Button/Outline + Flat/24px/Flat Disabled"},"31FED258-AFBF-4C4B-A3A9-C04FFAB33ADE":{"name":"1)Button/1)Fill/16px/Primary/Text + Icon Left"},"3298D09D-65D9-4A4A-A055-5962660BF8B4":{"name":"Other/_State/Button/Solid/4px/Focus"},"357BA876-07FB-4AF0-9B8B-C6DF24BFBC4A":{"name":"1)Button/Special/Large + Card"},"363B82A5-C5E5-4132-99B7-EE30538503BF":{"name":"1)Button/2)Outline/4px/Primary/Text"},"384D3ED7-3F2D-45CF-B9A3-B8F3B64654F5":{"name":"Other/_Text/Button/Large Button/Subheader"},"3996EB49-4869-4BF8-AAB4-432EC0207B4E":{"name":"1)Button/4)Sticky/Fill/Button"},"402FFD21-CF74-4F50-BCC5-476C305EC4F5":{"name":"1)Button/2)Outline/16px/Primary/Text + Icon Right"},"40A744FB-82A9-435E-AC46-813CB8499CDE":{"name":"1)Button/2)Outline/4px/Primary/Text + Icon Left"},"44C65FBF-E1F8-4EC9-AFF7-E8EDD714817A":{"name":"Other/_State/Button/Outline + Flat/16px/Default"},"45BA4902-FB45-4F11-9FA0-48213A0D9E19":{"name":"Other/_State/Button/Outline + Flat/4px/Hover"},"46005F83-D4CA-49C4-87FD-2A526DD44AB1":{"name":"1)Button/2)Outline/4px/Primary/Text + Icon Right"},"4DF2EA89-6502-4F46-9A64-A840EE3E84AB":{"name":"Other/_State/Button/Outline + Flat/4px/Focus"},"5035C19E-66B9-4791-8F92-027B751B6342":{"name":"1)Button/Button Group/Avatar + Label"},"50DFB1C8-8541-41E5-BD07-1EC266C51526":{"name":"Other/_State/Button/Outline + Flat/4px/Outline Disabled"},"5153B55E-DA33-46A1-8EE1-D3AD76E43978":{"name":"Other/_State/Button/Solid/16px/Default"},"524BB01C-8BB4-4F59-9E4B-162DEB349FEF":{"name":"Buttons"},"529DED39-FAAB-4F88-9DFA-D324AB2583E8":{"name":"Other/_State/Button/Outline + Flat/4px/Default"},"534B708A-0DA6-4A9A-8DEF-987BFFA4CDD9":{"name":"Other/_State/Button/Outline + Flat/4px/Active"},"54E6C314-FAB2-43E0-BDF1-55E3E2881565":{"name":"1)Button/Button Group/Icon + Label"},"580D0C7A-E74D-4ECA-8868-AA5D9D0DD6D0":{"name":"1)Button/1)Fill/24px/Primary/Icon"},"5909E2E6-3EA3-40EE-B210-8493100CC427":{"name":"1)Button/3)Flat/Primary/Text"},"5D8E38B0-6A5B-4104-B3CA-A6550C8DF4E4":{"name":"1)Button/3)Flat/Primary/Icon"},"5D9A9F7D-A6DB-4A60-892A-2CA1C3EB151D":{"name":"1)Button/2)Outline/24px/Primary/Icon"},"5F0CE6A1-6751-42F8-A1C3-BB66E989584E":{"name":"Other/_State/Button/Solid/16px/Active"},"5FEA7FF9-653C-44A1-BD73-2D41BE20489C":{"name":"1)Button/1)Fill/16px/Primary/Icon"},"64E1544C-2F8E-4002-A5E6-53EC9A7BFD18":{"name":"Other/_Text/Button/┼ Center/Primary"},"672BE249-BF54-488A-9AD7-CCB745BCA80D":{"name":"Other/_Text/Button/┼ Center/Warning"},"6A68E038-D095-43D0-AA42-58ED296BC73B":{"name":"Dividers/Line/Solid/1px"},"6D02D8F8-1568-4172-A9C4-07DF01047C66":{"name":"Other/_State/Button/Outline + Flat/24px/Active"},"70879297-3E3A-4732-9603-BD25A34A9929":{"name":"Other/_Text/Button/┼ Center/Neutral"},"739F10E1-4B6A-4773-92ED-0931CEC4A358":{"name":"Other/_State/Button/Outline + Flat/16px/Focus"},"74CBF9A7-7E60-4D77-90AD-F7A687672A0A":{"name":"Other/_State/Button/Solid/4px/Active"},"77E2587F-5F1A-48A1-A380-D4119ED41986":{"name":"Other/_State/Button/Solid/24px/Hover"},"7983DDDC-164A-4B93-A0C2-44C685B5BDE4":{"name":"Other/_Text/Button/├ Left/Success"},"79BAA1AF-7390-4895-A015-3CB624D5FD9E":{"name":"1)Button/4)Sticky/Fill/Button + Icon + Label"},"7B76AF4A-C446-4390-A22F-96B760A6AD26":{"name":"Other/_State/Button/Solid/24px/Active"},"7E067E0D-2F90-4451-9799-DAC25C155F77":{"name":"Other/_State/Button/Outline + Flat/8px/Default"},"7E7C2D5C-5925-4F13-9885-82DDA765BC84":{"name":"1)Button/3)Flat/Primary/Text + Icon Left"},"804894D1-9994-45FD-B212-CE65B770171B":{"name":"1)Button/1)Fill/8px/Primary/Icon"},"8195DB54-0F32-4802-9F98-D00183EB6CE4":{"name":"1)Button/2)Outline/8px/Primary/Icon"},"8213E86C-5E45-4BE1-963E-6E9C979CBFDE":{"name":"1)Button/2)Outline/8px/Primary/Text + Icon Right"},"87E1B0A1-2941-4827-8D7F-0BCB9A7D560D":{"name":"1)Button/2)Outline/16px/Primary/Icon"},"8C4C4246-72BC-4A6D-ABAD-AA530DD62BFD":{"name":"Definition special buttons"},"8CB9EA37-C529-4251-A14B-54AD4358600D":{"name":"1)Button/1)Fill/4px/Primary/Text + Icon Right"},"8D5FBF4F-1ABB-48D1-94A4-9FA5C81B7DFB":{"name":"Other/_Text/Button/├ Left/Neutral2"},"9273F228-8D53-4B58-B3B8-389EFB873E14":{"name":"Other/_State/Button/Outline + Flat/4px/Default"},"9352AA78-6F67-4F13-AAA7-CB5BDA02F965":{"name":"_Shape/24px/↖️↗️"},"93B13FFC-4850-4960-B885-77BFAAF6AACE":{"name":"Other/_Text/Button/├ Left/Primary"},"94DCFFC6-63CA-4F92-945A-D63C026D61F9":{"name":"Other/_State/Button/Outline + Flat/16px/Flat Disabled"},"96AF358F-CB0D-4491-A889-C4142F030950":{"name":"Other/_State/Button/Solid/16px/Hover"},"9874782F-F0D5-41E8-B14D-5D62F1F0347F":{"name":"1)Button/2)Outline/24px/Primary/Text"},"99D623EB-C13C-4ACB-80FA-9F098B767E4E":{"name":"Other/_Text/Button/┼ Center/White"},"9A7DCD6F-EAC7-473F-A9B5-9846E025F857":{"name":"1)Button/4)Sticky/Fill/2 Buttons"},"9ADD4E9D-45AB-4FA2-AD59-622F20AB1E29":{"name":"Other/_State/Button/Solid/8px/Disabled"},"9C14BAD5-4F1E-4266-8B9C-F63F6DD49457":{"name":"Other/_State/Button/Outline + Flat/8px/Flat Disabled"},"A07F3883-773D-4CA5-B946-582D2BFA3C17":{"name":"Other/_Text/Button/├ Left/Error"},"A2602A24-4D17-4D50-BC2E-88E71172F108":{"name":"Other/_State/Button/Outline + Flat/16px/Hover"},"A26A84FE-DDAB-4415-BE81-FC60BB00927D":{"name":"Other/_Text/Button/├ Left/Info"},"A4C8C6F9-4C82-4092-910E-6E6EA9C56A94":{"name":"Other/_State/Button/Solid/8px/Hover"},"A591FAF3-207E-4AE8-813C-3205BB44DD74":{"name":"1)Button/1)Fill/4px/Primary/Text"},"A599ADF2-B017-424E-ABCE-7D2984AEB645":{"name":"1)Button/2)Outline/24px/Primary/Text + Icon Right"},"A75F2A0F-8CD3-4D2C-A800-B2612B58C28E":{"name":"1)Button/1)Fill/24px/Primary/Text + Icon Right"},"AB362452-465D-4D24-86A1-BFB7ADE38A9B":{"name":"1)Button/1)Fill/16px/Primary/Text + Icon Right"},"AED6DE43-9730-4D4E-A806-4D1449D4B9B9":{"name":"Other/_Text/Button/Large Button/Header"},"AEDF883C-DCFD-45E3-A1C3-3A9728FD1291":{"name":"Other/_Text/Button/├ Left/Warning"},"AF10B446-FC9C-413A-A6E8-99F3A7C87130":{"name":"Other/_State/Button/Solid/8px/Focus"},"AF4CD6BC-E9A4-4F92-A51D-7DCCFF26B63A":{"name":"Other/_Text/Button/├ Left/Disabled"},"B06D2456-07B4-4029-BC44-D397405FE8C3":{"name":"1)Button/4)Sticky/Outline/2 Buttons + Label"},"B07B902F-2B4E-47C2-A809-CBD7D5A50044":{"name":"Other/_Text/Button/┼ Center/Info"},"B3836071-AC4C-40D2-8BE2-B4202C656200":{"name":"1)Button/1)Fill/8px/Primary/Text"},"B4259016-7E2D-4D1E-9B4D-A8A372CB071E":{"name":"Other/_State/Button/Outline + Flat/24px/Hover"},"B5BBBF75-CEB8-4E72-B3CF-9797F3975BA6":{"name":"Other/_State/Button/Outline + Flat/16px/Active"},"B6FE161B-4832-446D-A64B-71A3DF25BD42":{"name":"1)Button/2)Outline/4px/Primary/Icon"},"BAEB94DC-7EBC-4CA5-B7D7-6A1BB8826E18":{"name":"1)Button/3)Flat/Primary/Text + Icon Right"},"BD0B30A5-A55E-4DCA-A0B2-B62F68E094E8":{"name":"Other/_Text/Button/┼ Center/Neutral 2"},"BD680A02-5ECC-415C-B51B-B379216B9CC1":{"name":"Other/_State/Button/Solid/4px/Disabled"},"BE6DDC98-E507-4915-9DA6-669FB0BD05BC":{"name":"Other/_State/Button/Outline + Flat/8px/Hover"},"BEB6B1AC-29B7-4DD6-95F2-F4C317A222D2":{"name":"1)Button/4)Sticky/Fill/Button-Label"},"BECD0361-9018-4B6E-AFFD-8B4DDE635223":{"name":"Other/_State/Button/Solid/8px/Default"},"C1497CB1-6D71-494A-9F80-BCADE941A232":{"name":"Other/_State/Button/Solid/24px/Disabled"},"C5D76CDA-D187-472E-A885-7B3446B5386F":{"name":"Other/_Text/Button/Sticky Button"},"C6F28AB0-2F63-445D-8532-E30C118D03BF":{"name":"Other/_Text/Button/┼ Center/Disabled"},"C73FDD5E-8866-43C6-9485-CE517871F36D":{"name":"Sticky Button"},"C8812C1E-C3E3-4168-B026-D9637D75B5BA":{"name":"1)Button/1)Fill/4px/Primary/Icon"},"C89FF5DA-FCBE-4FAE-BE40-2519F4EAA2BB":{"name":"Other/_State/Button/Outline + Flat/24px/Outline Disabled"},"CA2CDD64-7836-4D69-80F0-99570CA7DF28":{"name":"1)Button/2)Outline/16px/Primary/Text + Icon Left"},"CAD26874-D2B5-4A71-8CEF-3A79081D38BC":{"name":"Other/_State/Button/Outline + Flat/4px/Flat Disabled"},"CF327480-71B2-4BD8-AAFD-A094E0459FF0":{"name":"1)Button/1)Fill/4px/Primary/Text + Icon Left"},"CF486AB9-8387-425F-BE53-9C1520386F1E":{"name":"Other/_State/Button/Solid/4px/Hover"},"D0633FB0-9965-47B9-A165-C836C7C7F8EB":{"name":"1)Button/1)Fill/8px/Primary/Text + Icon Right"},"D55454D0-BDFE-4268-AD77-39B5C984469E":{"name":"Other/_State/Button/Outline + Flat/24px/Focus"},"D6FE3252-122D-4EEF-ABB4-40A59537EFD4":{"name":"Other/_State/Button/Outline + Flat/8px/Focus"},"E077FB77-3CCE-4606-9ED7-679E0099BB97":{"name":"Other/_Text/Button/┼ Center/Success"},"E73EED1E-D5AB-46BD-B771-9FDBD752987C":{"name":"1)Button/4)Sticky/Fill/2 Buttons + Label"},"EABB67DD-46C9-466E-B0B3-66DF65FCB388":{"name":"Other/_Text/Button/┼ Center/Link"},"ECF7EC45-7425-4576-B865-BAA72F2721A2":{"name":"1)Button/1)Fill/24px/Primary/Text"},"ED6E1318-FDF7-43BF-9EC7-40CC906CFA14":{"name":"1)Button/1)Fill/8px/Primary/Text + Icon Left"},"EEF85CF3-535D-4D2C-95ED-476469E13945":{"name":"Other/_Text/Button/┼ Center/Error"},"EF03E881-277A-4DFB-8A29-3261E885E5F5":{"name":"1)Button/1)Fill/24px/Primary/Text + Icon Left"},"F0A5816C-87A4-45F0-9593-D088D46D7CC4":{"name":"Other/_Text/Button/├ Left/Link"},"F1C0319F-A585-45DC-B920-CCB21B29507B":{"name":"_Shape/4px/↖️↗️↘️↙️"},"F2D969B7-A7EE-4865-A4F3-198B08D0284C":{"name":"1)Button/Special/Large + Avatar"},"F4F8D8FF-9F48-4229-8993-C8E9E68793FF":{"name":"Other/_State/Button/Solid/24px/Default"},"F5AAB1E8-CFB5-4C35-9D5B-07154FB131AA":{"name":"Other/_Text/Button/├ Left/Neutral"},"F6051115-F729-4651-B57A-46F9DF99136A":{"name":"1)Button/2)Outline/8px/Primary/Text"},"F7F00FB9-188C-43DD-B04D-BE1096457F6C":{"name":"Other/_Text/Button/├ Left/White"},"F9C8FB40-7A68-4412-9054-01155E7046F8":{"name":"Other/_State/Button/Outline + Flat/8px/Active"},"FB05995A-1E88-4EEF-9380-9C99BF96E4CC":{"name":"1)Button/4)Sticky/Outline/2 Buttons"},"FBB86370-DB3C-4227-8A49-B578BD326521":{"name":"1)Button/4)Sticky/Outline/Button + Label"},"FC1027F9-94A2-45F8-8815-20FDD320E8B0":{"name":"1)Button/4)Sticky/Outline/Button"},"FC8827A8-2B49-49C3-AE4E-51E93F6AAB39":{"name":"Other/_State/Button/Outline + Flat/24px/Default"},"FCAA9884-5CAB-4A90-BE3E-190C58F5FAE2":{"name":"Other/_State/Button/Solid/16px/Disabled"},"FED615DB-4102-4164-955D-A18603A52F4C":{"name":"Other/_State/Button/Solid/24px/Focus"},"FFE418FB-1EC3-4D43-9D93-FB916A2AE01C":{"name":"Other/_State/Button/Solid/4px/Default"}}},"F76FF9B7-98AA-4F87-B009-640A342FDBD4":{"name":"Progress Stepper","artboards":{"5CA8E0E4-674F-410B-BD95-EB9827D82DC6":{"name":"Progress Stepper"}}},"F9BA86A5-22D8-430D-868B-05FC01B4F4BF":{"name":"Checkbox","artboards":{"12F22423-8BF8-459D-AB0B-DD058E665114":{"name":"3)Checkbox/1)Checked/Disabled"},"195B2290-6068-4476-A2C8-209D53BF8302":{"name":"3)Checkbox/3)Intermediate/Hover"},"2047F1AE-A48F-4132-ADAA-9FEB2C57B73D":{"name":"3)Checkbox/3)Intermediate/Focus"},"2591A2CC-92CF-425E-94EE-E9BA5AAA5B6A":{"name":"3)Checkbox/2)Unchecked/Focus"},"2F74E398-4E99-4CF9-A941-DE408B6CA9D9":{"name":"3)Checkbox/1)Checked/Focus"},"340D2856-A72E-4CDD-A41C-E630059EA5F6":{"name":"3)Checkbox/2)Unchecked/Hover"},"38598032-FEA8-42CC-8D1C-C28DFE4A5CF3":{"name":"3)Checkbox/1)Checked/Default"},"4E3E4AB4-CD7F-4D03-87B5-8442BCE0BA32":{"name":"3)Checkbox/4)Element/Checkbox + Label"},"5E815375-D5DF-4B93-9373-5A4CFDDFEA13":{"name":"Other/_Text/Checkbox/Default"},"5F97BF09-7FB2-466C-A6C6-ADD30D520B86":{"name":"3)Checkbox/3)Intermediate/Active"},"8D1F4E9D-8A67-47AB-9ABE-09BA10A18F15":{"name":"3)Checkbox/1)Checked/Active"},"8E861CF5-49F0-410A-A4D4-1F15C6788C77":{"name":"3)Checkbox/2)Unchecked/Disabled"},"91D660E9-B4EC-4303-81B6-5F3F83573E63":{"name":"Checkbox"},"9FB670E4-F3B0-4014-A31D-6DE0CA56D258":{"name":"3)Checkbox/4)Element/Checkboxes + Labels"},"A3AA126B-93C6-4B11-9420-8EC83C6F67B5":{"name":"3)Checkbox/3)Intermediate/Disabled"},"AA56F3D4-A4BA-4ED0-8BF6-41A55701D190":{"name":"3)Checkbox/2)Unchecked/Active"},"ABB6EFEC-7898-4D8C-8DFB-280BE36E8EC2":{"name":"3)Checkbox/2)Unchecked/Default"},"B6582BAC-2F81-49BD-BAD0-C830A9213907":{"name":"3)Checkbox/1)Checked/Hover"},"C94CF0EF-53D8-4A69-8BCF-DA88ED91FCDD":{"name":"3)Checkbox/3)Intermediate/Default"},"FBE7C24B-4D1D-40F1-BB16-7E51C89117F1":{"name":"Other/_Text/Checkbox/Disabled"}}},"FAA61C6A-DA44-4EC9-910D-B28D2DD8076D":{"name":"Progress Bar","artboards":{"0B72F090-4C3C-4F85-84A8-64738A9611C0":{"name":"8)Progress/Stepper/3 Steps"},"0C6431AD-1A94-4362-9DA1-8368E0CDD5F7":{"name":"8)Progress/Progress Bar/Progress/75%"},"0C9AC165-E39D-4CB1-9F0E-0D1D0B00B66E":{"name":"8)Progress/Progress Circle/Progress/Big/100%"},"104247DC-00FD-4343-86E5-B01B8A76BC01":{"name":"Other/_Text/Progress/Stepper/Error"},"160B5BC6-5D74-4FC3-87E7-AB3DF2F3EB5A":{"name":"8)Progress/Progress Bar/Progress Type/Default"},"174FE68A-9802-4E31-A58A-4C0C7BBF3F65":{"name":"8)Progress/Progress Circle/Progress/Medium/50%"},"178ADCD2-193B-4446-A52F-0E53256A2E12":{"name":"8)Progress/Progress Circle/Progress/Small/25%"},"1CE48E59-3741-4A14-A96F-D1B553175D87":{"name":"Other/_State/Progress/Stepper/Circle/Success"},"1F089ED6-BFBC-46BD-ADA2-1AC86B850CF4":{"name":"8)Progress/Progress Circle/Progress/Big/0%"},"21B5755C-B84A-4F82-9BAB-9F3399FB959F":{"name":"Other/_State/Progress/Stepper/Line/Success"},"2C330A6D-7D08-4071-A3F3-C3CDAD3F35EE":{"name":"Other/_State/Progress/Stepper/Circle/Inactive"},"354DC62E-F87A-4BEE-8CD6-D73499771CE4":{"name":"Other/_Text/Progress/Stepper/Inactive"},"35B9DB8A-80D7-4A76-B7C8-6E556CB31E23":{"name":"8)Progress/Progress Circle/Progress/Large/0%"},"361D4E50-4E73-40DF-AA36-2701AAB22F88":{"name":"8)Progress/Slider/9 Steps"},"3920AFE3-64B6-4789-8AE2-D92C54334D31":{"name":"8)Progress/Progress Circle/Progress/Small/50%"},"41C058C7-EC9A-4376-85B3-FAFC15EC6571":{"name":"8)Progress/Progress Circle/Progress/Medium/0%"},"430829D3-59DE-4B26-8A7E-B6C796001014":{"name":"Other/_Text/Progress/Stepper/Success"},"46739AC0-85B0-4EE8-A3CA-46FC52F83AA7":{"name":"Progress Bar"},"4AD5E55F-C958-4BFA-8350-2CC541A3B0BF":{"name":"8)Progress/Progress Circle/Progress/Medium/100%"},"4B6B76BB-EA9E-403F-BBC0-B4D95D13AE8B":{"name":"8)Progress/Slider/3 Steps"},"4F71A852-5D38-4396-A27D-517EFC8DE30E":{"name":"8)Progress/Progress Circle/Progress/Big/75%"},"5017A422-964F-4F18-BC82-1E8D14051826":{"name":"8)Progress/Progress Circle/Progress/Small/100%"},"5AF3D189-3A24-48BD-80C0-C2E66AA82456":{"name":"8)Progress/Progress Bar/Progress/50%"},"5C28F767-A844-416F-9A9B-5DA9FC48C810":{"name":"Other/_State/Progress/Stepper/Line/Error"},"60C358A7-0ECE-4239-9C3A-53651748A3CB":{"name":"Other/_State/Progress/Stepper/Circle/Error"},"636983F9-93F9-4667-B3CF-DEC34E536A16":{"name":"8)Progress/Progress Bar/Progress/100%"},"6DEA4A7C-F51F-4F78-A8F9-C550FBF2766D":{"name":"8)Progress/Progress Circle/Progress/X Small/100%"},"6F9B5DDF-A495-458D-BE94-C53FF436CEED":{"name":"8)Progress/Stepper/Single/First Step"},"77D25CE7-0ABD-4AFA-8121-48142FC69523":{"name":"8)Progress/Slider/6 Steps"},"78F3396A-65BF-4C65-95F9-0447E176C1C7":{"name":"8)Progress/Progress Bar/Progress/25%"},"856D5EF0-6300-4D4C-B191-B5AFBAEF315C":{"name":"8)Progress/Progress Circle/Progress/Large/75%"},"91503F92-9931-436D-B2E9-94D7D9922B21":{"name":"8)Progress/Progress Circle/Progress/Large/50%"},"9E113E27-5A0E-4A86-8DF6-487DCA3F9E82":{"name":"8)Progress/Progress Circle/Progress/Big/50%"},"A61C3968-9753-4370-A973-6CE5332B0C19":{"name":"8)Progress/Stepper/Single/Middle Step"},"A814D766-72B3-437D-9718-519BED42C833":{"name":"8)Progress/Progress Circle/Progress/X Small/75%"},"AA9A486F-6442-4E3B-ABEE-97B12BC2F398":{"name":"Other/_State/Progress/Stepper/Circle/Active"},"B082E9BB-6692-465C-9D39-52E08C9F7D5E":{"name":"8)Progress/Progress Circle/Progress/Large/100%"},"B4671075-1ACF-45CF-8B62-F29B4406F2A4":{"name":"Other/_Text/Progress/Stepper/Active"},"C229EC8D-E035-4E6A-8C6A-C054C1AF9770":{"name":"8)Progress/Stepper/9 Steps"},"CEC5A7C6-93C9-4466-83EA-E34C3745BB4D":{"name":"8)Progress/Progress Circle/Progress/Big/25%"},"D283D25E-51E7-4EE4-AC52-D38FBB4C45E8":{"name":"8)Progress/Progress Circle/Progress/Medium/25%"},"D32F4179-280D-41CC-BBE5-AE43C08D9A21":{"name":"8)Progress/Progress Circle/Progress/Small/0%"},"DE337154-C5E6-4DBD-BEDA-FDAA71BCDBB8":{"name":"8)Progress/Stepper/Single/Last Step"},"DE6FFCAC-E43A-4FA5-AD03-2300723FE2E6":{"name":"8)Progress/Progress Circle/Progress/Medium/75%"},"DF4F2074-4D9A-49C1-897A-F96AE0E6D1D1":{"name":"Other/_State/Progress/Stepper/Line/Inactive"},"E5891585-3442-4A7C-9EC7-307B86534B17":{"name":"Progress"},"E611CF0C-7831-4C5F-A58F-E9B969AA1F0D":{"name":"Other/_State/Progress/Stepper/Line/Active"},"E61757A7-A4AB-4EF4-ADAE-F84AB0333DAC":{"name":"8)Progress/Progress Bar/Progress/0%"},"F442EF5D-76AC-46A3-9529-8F1579185BDB":{"name":"8)Progress/Progress Circle/Progress/Small/75%"},"F444B0BB-509E-47A6-9801-ACE5A8A7CF13":{"name":"8)Progress/Progress Circle/Progress/Large/25%"},"FDE18974-3984-4693-8C09-3A501A83C721":{"name":"8)Progress/Stepper/6 Steps"}}}},"variant":"NONAPPSTORE","version":136}