{"_class":"page","booleanOperation":-1,"clippingMaskMode":0,"do_objectID":"163E6FF8-A468-4EBA-9E20-7AC77AABD47C","groupLayout":{"_class":"MSImmutableFreeformGroupLayout"},"hasClickThrough":false,"hasClippingMask":false,"horizontalRulerData":{"_class":"rulerData","base":-637,"guides":[]},"includeInCloudUpload":true,"isFixedToViewport":false,"isFlippedHorizontal":false,"isFlippedVertical":false,"isLocked":false,"isVisible":true,"layerListExpandedType":0,"layers":[{"_class":"artboard","backgroundColor":{"_class":"color","alpha":1,"blue":1,"green":1,"red":1},"booleanOperation":-1,"clippingMaskMode":0,"do_objectID":"0C283EEB-3C84-4753-A0A6-84BBA90F458F","frame":{"_class":"rect","constrainProportions":false,"height":490,"width":513,"x":-257,"y":-333},"groupLayout":{"_class":"MSImmutableFreeformGroupLayout"},"hasBackgroundColor":false,"hasClickThrough":false,"hasClippingMask":false,"horizontalRulerData":{"_class":"rulerData","base":0,"guides":[]},"includeBackgroundColorInExport":true,"includeInCloudUpload":true,"isFixedToViewport":false,"isFlippedHorizontal":false,"isFlippedVertical":false,"isFlowHome":false,"isLocked":false,"isVisible":true,"layerListExpandedType":0,"layers":[{"_class":"group","booleanOperation":-1,"clippingMaskMode":0,"do_objectID":"AF195992-6BA4-4120-8F66-EC06628D4198","frame":{"_class":"rect","constrainProportions":false,"height":274,"width":541,"x":-28,"y":0},"groupLayout":{"_class":"MSImmutableFreeformGroupLayout"},"hasClickThrough":false,"hasClippingMask":false,"isFixedToViewport":false,"isFlippedHorizontal":false,"isFlippedVertical":false,"isLocked":false,"isVisible":true,"layers":[{"_class":"rectangle","booleanOperation":-1,"clippingMaskMode":0,"do_objectID":"ED95CA10-9A52-4281-9BFE-555ADD500790","edited":false,"fixedRadius":0,"frame":{"_class":"rect","constrainProportions":false,"height":274,"width":513,"x":28,"y":0},"hasClippingMask":false,"hasConvertedToNewRoundCorners":true,"isClosed":true,"isFixedToViewport":false,"isFlippedHorizontal":false,"isFlippedVertical":false,"isLocked":false,"isVisible":true,"name":"Rectangle","nameIsFixed":false,"needsConvertionToNewRoundCorners":false,"pointRadiusBehaviour":1,"points":[{"_class":"curvePoint","cornerRadius":0,"curveFrom":"{0, 0}","curveMode":1,"curveTo":"{0, 0}","hasCurveFrom":false,"hasCurveTo":false,"point":"{0, 0}"},{"_class":"curvePoint","cornerRadius":0,"curveFrom":"{1, 0}","curveMode":1,"curveTo":"{1, 0}","hasCurveFrom":false,"hasCurveTo":false,"point":"{1, 0}"},{"_class":"curvePoint","cornerRadius":0,"curveFrom":"{1, 1}","curveMode":1,"curveTo":"{1, 1}","hasCurveFrom":false,"hasCurveTo":false,"point":"{1, 1}"},{"_class":"curvePoint","cornerRadius":0,"curveFrom":"{0, 1}","curveMode":1,"curveTo":"{0, 1}","hasCurveFrom":false,"hasCurveTo":false,"point":"{0, 1}"}],"resizingConstraint":63,"resizingType":0,"rotation":0,"sharedStyleID":"FF79DF52-402D-4A5D-8412-7222F0EB2E86","shouldBreakMaskChain":false,"style":{"_class":"style","blur":{"_class":"blur","center":"{0.5, 0.5}","isEnabled":false,"motionAngle":0,"radius":10,"saturation":1,"type":0},"borderOptions":{"_class":"borderOptions","dashPattern":[],"isEnabled":true,"lineCapStyle":0,"lineJoinStyle":0},"borders":[{"_class":"border","color":{"_class":"color","alpha":1,"blue":0.9686274509803922,"green":0.9450980392156862,"red":0.9294117647058824},"contextSettings":{"_class":"graphicsContextSettings","blendMode":0,"opacity":1},"fillType":0,"gradient":{"_class":"gradient","elipseLength":0,"from":"{0.5, 0}","gradientType":0,"stops":[{"_class":"gradientStop","color":{"_class":"color","alpha":1,"blue":1,"green":1,"red":1},"position":0},{"_class":"gradientStop","color":{"_class":"color","alpha":1,"blue":0,"green":0,"red":0},"position":1}],"to":"{0.5, 1}"},"isEnabled":false,"position":1,"thickness":1}],"colorControls":{"_class":"colorControls","brightness":0,"contrast":1,"hue":0,"isEnabled":true,"saturation":1},"contextSettings":{"_class":"graphicsContextSettings","blendMode":0,"opacity":1},"do_objectID":"E91E663B-7A6A-46AF-8541-572B801B148E","endMarkerType":0,"fills":[{"_class":"fill","color":{"_class":"color","alpha":1,"blue":0.9882352941176471,"green":0.9764705882352941,"red":0.9686274509803922},"contextSettings":{"_class":"graphicsContextSettings","blendMode":0,"opacity":1},"fillType":0,"gradient":{"_class":"gradient","elipseLength":0,"from":"{0.5, 0}","gradientType":0,"stops":[{"_class":"gradientStop","color":{"_class":"color","alpha":1,"blue":1,"green":1,"red":1},"position":0},{"_class":"gradientStop","color":{"_class":"color","alpha":1,"blue":0,"green":0,"red":0},"position":1}],"to":"{0.5, 1}"},"isEnabled":true,"noiseIndex":0,"noiseIntensity":0,"patternFillType":1,"patternTileScale":1}],"innerShadows":[],"miterLimit":10,"shadows":[],"startMarkerType":0,"windingRule":0}},{"_class":"shapeGroup","booleanOperation":-1,"clippingMaskMode":0,"do_objectID":"844CBFAE-A60E-4EFC-B2CD-FEF4BB16C39B","frame":{"_class":"rect","constrainProportions":true,"height":160,"width":112,"x":0,"y":15},"groupLayout":{"_class":"MSImmutableFreeformGroupLayout"},"hasClickThrough":false,"hasClippingMask":false,"isFixedToViewport":false,"isFlippedHorizontal":false,"isFlippedVertical":false,"isLocked":false,"isVisible":true,"layers":[{"_class":"shapePath","booleanOperation":-1,"clippingMaskMode":0,"do_objectID":"E3B47541-FE60-48BD-892A-28F356A2D54E","edited":true,"frame":{"_class":"rect","constrainProportions":false,"height":160,"width":112,"x":0,"y":0},"hasClippingMask":false,"isClosed":true,"isFixedToViewport":false,"isFlippedHorizontal":false,"isFlippedVertical":false,"isLocked":false,"isVisible":true,"name":"Path","nameIsFixed":false,"pointRadiusBehaviour":1,"points":[{"_class":"curvePoint","cornerRadius":0,"curveFrom":"{0.66919191919191912, 1}","curveMode":2,"curveTo":"{0.33459595959595961, 1}","hasCurveFrom":true,"hasCurveTo":true,"point":"{0.5, 1}"},{"_class":"curvePoint","cornerRadius":0,"curveFrom":"{0.95896464646464652, 0.7998447549345753}","curveMode":2,"curveTo":"{0.79482323232323226, 0.95996895098691515}","hasCurveFrom":true,"hasCurveTo":true,"point":"{0.87689393939393945, 0.87990685296074522}"},{"_class":"curvePoint","cornerRadius":0,"curveFrom":"{1, 0.33532934131736525}","curveMode":2,"curveTo":"{1, 0.67376358394322455}","hasCurveFrom":true,"hasCurveTo":true,"point":"{1, 0.50166333998669332}"},{"_class":"curvePoint","cornerRadius":0,"curveFrom":"{0.78929924242424243, 0.042027056997116882}","curveMode":2,"curveTo":"{0.95785984848484851, 0.21013528498558437}","hasCurveFrom":true,"hasCurveTo":true,"point":"{0.87357954545454541, 0.12608117099135063}"},{"_class":"curvePoint","cornerRadius":0,"curveFrom":"{0.33080808080808083, 0}","curveMode":2,"curveTo":"{0.66477272727272729, 0}","hasCurveFrom":true,"hasCurveTo":true,"point":"{0.5, 0}"},{"_class":"curvePoint","cornerRadius":0,"curveFrom":"{0.041035353535353543, 0.20181858505211797}","curveMode":2,"curveTo":"{0.20517676767676765, 0.040363717010423607}","hasCurveFrom":true,"hasCurveTo":true,"point":"{0.12310606060606061, 0.12109115103127079}"},{"_class":"curvePoint","cornerRadius":0,"curveFrom":"{0, 0.66666666666666663}","curveMode":2,"curveTo":"{0, 0.32867598137059217}","hasCurveFrom":true,"hasCurveTo":true,"point":"{0, 0.50166333998669332}"},{"_class":"curvePoint","cornerRadius":0,"curveFrom":"{0.20991161616161613, 0.95819472166777553}","curveMode":2,"curveTo":"{0.041982323232323239, 0.79097360833887775}","hasCurveFrom":true,"hasCurveTo":true,"point":"{0.1259469696969697, 0.8745841650033267}"}],"resizingConstraint":63,"resizingType":0,"rotation":0,"shouldBreakMaskChain":false,"style":{"_class":"style","blur":{"_class":"blur","center":"{0.5, 0.5}","isEnabled":false,"motionAngle":0,"radius":10,"saturation":1,"type":0},"borderOptions":{"_class":"borderOptions","dashPattern":[],"isEnabled":true,"lineCapStyle":0,"lineJoinStyle":0},"borders":[],"colorControls":{"_class":"colorControls","brightness":0,"contrast":1,"hue":0,"isEnabled":false,"saturation":1},"contextSettings":{"_class":"graphicsContextSettings","blendMode":0,"opacity":1},"do_objectID":"610A4424-7ABC-4B03-8A47-C8D9E95590AD","endMarkerType":0,"fills":[],"innerShadows":[],"miterLimit":10,"shadows":[],"startMarkerType":0,"windingRule":1}},{"_class":"shapePath","booleanOperation":-1,"clippingMaskMode":0,"do_objectID":"CBCC7574-317D-47CA-94EB-B3842B15504C","edited":true,"frame":{"_class":"rect","constrainProportions":false,"height":93,"width":29,"x":42,"y":34},"hasClippingMask":false,"isClosed":true,"isFixedToViewport":false,"isFlippedHorizontal":false,"isFlippedVertical":false,"isLocked":false,"isVisible":true,"name":"Path","nameIsFixed":false,"pointRadiusBehaviour":1,"points":[{"_class":"curvePoint","cornerRadius":0,"curveFrom":"{0.3197530864197532, 1}","curveMode":2,"curveTo":"{0.68271604938271613, 1}","hasCurveFrom":true,"hasCurveTo":true,"point":"{0.5, 1}"},{"_class":"curvePoint","cornerRadius":0,"curveFrom":"{0.038271604938271697, 0.82224770642201839}","curveMode":2,"curveTo":"{0.19135802469135793, 0.96444954128440363}","hasCurveFrom":true,"hasCurveTo":true,"point":"{0.11481481481481481, 0.89334862385321101}"},{"_class":"curvePoint","cornerRadius":0,"curveFrom":"{0, 0.50229357798165142}","curveMode":4,"curveTo":"{0, 0.69189602446483178}","hasCurveFrom":false,"hasCurveTo":true,"point":"{0, 0.50229357798165142}"},{"_class":"curvePoint","cornerRadius":0,"curveFrom":"{0.0018896747233049138, 0.3047829946860669}","curveMode":4,"curveTo":"{6.8301496022656836e-05, 0.48841477058762528}","hasCurveFrom":true,"hasCurveTo":false,"point":"{6.8301496022656836e-05, 0.48841477058762528}"},{"_class":"curvePoint","cornerRadius":0,"curveFrom":"{0.19135802469135793, 0.035932721712538251}","curveMode":2,"curveTo":"{0.040138512496235811, 0.17791079286939665}","hasCurveFrom":true,"hasCurveTo":true,"point":"{0.11481481481481481, 0.10779816513761468}"},{"_class":"curvePoint","cornerRadius":0,"curveFrom":"{0.6802469135802468, 0}","curveMode":2,"curveTo":"{0.3197530864197532, 0}","hasCurveFrom":true,"hasCurveTo":true,"point":"{0.5, 0}"},{"_class":"curvePoint","cornerRadius":0,"curveFrom":"{0.96172839506172836, 0.18635321100917432}","curveMode":2,"curveTo":"{0.80864197530864201, 0.037270642201834861}","hasCurveFrom":true,"hasCurveTo":true,"point":"{0.88518518518518519, 0.11181192660550458}"},{"_class":"curvePoint","cornerRadius":0,"curveFrom":"{1, 0.68730886850152895}","curveMode":2,"curveTo":"{1, 0.3165137614678899}","hasCurveFrom":true,"hasCurveTo":true,"point":"{1, 0.50229357798165142}"},{"_class":"curvePoint","cornerRadius":0,"curveFrom":"{0.81172839506172834, 0.96330275229357798}","curveMode":2,"curveTo":"{0.9623456790123458, 0.8165137614678899}","hasCurveFrom":true,"hasCurveTo":true,"point":"{0.88703703703703707, 0.88990825688073394}"}],"resizingConstraint":63,"resizingType":0,"rotation":0,"shouldBreakMaskChain":false,"style":{"_class":"style","blur":{"_class":"blur","center":"{0.5, 0.5}","isEnabled":false,"motionAngle":0,"radius":10,"saturation":1,"type":0},"borderOptions":{"_class":"borderOptions","dashPattern":[],"isEnabled":true,"lineCapStyle":0,"lineJoinStyle":0},"borders":[],"colorControls":{"_class":"colorControls","brightness":0,"contrast":1,"hue":0,"isEnabled":false,"saturation":1},"contextSettings":{"_class":"graphicsContextSettings","blendMode":0,"opacity":1},"do_objectID":"DB3A3B36-5A76-4B55-A987-7ED848428B3C","endMarkerType":0,"fills":[],"innerShadows":[],"miterLimit":10,"shadows":[],"startMarkerType":0,"windingRule":1}}],"name":"0","nameIsFixed":false,"resizingConstraint":63,"resizingType":0,"rotation":0,"shouldBreakMaskChain":false,"style":{"_class":"style","blur":{"_class":"blur","center":"{0.5, 0.5}","isEnabled":false,"motionAngle":0,"radius":10,"saturation":1,"type":0},"borderOptions":{"_class":"borderOptions","dashPattern":[],"isEnabled":true,"lineCapStyle":0,"lineJoinStyle":0},"borders":[],"colorControls":{"_class":"colorControls","brightness":0,"contrast":1,"hue":0,"isEnabled":false,"saturation":1},"contextSettings":{"_class":"graphicsContextSettings","blendMode":0,"opacity":1},"do_objectID":"131B1929-4BDE-4CCC-B7EA-076D77D5B17A","endMarkerType":0,"fills":[{"_class":"fill","color":{"_class":"color","alpha":1,"blue":1,"green":1,"red":1},"contextSettings":{"_class":"graphicsContextSettings","blendMode":0,"opacity":1},"fillType":0,"gradient":{"_class":"gradient","elipseLength":0,"from":"{0.5, 0}","gradientType":0,"stops":[{"_class":"gradientStop","color":{"_class":"color","alpha":1,"blue":1,"green":1,"red":1},"position":0},{"_class":"gradientStop","color":{"_class":"color","alpha":1,"blue":0,"green":0,"red":0},"position":1}],"to":"{0.5, 1}"},"isEnabled":true,"noiseIndex":0,"noiseIntensity":0,"patternFillType":1,"patternTileScale":1}],"innerShadows":[],"miterLimit":10,"shadows":[],"startMarkerType":0,"windingRule":0},"windingRule":0},{"_class":"group","booleanOperation":-1,"clippingMaskMode":0,"do_objectID":"5B699BB6-5AF9-4FA2-B98C-99577DF5ABF9","frame":{"_class":"rect","constrainProportions":false,"height":80,"width":317,"x":99,"y":47},"groupLayout":{"_class":"MSImmutableFreeformGroupLayout"},"hasClickThrough":false,"hasClippingMask":false,"isFixedToViewport":false,"isFlippedHorizontal":false,"isFlippedVertical":false,"isLocked":false,"isVisible":true,"layers":[{"_class":"text","attributedString":{"_class":"attributedString","attributes":[{"_class":"stringAttribute","attributes":{"MSAttributedStringColorAttribute":{"_class":"color","alpha":1,"blue":0.7019607843137254,"green":0.6078431372549019,"red":0.5607843137254902},"MSAttributedStringFontAttribute":{"_class":"fontDescriptor","attributes":{"name":"OpenSans-SemiBold","size":15}},"paragraphStyle":{"_class":"paragraphStyle","alignment":0,"maximumLineHeight":24,"minimumLineHeight":24},"textStyleVerticalAlignmentKey":1},"length":24,"location":0}],"string":"There are Shadow Styles."},"automaticallyDrawOnUnderlyingPath":false,"booleanOperation":0,"clippingMaskMode":0,"do_objectID":"619396EE-341C-4DD1-9170-ABCA9DB848C8","dontSynchroniseWithSymbol":false,"frame":{"_class":"rect","constrainProportions":false,"height":24,"width":181,"x":0,"y":56},"glyphBounds":"{{0, 6}, {180, 16}}","hasClippingMask":false,"isFixedToViewport":false,"isFlippedHorizontal":false,"isFlippedVertical":false,"isLocked":false,"isVisible":true,"lineSpacingBehaviour":3,"name":"There are Shadow Sty","nameIsFixed":false,"resizingConstraint":47,"resizingType":0,"rotation":0,"shouldBreakMaskChain":false,"style":{"_class":"style","blur":{"_class":"blur","center":"{0.5, 0.5}","isEnabled":false,"motionAngle":0,"radius":10,"saturation":1,"type":0},"borderOptions":{"_class":"borderOptions","dashPattern":[],"isEnabled":true,"lineCapStyle":0,"lineJoinStyle":0},"borders":[],"colorControls":{"_class":"colorControls","brightness":0,"contrast":1,"hue":0,"isEnabled":true,"saturation":1},"contextSettings":{"_class":"graphicsContextSettings","blendMode":0,"opacity":1},"do_objectID":"DCAEEF93-3A3D-46F2-9A08-F62A1488DD55","endMarkerType":0,"fills":[],"innerShadows":[],"miterLimit":10,"shadows":[],"startMarkerType":0,"textStyle":{"_class":"textStyle","encodedAttributes":{"MSAttributedStringColorAttribute":{"_class":"color","alpha":1,"blue":0.7019607843137254,"green":0.6078431372549019,"red":0.5607843137254902},"MSAttributedStringFontAttribute":{"_class":"fontDescriptor","attributes":{"name":"OpenSans-SemiBold","size":15}},"paragraphStyle":{"_class":"paragraphStyle","alignment":0,"maximumLineHeight":24,"minimumLineHeight":24},"textStyleVerticalAlignmentKey":1},"verticalAlignment":0},"windingRule":1},"textBehaviour":0,"userInfo":{"com.animaapp.stc-sketch-plugin":{"kModelPropertiesKey":{"isAutoWidth":1}}}},{"_class":"text","attributedString":{"_class":"attributedString","attributes":[{"_class":"stringAttribute","attributes":{"MSAttributedStringColorAttribute":{"_class":"color","alpha":1,"blue":0.2705882352941176,"green":0.1686274509803922,"red":0.1333333333333333},"MSAttributedStringFontAttribute":{"_class":"fontDescriptor","attributes":{"name":"AppleColorEmoji","size":36}},"paragraphStyle":{"_class":"paragraphStyle","alignment":0,"maximumLineHeight":48,"minimumLineHeight":48},"textStyleVerticalAlignmentKey":1},"length":1,"location":0},{"_class":"stringAttribute","attributes":{"MSAttributedStringColorAttribute":{"_class":"color","alpha":1,"blue":0.2705882352941176,"green":0.1686274509803922,"red":0.1333333333333333},"MSAttributedStringFontAttribute":{"_class":"fontDescriptor","attributes":{"name":"OpenSans-Bold","size":36}},"paragraphStyle":{"_class":"paragraphStyle","alignment":0,"maximumLineHeight":48,"minimumLineHeight":48},"textStyleVerticalAlignmentKey":1},"length":14,"location":1}],"string":"⛳ Shadows Setup"},"automaticallyDrawOnUnderlyingPath":false,"booleanOperation":0,"clippingMaskMode":0,"do_objectID":"8AD92047-AACD-4F58-9412-335A3030EE2A","dontSynchroniseWithSymbol":false,"frame":{"_class":"rect","constrainProportions":false,"height":48,"width":317,"x":0,"y":0},"glyphBounds":"{{0, 6}, {316, 41}}","hasClippingMask":false,"isFixedToViewport":false,"isFlippedHorizontal":false,"isFlippedVertical":false,"isLocked":false,"isVisible":true,"lineSpacingBehaviour":3,"name":"⛳ Shadows Setup","nameIsFixed":false,"resizingConstraint":47,"resizingType":0,"rotation":0,"shouldBreakMaskChain":false,"style":{"_class":"style","blur":{"_class":"blur","center":"{0.5, 0.5}","isEnabled":false,"motionAngle":0,"radius":10,"saturation":1,"type":0},"borderOptions":{"_class":"borderOptions","dashPattern":[],"isEnabled":true,"lineCapStyle":0,"lineJoinStyle":0},"borders":[],"colorControls":{"_class":"colorControls","brightness":0,"contrast":1,"hue":0,"isEnabled":true,"saturation":1},"contextSettings":{"_class":"graphicsContextSettings","blendMode":0,"opacity":1},"do_objectID":"3641BF4D-ACB9-47F3-8D6F-6155511ABD9E","endMarkerType":0,"fills":[],"innerShadows":[],"miterLimit":10,"shadows":[],"startMarkerType":0,"textStyle":{"_class":"textStyle","encodedAttributes":{"MSAttributedStringColorAttribute":{"_class":"color","alpha":1,"blue":0.2705882352941176,"green":0.1686274509803922,"red":0.1333333333333333},"MSAttributedStringFontAttribute":{"_class":"fontDescriptor","attributes":{"name":"AppleColorEmoji","size":36}},"paragraphStyle":{"_class":"paragraphStyle","alignment":0,"maximumLineHeight":48,"minimumLineHeight":48},"textStyleVerticalAlignmentKey":1},"verticalAlignment":0},"windingRule":1},"textBehaviour":0,"userInfo":{"com.animaapp.stc-sketch-plugin":{"kModelPropertiesKey":{"isAutoWidth":1}}}}],"name":"Group","nameIsFixed":false,"resizingConstraint":63,"resizingType":0,"rotation":0,"shouldBreakMaskChain":false,"style":{"_class":"style","blur":{"_class":"blur","center":"{0.5, 0.5}","isEnabled":false,"motionAngle":0,"radius":10,"saturation":1,"type":0},"borderOptions":{"_class":"borderOptions","dashPattern":[],"isEnabled":true,"lineCapStyle":0,"lineJoinStyle":0},"borders":[],"colorControls":{"_class":"colorControls","brightness":0,"contrast":1,"hue":0,"isEnabled":true,"saturation":1},"contextSettings":{"_class":"graphicsContextSettings","blendMode":0,"opacity":1},"do_objectID":"1C306401-1DD5-49BE-A5A3-B2736C2C105F","endMarkerType":0,"fills":[],"innerShadows":[],"miterLimit":10,"shadows":[],"startMarkerType":0,"windingRule":1}},{"_class":"text","attributedString":{"_class":"attributedString","attributes":[{"_class":"stringAttribute","attributes":{"MSAttributedStringColorAttribute":{"_class":"color","alpha":1,"blue":0.2705882352941176,"green":0.1686274509803922,"red":0.1333333333333333},"MSAttributedStringFontAttribute":{"_class":"fontDescriptor","attributes":{"name":"OpenSans-Bold","size":26}},"paragraphStyle":{"_class":"paragraphStyle","alignment":0,"maximumLineHeight":32,"minimumLineHeight":32},"textStyleVerticalAlignmentKey":1},"length":12,"location":0}],"string":"Type Shadows"},"automaticallyDrawOnUnderlyingPath":false,"booleanOperation":-1,"clippingMaskMode":0,"do_objectID":"329E4C67-15F6-4560-9013-1064DCF22767","dontSynchroniseWithSymbol":false,"frame":{"_class":"rect","constrainProportions":false,"height":32,"width":282,"x":108,"y":218},"glyphBounds":"{{0, 6}, {183, 27}}","hasClippingMask":false,"isFixedToViewport":false,"isFlippedHorizontal":false,"isFlippedVertical":false,"isLocked":false,"isVisible":true,"lineSpacingBehaviour":3,"name":"Type Shadows","nameIsFixed":false,"resizingConstraint":47,"resizingType":0,"rotation":0,"shouldBreakMaskChain":false,"style":{"_class":"style","blur":{"_class":"blur","center":"{0.5, 0.5}","isEnabled":false,"motionAngle":0,"radius":10,"saturation":1,"type":0},"borderOptions":{"_class":"borderOptions","dashPattern":[],"isEnabled":true,"lineCapStyle":0,"lineJoinStyle":0},"borders":[],"colorControls":{"_class":"colorControls","brightness":0,"contrast":1,"hue":0,"isEnabled":true,"saturation":1},"contextSettings":{"_class":"graphicsContextSettings","blendMode":0,"opacity":1},"do_objectID":"1058E80D-D37D-4A9F-A772-456E8101DD4D","endMarkerType":0,"fills":[],"innerShadows":[],"miterLimit":10,"shadows":[],"startMarkerType":0,"textStyle":{"_class":"textStyle","encodedAttributes":{"MSAttributedStringColorAttribute":{"_class":"color","alpha":1,"blue":0.2705882352941176,"green":0.1686274509803922,"red":0.1333333333333333},"MSAttributedStringFontAttribute":{"_class":"fontDescriptor","attributes":{"name":"OpenSans-Bold","size":26}},"paragraphStyle":{"_class":"paragraphStyle","alignment":0,"maximumLineHeight":32,"minimumLineHeight":32},"textStyleVerticalAlignmentKey":1},"verticalAlignment":0},"windingRule":1},"textBehaviour":2}],"name":"Group 2","nameIsFixed":false,"resizingConstraint":63,"resizingType":0,"rotation":0,"shouldBreakMaskChain":false,"style":{"_class":"style","blur":{"_class":"blur","center":"{0.5, 0.5}","isEnabled":false,"motionAngle":0,"radius":10,"saturation":1,"type":0},"borderOptions":{"_class":"borderOptions","dashPattern":[],"isEnabled":true,"lineCapStyle":0,"lineJoinStyle":0},"borders":[],"colorControls":{"_class":"colorControls","brightness":0,"contrast":1,"hue":0,"isEnabled":true,"saturation":1},"contextSettings":{"_class":"graphicsContextSettings","blendMode":0,"opacity":1},"do_objectID":"EF6757B6-3CB3-43D2-AC4C-F77D82FF631B","endMarkerType":0,"fills":[],"innerShadows":[],"miterLimit":10,"shadows":[],"startMarkerType":0,"windingRule":1}},{"_class":"group","booleanOperation":-1,"clippingMaskMode":0,"do_objectID":"890E12FC-785F-4A68-BB92-A962B880A2B0","frame":{"_class":"rect","constrainProportions":false,"height":2,"width":513,"x":0,"y":193},"groupLayout":{"_class":"MSImmutableFreeformGroupLayout"},"hasClickThrough":false,"hasClippingMask":false,"isFixedToViewport":false,"isFlippedHorizontal":false,"isFlippedVertical":false,"isLocked":false,"isVisible":true,"layers":[{"_class":"rectangle","booleanOperation":-1,"clippingMaskMode":0,"do_objectID":"82EB03BE-589C-438A-8919-BBC59AFC33AA","edited":false,"fixedRadius":0,"frame":{"_class":"rect","constrainProportions":false,"height":2,"width":513,"x":0,"y":0},"hasClippingMask":true,"hasConvertedToNewRoundCorners":true,"isClosed":true,"isFixedToViewport":false,"isFlippedHorizontal":false,"isFlippedVertical":false,"isLocked":false,"isVisible":true,"name":"🎨 Divider Color","nameIsFixed":true,"needsConvertionToNewRoundCorners":false,"pointRadiusBehaviour":1,"points":[{"_class":"curvePoint","cornerRadius":0,"curveFrom":"{0, 0}","curveMode":1,"curveTo":"{0, 0}","hasCurveFrom":false,"hasCurveTo":false,"point":"{0, 0}"},{"_class":"curvePoint","cornerRadius":0,"curveFrom":"{1, 0}","curveMode":1,"curveTo":"{1, 0}","hasCurveFrom":false,"hasCurveTo":false,"point":"{1, 0}"},{"_class":"curvePoint","cornerRadius":0,"curveFrom":"{1, 1}","curveMode":1,"curveTo":"{1, 1}","hasCurveFrom":false,"hasCurveTo":false,"point":"{1, 1}"},{"_class":"curvePoint","cornerRadius":0,"curveFrom":"{0, 1}","curveMode":1,"curveTo":"{0, 1}","hasCurveFrom":false,"hasCurveTo":false,"point":"{0, 1}"}],"resizingConstraint":15,"resizingType":0,"rotation":0,"shouldBreakMaskChain":false,"style":{"_class":"style","blur":{"_class":"blur","center":"{0.5, 0.5}","isEnabled":false,"motionAngle":0,"radius":10,"saturation":1,"type":0},"borderOptions":{"_class":"borderOptions","dashPattern":[],"isEnabled":true,"lineCapStyle":0,"lineJoinStyle":0},"borders":[{"_class":"border","color":{"_class":"color","alpha":1,"blue":0.592,"green":0.592,"red":0.592},"contextSettings":{"_class":"graphicsContextSettings","blendMode":0,"opacity":1},"fillType":0,"gradient":{"_class":"gradient","elipseLength":0,"from":"{0.5, 0}","gradientType":0,"stops":[{"_class":"gradientStop","color":{"_class":"color","alpha":1,"blue":1,"green":1,"red":1},"position":0},{"_class":"gradientStop","color":{"_class":"color","alpha":1,"blue":0,"green":0,"red":0},"position":1}],"to":"{0.5, 1}"},"isEnabled":false,"position":1,"thickness":1}],"colorControls":{"_class":"colorControls","brightness":0,"contrast":1,"hue":0,"isEnabled":true,"saturation":1},"contextSettings":{"_class":"graphicsContextSettings","blendMode":0,"opacity":1},"do_objectID":"69E20A46-8FE5-4976-9A99-B7DDDC819FB0","endMarkerType":0,"fills":[{"_class":"fill","color":{"_class":"color","alpha":1,"blue":0.9529411764705882,"green":0.9568627450980391,"red":0.9568627450980391},"contextSettings":{"_class":"graphicsContextSettings","blendMode":0,"opacity":1},"fillType":0,"gradient":{"_class":"gradient","elipseLength":0,"from":"{0.5, 0}","gradientType":0,"stops":[{"_class":"gradientStop","color":{"_class":"color","alpha":1,"blue":1,"green":1,"red":1},"position":0},{"_class":"gradientStop","color":{"_class":"color","alpha":1,"blue":0,"green":0,"red":0},"position":1}],"to":"{0.5, 1}"},"isEnabled":true,"noiseIndex":0,"noiseIntensity":0,"patternFillType":1,"patternTileScale":1}],"innerShadows":[],"miterLimit":10,"shadows":[],"startMarkerType":0,"windingRule":1},"userInfo":{"com.animaapp.stc-sketch-plugin":{"kModelPropertiesKey":{}}}}],"name":"20) Divider/ ━ 2px","nameIsFixed":false,"resizingConstraint":63,"resizingType":0,"rotation":0,"shouldBreakMaskChain":false,"style":{"_class":"style","blur":{"_class":"blur","center":"{0.5, 0.5}","isEnabled":false,"motionAngle":0,"radius":10,"saturation":1,"type":0},"borderOptions":{"_class":"borderOptions","dashPattern":[],"isEnabled":true,"lineCapStyle":0,"lineJoinStyle":0},"borders":[],"colorControls":{"_class":"colorControls","brightness":0,"contrast":1,"hue":0,"isEnabled":true,"saturation":1},"contextSettings":{"_class":"graphicsContextSettings","blendMode":0,"opacity":1},"do_objectID":"D8F72FC0-32A8-45B7-8FBD-48FCCFA8317A","endMarkerType":0,"fills":[],"innerShadows":[],"miterLimit":10,"shadows":[],"startMarkerType":0,"windingRule":1},"userInfo":{"com.bohemiancoding.sketchtool.detach":{"symbolInstance":{"do_objectID":"2D7C07DB-3117-4D18-A61E-18B459D799B7","frame":{"_class":"rect","constrainProportions":false,"height":1,"width":513,"x":0,"y":193}},"symbolMaster":{"do_objectID":"C8571338-3297-4E66-8428-198BD426F589","symbolID":"B5C99A05-C172-4688-8B17-1A02D0176BB0"}},"com.sketch.detach":{"symbolInstance":{"do_objectID":"2D7C07DB-3117-4D18-A61E-18B459D799B7","frame":{"_class":"rect","constrainProportions":false,"height":1,"width":513,"x":0,"y":193}},"symbolMaster":{"do_objectID":"C8571338-3297-4E66-8428-198BD426F589","symbolID":"B5C99A05-C172-4688-8B17-1A02D0176BB0"}}}},{"_class":"symbolInstance","booleanOperation":-1,"clippingMaskMode":0,"do_objectID":"3373F43E-2AC1-4784-A13F-C21D58B1351B","frame":{"_class":"rect","constrainProportions":false,"height":48,"width":148,"x":240,"y":314},"hasClippingMask":false,"horizontalSpacing":0,"isFixedToViewport":false,"isFlippedHorizontal":false,"isFlippedVertical":false,"isLocked":false,"isVisible":true,"name":"Shadow/Primary","nameIsFixed":false,"overrideValues":[],"resizingConstraint":63,"resizingType":0,"rotation":0,"scale":1,"shouldBreakMaskChain":false,"style":{"_class":"style","blur":{"_class":"blur","center":"{0.5, 0.5}","isEnabled":false,"motionAngle":0,"radius":10,"saturation":1,"type":0},"borderOptions":{"_class":"borderOptions","dashPattern":[],"isEnabled":true,"lineCapStyle":0,"lineJoinStyle":0},"borders":[],"colorControls":{"_class":"colorControls","brightness":0,"contrast":1,"hue":0,"isEnabled":false,"saturation":1},"contextSettings":{"_class":"graphicsContextSettings","blendMode":0,"opacity":1},"do_objectID":"AEB3DF5F-0F14-4230-A5F7-ECE3795BDA47","endMarkerType":0,"fills":[],"innerShadows":[],"miterLimit":10,"shadows":[],"startMarkerType":0,"windingRule":1},"symbolID":"20B6CEFC-714C-4175-9AA6-D037B709B5FC","verticalSpacing":0},{"_class":"symbolInstance","booleanOperation":-1,"clippingMaskMode":0,"do_objectID":"2D64BB3F-FFAC-49BD-AB27-0F0D1F26F81A","frame":{"_class":"rect","constrainProportions":false,"height":48,"width":148,"x":240,"y":402},"hasClippingMask":false,"horizontalSpacing":0,"isFixedToViewport":false,"isFlippedHorizontal":false,"isFlippedVertical":false,"isLocked":false,"isVisible":true,"name":"Shadow/Secondary","nameIsFixed":false,"overrideValues":[],"resizingConstraint":63,"resizingType":0,"rotation":0,"scale":1,"shouldBreakMaskChain":false,"style":{"_class":"style","blur":{"_class":"blur","center":"{0.5, 0.5}","isEnabled":false,"motionAngle":0,"radius":10,"saturation":1,"type":0},"borderOptions":{"_class":"borderOptions","dashPattern":[],"isEnabled":true,"lineCapStyle":0,"lineJoinStyle":0},"borders":[],"colorControls":{"_class":"colorControls","brightness":0,"contrast":1,"hue":0,"isEnabled":false,"saturation":1},"contextSettings":{"_class":"graphicsContextSettings","blendMode":0,"opacity":1},"do_objectID":"FE7ACB07-5D30-4549-8B5B-3D25A683F2C1","endMarkerType":0,"fills":[],"innerShadows":[],"miterLimit":10,"shadows":[],"startMarkerType":0,"windingRule":1},"symbolID":"A19C03AC-B0D9-466A-8EDF-35BA814D8F0D","verticalSpacing":0},{"_class":"text","attributedString":{"_class":"attributedString","attributes":[{"_class":"stringAttribute","attributes":{"MSAttributedStringColorAttribute":{"_class":"color","alpha":1,"blue":0.7019607843137254,"green":0.6078431372549019,"red":0.5607843137254902},"MSAttributedStringFontAttribute":{"_class":"fontDescriptor","attributes":{"name":"OpenSans-SemiBold","size":15}},"paragraphStyle":{"_class":"paragraphStyle","alignment":1,"maximumLineHeight":24,"minimumLineHeight":24},"textStyleVerticalAlignmentKey":1},"length":14,"location":0}],"string":"Primary Shadow"},"automaticallyDrawOnUnderlyingPath":false,"booleanOperation":0,"clippingMaskMode":0,"do_objectID":"E57D8AE1-AEA8-44F5-8BD9-E0A8BC11DE6B","dontSynchroniseWithSymbol":false,"frame":{"_class":"rect","constrainProportions":false,"height":24,"width":119,"x":97,"y":326},"glyphBounds":"{{1, 6}, {118, 16}}","hasClippingMask":false,"isFixedToViewport":false,"isFlippedHorizontal":false,"isFlippedVertical":false,"isLocked":false,"isVisible":true,"lineSpacingBehaviour":3,"name":"Primary Shadow","nameIsFixed":false,"resizingConstraint":47,"resizingType":0,"rotation":0,"shouldBreakMaskChain":false,"style":{"_class":"style","blur":{"_class":"blur","center":"{0.5, 0.5}","isEnabled":false,"motionAngle":0,"radius":10,"saturation":1,"type":0},"borderOptions":{"_class":"borderOptions","dashPattern":[],"isEnabled":true,"lineCapStyle":0,"lineJoinStyle":0},"borders":[],"colorControls":{"_class":"colorControls","brightness":0,"contrast":1,"hue":0,"isEnabled":true,"saturation":1},"contextSettings":{"_class":"graphicsContextSettings","blendMode":0,"opacity":1},"do_objectID":"31612866-239D-451E-AE6E-6CA83FCF1DA0","endMarkerType":0,"fills":[],"innerShadows":[],"miterLimit":10,"shadows":[],"startMarkerType":0,"textStyle":{"_class":"textStyle","encodedAttributes":{"MSAttributedStringColorAttribute":{"_class":"color","alpha":1,"blue":0.7019607843137254,"green":0.6078431372549019,"red":0.5607843137254902},"MSAttributedStringFontAttribute":{"_class":"fontDescriptor","attributes":{"name":"OpenSans-SemiBold","size":15}},"paragraphStyle":{"_class":"paragraphStyle","alignment":1,"maximumLineHeight":24,"minimumLineHeight":24},"textStyleVerticalAlignmentKey":1},"verticalAlignment":0},"windingRule":1},"textBehaviour":0,"userInfo":{"com.animaapp.stc-sketch-plugin":{"kModelPropertiesKey":{"isAutoWidth":1}}}},{"_class":"text","attributedString":{"_class":"attributedString","attributes":[{"_class":"stringAttribute","attributes":{"MSAttributedStringColorAttribute":{"_class":"color","alpha":1,"blue":0.7019607843137254,"green":0.6078431372549019,"red":0.5607843137254902},"MSAttributedStringFontAttribute":{"_class":"fontDescriptor","attributes":{"name":"OpenSans-SemiBold","size":15}},"paragraphStyle":{"_class":"paragraphStyle","alignment":1,"maximumLineHeight":24,"minimumLineHeight":24},"textStyleVerticalAlignmentKey":1},"length":16,"location":0}],"string":"Secondary Shadow"},"automaticallyDrawOnUnderlyingPath":false,"booleanOperation":0,"clippingMaskMode":0,"do_objectID":"0366134E-1BA6-451D-8E18-91004AD1878D","dontSynchroniseWithSymbol":false,"frame":{"_class":"rect","constrainProportions":false,"height":24,"width":137,"x":79,"y":414},"glyphBounds":"{{0, 6}, {137, 16}}","hasClippingMask":false,"isFixedToViewport":false,"isFlippedHorizontal":false,"isFlippedVertical":false,"isLocked":false,"isVisible":true,"lineSpacingBehaviour":3,"name":"Secondary Shadow","nameIsFixed":false,"resizingConstraint":47,"resizingType":0,"rotation":0,"shouldBreakMaskChain":false,"style":{"_class":"style","blur":{"_class":"blur","center":"{0.5, 0.5}","isEnabled":false,"motionAngle":0,"radius":10,"saturation":1,"type":0},"borderOptions":{"_class":"borderOptions","dashPattern":[],"isEnabled":true,"lineCapStyle":0,"lineJoinStyle":0},"borders":[],"colorControls":{"_class":"colorControls","brightness":0,"contrast":1,"hue":0,"isEnabled":true,"saturation":1},"contextSettings":{"_class":"graphicsContextSettings","blendMode":0,"opacity":1},"do_objectID":"23CC4BCA-ECE3-4F76-A05C-E8F2C53A017D","endMarkerType":0,"fills":[],"innerShadows":[],"miterLimit":10,"shadows":[],"startMarkerType":0,"textStyle":{"_class":"textStyle","encodedAttributes":{"MSAttributedStringColorAttribute":{"_class":"color","alpha":1,"blue":0.7019607843137254,"green":0.6078431372549019,"red":0.5607843137254902},"MSAttributedStringFontAttribute":{"_class":"fontDescriptor","attributes":{"name":"OpenSans-SemiBold","size":15}},"paragraphStyle":{"_class":"paragraphStyle","alignment":1,"maximumLineHeight":24,"minimumLineHeight":24},"textStyleVerticalAlignmentKey":1},"verticalAlignment":0},"windingRule":1},"textBehaviour":0,"userInfo":{"com.animaapp.stc-sketch-plugin":{"kModelPropertiesKey":{"isAutoWidth":1}}}}],"name":"Shadows","nameIsFixed":false,"presetDictionary":{},"resizesContent":false,"resizingConstraint":63,"resizingType":0,"rotation":0,"shouldBreakMaskChain":true,"userInfo":{"io.magicsketch.mirror":{"highestQuality":-1}},"verticalRulerData":{"_class":"rulerData","base":0,"guides":[]}},{"_class":"text","attributedString":{"_class":"attributedString","attributes":[{"_class":"stringAttribute","attributes":{"MSAttributedStringColorAttribute":{"_class":"color","alpha":1,"blue":0.1764705882352941,"green":0.1803921568627451,"red":0.1803921568627451},"MSAttributedStringFontAttribute":{"_class":"fontDescriptor","attributes":{"name":"OpenSans-SemiBold","size":16}},"paragraphStyle":{"_class":"paragraphStyle","alignment":0,"maximumLineHeight":48,"minimumLineHeight":48},"textStyleVerticalAlignmentKey":1},"length":195,"location":0}],"string":"//Shadows\n$ncb-qp-shadow-primary: rgba(0, 0, 0, 0.35);\n$ncb-qp-shadow-secondary: rgba(0, 0, 0, 0.25);\n$ncb-qp-shadow-terciary: rgba(0, 0, 0, 0.15);\n$ncb-qp-shadow-quartenary: rgba(0, 0, 0, 0.05);"},"automaticallyDrawOnUnderlyingPath":false,"booleanOperation":-1,"clippingMaskMode":0,"do_objectID":"9EA6D731-E757-486A-8B80-DCD462876D13","dontSynchroniseWithSymbol":false,"frame":{"_class":"rect","constrainProportions":false,"height":253,"width":417,"x":-845,"y":80},"glyphBounds":"{{0, 17}, {361, 209}}","hasClippingMask":false,"isFixedToViewport":false,"isFlippedHorizontal":false,"isFlippedVertical":false,"isLocked":false,"isVisible":true,"layerListExpandedType":0,"lineSpacingBehaviour":3,"name":"//Shadows $ncb-qp-sh","nameIsFixed":false,"resizingConstraint":47,"resizingType":0,"rotation":0,"shouldBreakMaskChain":false,"style":{"_class":"style","blur":{"_class":"blur","center":"{0.5, 0.5}","isEnabled":false,"motionAngle":0,"radius":10,"saturation":1,"type":0},"borderOptions":{"_class":"borderOptions","dashPattern":[],"isEnabled":true,"lineCapStyle":0,"lineJoinStyle":0},"borders":[],"colorControls":{"_class":"colorControls","brightness":0,"contrast":1,"hue":0,"isEnabled":true,"saturation":1},"contextSettings":{"_class":"graphicsContextSettings","blendMode":0,"opacity":1},"do_objectID":"771F6760-7A03-4F28-B745-59D7B7C8707C","endMarkerType":0,"fills":[],"innerShadows":[],"miterLimit":10,"shadows":[],"startMarkerType":0,"textStyle":{"_class":"textStyle","encodedAttributes":{"MSAttributedStringColorAttribute":{"_class":"color","alpha":1,"blue":0.1764705882352941,"green":0.1803921568627451,"red":0.1803921568627451},"MSAttributedStringFontAttribute":{"_class":"fontDescriptor","attributes":{"name":"OpenSans-SemiBold","size":16}},"paragraphStyle":{"_class":"paragraphStyle","alignment":0,"maximumLineHeight":48,"minimumLineHeight":48},"textStyleVerticalAlignmentKey":1},"verticalAlignment":0},"windingRule":1},"textBehaviour":2,"userInfo":{"com.animaapp.stc-sketch-plugin":{"kModelPropertiesKey":{"isAutoWidth":1}}}},{"_class":"symbolMaster","allowsOverrides":true,"backgroundColor":{"_class":"color","alpha":1,"blue":1,"green":1,"red":1},"booleanOperation":-1,"clippingMaskMode":0,"do_objectID":"C8509586-8971-4AA9-AC40-E20371068A49","frame":{"_class":"rect","constrainProportions":false,"height":48,"width":148,"x":-177,"y":197},"groupLayout":{"_class":"MSImmutableFreeformGroupLayout"},"hasBackgroundColor":false,"hasClickThrough":true,"hasClippingMask":false,"horizontalRulerData":{"_class":"rulerData","base":0,"guides":[]},"includeBackgroundColorInExport":true,"includeBackgroundColorInInstance":false,"includeInCloudUpload":true,"isFixedToViewport":false,"isFlippedHorizontal":false,"isFlippedVertical":false,"isFlowHome":false,"isLocked":false,"isVisible":true,"layerListExpandedType":0,"layers":[{"_class":"rectangle","booleanOperation":-1,"clippingMaskMode":0,"do_objectID":"72FAB4D1-59B8-49FF-8D31-E45F185EEA70","edited":false,"fixedRadius":4,"frame":{"_class":"rect","constrainProportions":false,"height":48,"width":148,"x":0,"y":0},"hasClippingMask":false,"hasConvertedToNewRoundCorners":true,"isClosed":true,"isFixedToViewport":false,"isFlippedHorizontal":false,"isFlippedVertical":false,"isLocked":false,"isVisible":true,"name":"Rectangle","nameIsFixed":false,"needsConvertionToNewRoundCorners":false,"pointRadiusBehaviour":1,"points":[{"_class":"curvePoint","cornerRadius":4,"curveFrom":"{0, 0}","curveMode":1,"curveTo":"{0, 0}","hasCurveFrom":false,"hasCurveTo":false,"point":"{0, 0}"},{"_class":"curvePoint","cornerRadius":4,"curveFrom":"{1, 0}","curveMode":1,"curveTo":"{1, 0}","hasCurveFrom":false,"hasCurveTo":false,"point":"{1, 0}"},{"_class":"curvePoint","cornerRadius":4,"curveFrom":"{1, 1}","curveMode":1,"curveTo":"{1, 1}","hasCurveFrom":false,"hasCurveTo":false,"point":"{1, 1}"},{"_class":"curvePoint","cornerRadius":4,"curveFrom":"{0, 1}","curveMode":1,"curveTo":"{0, 1}","hasCurveFrom":false,"hasCurveTo":false,"point":"{0, 1}"}],"resizingConstraint":63,"resizingType":0,"rotation":0,"shouldBreakMaskChain":false,"style":{"_class":"style","blur":{"_class":"blur","center":"{0.5, 0.5}","isEnabled":false,"motionAngle":0,"radius":10,"saturation":1,"type":0},"borderOptions":{"_class":"borderOptions","dashPattern":[],"isEnabled":true,"lineCapStyle":0,"lineJoinStyle":0},"borders":[{"_class":"border","color":{"_class":"color","alpha":1,"blue":0.592,"green":0.592,"red":0.592},"contextSettings":{"_class":"graphicsContextSettings","blendMode":0,"opacity":1},"fillType":0,"gradient":{"_class":"gradient","elipseLength":0,"from":"{0.5, 0}","gradientType":0,"stops":[{"_class":"gradientStop","color":{"_class":"color","alpha":1,"blue":1,"green":1,"red":1},"position":0},{"_class":"gradientStop","color":{"_class":"color","alpha":1,"blue":0,"green":0,"red":0},"position":1}],"to":"{0.5, 1}"},"isEnabled":false,"position":1,"thickness":1}],"colorControls":{"_class":"colorControls","brightness":0,"contrast":1,"hue":0,"isEnabled":false,"saturation":1},"contextSettings":{"_class":"graphicsContextSettings","blendMode":0,"opacity":1},"do_objectID":"7F5789F9-B710-42DF-A580-8ABD6A64178F","endMarkerType":0,"fills":[{"_class":"fill","color":{"_class":"color","alpha":1,"blue":1,"green":1,"red":1},"contextSettings":{"_class":"graphicsContextSettings","blendMode":0,"opacity":1},"fillType":0,"gradient":{"_class":"gradient","elipseLength":0,"from":"{0.5, 0}","gradientType":0,"stops":[{"_class":"gradientStop","color":{"_class":"color","alpha":1,"blue":1,"green":1,"red":1},"position":0},{"_class":"gradientStop","color":{"_class":"color","alpha":1,"blue":0,"green":0,"red":0},"position":1}],"to":"{0.5, 1}"},"isEnabled":true,"noiseIndex":0,"noiseIntensity":0,"patternFillType":1,"patternTileScale":1}],"innerShadows":[],"miterLimit":10,"shadows":[{"_class":"shadow","blurRadius":16,"color":{"_class":"color","alpha":0.3,"blue":0.6846127717391305,"green":0.6846127717391305,"red":0.6846127717391305},"contextSettings":{"_class":"graphicsContextSettings","blendMode":0,"opacity":1},"isEnabled":true,"offsetX":0,"offsetY":0,"spread":0}],"startMarkerType":0,"windingRule":1}}],"name":"Shadow/Primary","nameIsFixed":false,"overrideProperties":[],"presetDictionary":{},"resizesContent":false,"resizingConstraint":63,"resizingType":0,"rotation":0,"shouldBreakMaskChain":true,"style":{"_class":"style","blur":{"_class":"blur","center":"{0.5, 0.5}","isEnabled":false,"motionAngle":0,"radius":10,"saturation":1,"type":0},"borderOptions":{"_class":"borderOptions","dashPattern":[],"isEnabled":true,"lineCapStyle":0,"lineJoinStyle":0},"borders":[],"colorControls":{"_class":"colorControls","brightness":0,"contrast":1,"hue":0,"isEnabled":false,"saturation":1},"contextSettings":{"_class":"graphicsContextSettings","blendMode":0,"opacity":1},"do_objectID":"944C6795-89EA-4DB6-A94B-BAD97BC25245","endMarkerType":0,"fills":[],"innerShadows":[],"miterLimit":10,"shadows":[],"startMarkerType":0,"windingRule":1},"symbolID":"20B6CEFC-714C-4175-9AA6-D037B709B5FC","verticalRulerData":{"_class":"rulerData","base":0,"guides":[]}},{"_class":"symbolMaster","allowsOverrides":true,"backgroundColor":{"_class":"color","alpha":1,"blue":1,"green":1,"red":1},"booleanOperation":-1,"clippingMaskMode":0,"do_objectID":"56EB9219-5F42-4B3D-8FB3-43DCBC91F489","frame":{"_class":"rect","constrainProportions":false,"height":48,"width":148,"x":-177,"y":285},"groupLayout":{"_class":"MSImmutableFreeformGroupLayout"},"hasBackgroundColor":false,"hasClickThrough":true,"hasClippingMask":false,"horizontalRulerData":{"_class":"rulerData","base":0,"guides":[]},"includeBackgroundColorInExport":true,"includeBackgroundColorInInstance":false,"includeInCloudUpload":true,"isFixedToViewport":false,"isFlippedHorizontal":false,"isFlippedVertical":false,"isFlowHome":false,"isLocked":false,"isVisible":true,"layerListExpandedType":0,"layers":[{"_class":"rectangle","booleanOperation":-1,"clippingMaskMode":0,"do_objectID":"475FBDBB-B478-486C-A795-50450BB3CCBD","edited":false,"fixedRadius":4,"frame":{"_class":"rect","constrainProportions":false,"height":48,"width":148,"x":0,"y":0},"hasClippingMask":false,"hasConvertedToNewRoundCorners":true,"isClosed":true,"isFixedToViewport":false,"isFlippedHorizontal":false,"isFlippedVertical":false,"isLocked":false,"isVisible":true,"name":"Rectangle Copy","nameIsFixed":false,"needsConvertionToNewRoundCorners":false,"pointRadiusBehaviour":1,"points":[{"_class":"curvePoint","cornerRadius":4,"curveFrom":"{0, 0}","curveMode":1,"curveTo":"{0, 0}","hasCurveFrom":false,"hasCurveTo":false,"point":"{0, 0}"},{"_class":"curvePoint","cornerRadius":4,"curveFrom":"{1, 0}","curveMode":1,"curveTo":"{1, 0}","hasCurveFrom":false,"hasCurveTo":false,"point":"{1, 0}"},{"_class":"curvePoint","cornerRadius":4,"curveFrom":"{1, 1}","curveMode":1,"curveTo":"{1, 1}","hasCurveFrom":false,"hasCurveTo":false,"point":"{1, 1}"},{"_class":"curvePoint","cornerRadius":4,"curveFrom":"{0, 1}","curveMode":1,"curveTo":"{0, 1}","hasCurveFrom":false,"hasCurveTo":false,"point":"{0, 1}"}],"resizingConstraint":63,"resizingType":0,"rotation":0,"shouldBreakMaskChain":false,"style":{"_class":"style","blur":{"_class":"blur","center":"{0.5, 0.5}","isEnabled":false,"motionAngle":0,"radius":10,"saturation":1,"type":0},"borderOptions":{"_class":"borderOptions","dashPattern":[],"isEnabled":true,"lineCapStyle":0,"lineJoinStyle":0},"borders":[{"_class":"border","color":{"_class":"color","alpha":1,"blue":0.592,"green":0.592,"red":0.592},"contextSettings":{"_class":"graphicsContextSettings","blendMode":0,"opacity":1},"fillType":0,"gradient":{"_class":"gradient","elipseLength":0,"from":"{0.5, 0}","gradientType":0,"stops":[{"_class":"gradientStop","color":{"_class":"color","alpha":1,"blue":1,"green":1,"red":1},"position":0},{"_class":"gradientStop","color":{"_class":"color","alpha":1,"blue":0,"green":0,"red":0},"position":1}],"to":"{0.5, 1}"},"isEnabled":false,"position":1,"thickness":1}],"colorControls":{"_class":"colorControls","brightness":0,"contrast":1,"hue":0,"isEnabled":false,"saturation":1},"contextSettings":{"_class":"graphicsContextSettings","blendMode":0,"opacity":1},"do_objectID":"E0F70F20-CC19-4A61-8B43-27BD46EBE2EC","endMarkerType":0,"fills":[{"_class":"fill","color":{"_class":"color","alpha":1,"blue":1,"green":1,"red":1},"contextSettings":{"_class":"graphicsContextSettings","blendMode":0,"opacity":1},"fillType":0,"gradient":{"_class":"gradient","elipseLength":0,"from":"{0.5, 0}","gradientType":0,"stops":[{"_class":"gradientStop","color":{"_class":"color","alpha":1,"blue":1,"green":1,"red":1},"position":0},{"_class":"gradientStop","color":{"_class":"color","alpha":1,"blue":0,"green":0,"red":0},"position":1}],"to":"{0.5, 1}"},"isEnabled":true,"noiseIndex":0,"noiseIntensity":0,"patternFillType":1,"patternTileScale":1}],"innerShadows":[],"miterLimit":10,"shadows":[{"_class":"shadow","blurRadius":12,"color":{"_class":"color","alpha":0.5,"blue":0,"green":0,"red":0},"contextSettings":{"_class":"graphicsContextSettings","blendMode":0,"opacity":1},"isEnabled":true,"offsetX":0,"offsetY":0,"spread":0}],"startMarkerType":0,"windingRule":1}}],"name":"Shadow/Secondary","nameIsFixed":false,"overrideProperties":[],"presetDictionary":{},"resizesContent":false,"resizingConstraint":63,"resizingType":0,"rotation":0,"shouldBreakMaskChain":true,"style":{"_class":"style","blur":{"_class":"blur","center":"{0.5, 0.5}","isEnabled":false,"motionAngle":0,"radius":10,"saturation":1,"type":0},"borderOptions":{"_class":"borderOptions","dashPattern":[],"isEnabled":true,"lineCapStyle":0,"lineJoinStyle":0},"borders":[],"colorControls":{"_class":"colorControls","brightness":0,"contrast":1,"hue":0,"isEnabled":false,"saturation":1},"contextSettings":{"_class":"graphicsContextSettings","blendMode":0,"opacity":1},"do_objectID":"455D052D-15FB-4148-8F14-0ECEE15873C6","endMarkerType":0,"fills":[],"innerShadows":[],"miterLimit":10,"shadows":[],"startMarkerType":0,"windingRule":1},"symbolID":"A19C03AC-B0D9-466A-8EDF-35BA814D8F0D","verticalRulerData":{"_class":"rulerData","base":0,"guides":[]}}],"name":"Tokens-Shadows","nameIsFixed":false,"resizingConstraint":63,"resizingType":0,"rotation":0,"scrollOrigin":"{687, 331}","shouldBreakMaskChain":false,"userInfo":{},"verticalRulerData":{"_class":"rulerData","base":-471,"guides":[]},"zoomValue":0.6644191377779511}