{"_class":"page","booleanOperation":-1,"clippingMaskMode":0,"do_objectID":"8B30568D-CD2D-49AD-896A-FBD47F898F1C","groupLayout":{"_class":"MSImmutableFreeformGroupLayout"},"hasClickThrough":false,"hasClippingMask":false,"horizontalRulerData":{"_class":"rulerData","base":-637,"guides":[]},"includeInCloudUpload":true,"isFixedToViewport":false,"isFlippedHorizontal":false,"isFlippedVertical":false,"isLocked":false,"isVisible":true,"layerListExpandedType":0,"layers":[{"_class":"artboard","backgroundColor":{"_class":"color","alpha":1,"blue":1,"green":1,"red":1},"booleanOperation":-1,"clippingMaskMode":0,"do_objectID":"0EC0641B-1049-4D61-914E-57F619A818E7","frame":{"_class":"rect","constrainProportions":false,"height":666,"width":513,"x":-257,"y":-343},"groupLayout":{"_class":"MSImmutableFreeformGroupLayout"},"hasBackgroundColor":false,"hasClickThrough":false,"hasClippingMask":false,"horizontalRulerData":{"_class":"rulerData","base":0,"guides":[34]},"includeBackgroundColorInExport":true,"includeInCloudUpload":true,"isFixedToViewport":false,"isFlippedHorizontal":false,"isFlippedVertical":false,"isFlowHome":false,"isLocked":false,"isVisible":true,"layerListExpandedType":0,"layers":[{"_class":"group","booleanOperation":-1,"clippingMaskMode":0,"do_objectID":"F92C52C9-C8C8-48F5-997A-2D3612BB055C","frame":{"_class":"rect","constrainProportions":false,"height":274,"width":541,"x":-28,"y":0},"groupLayout":{"_class":"MSImmutableFreeformGroupLayout"},"hasClickThrough":false,"hasClippingMask":false,"isFixedToViewport":false,"isFlippedHorizontal":false,"isFlippedVertical":false,"isLocked":false,"isVisible":true,"layers":[{"_class":"rectangle","booleanOperation":-1,"clippingMaskMode":0,"do_objectID":"830E3F59-FCD8-458A-85E9-BF487B03E70F","edited":false,"fixedRadius":0,"frame":{"_class":"rect","constrainProportions":false,"height":274,"width":513,"x":28,"y":0},"hasClippingMask":false,"hasConvertedToNewRoundCorners":true,"isClosed":true,"isFixedToViewport":false,"isFlippedHorizontal":false,"isFlippedVertical":false,"isLocked":false,"isVisible":true,"name":"Rectangle","nameIsFixed":false,"needsConvertionToNewRoundCorners":false,"pointRadiusBehaviour":1,"points":[{"_class":"curvePoint","cornerRadius":0,"curveFrom":"{0, 0}","curveMode":1,"curveTo":"{0, 0}","hasCurveFrom":false,"hasCurveTo":false,"point":"{0, 0}"},{"_class":"curvePoint","cornerRadius":0,"curveFrom":"{1, 0}","curveMode":1,"curveTo":"{1, 0}","hasCurveFrom":false,"hasCurveTo":false,"point":"{1, 0}"},{"_class":"curvePoint","cornerRadius":0,"curveFrom":"{1, 1}","curveMode":1,"curveTo":"{1, 1}","hasCurveFrom":false,"hasCurveTo":false,"point":"{1, 1}"},{"_class":"curvePoint","cornerRadius":0,"curveFrom":"{0, 1}","curveMode":1,"curveTo":"{0, 1}","hasCurveFrom":false,"hasCurveTo":false,"point":"{0, 1}"}],"resizingConstraint":63,"resizingType":0,"rotation":0,"sharedStyleID":"FF79DF52-402D-4A5D-8412-7222F0EB2E86","shouldBreakMaskChain":false,"style":{"_class":"style","blur":{"_class":"blur","center":"{0.5, 0.5}","isEnabled":false,"motionAngle":0,"radius":10,"saturation":1,"type":0},"borderOptions":{"_class":"borderOptions","dashPattern":[],"isEnabled":true,"lineCapStyle":0,"lineJoinStyle":0},"borders":[{"_class":"border","color":{"_class":"color","alpha":1,"blue":0.9686274509803922,"green":0.9450980392156862,"red":0.9294117647058824},"contextSettings":{"_class":"graphicsContextSettings","blendMode":0,"opacity":1},"fillType":0,"gradient":{"_class":"gradient","elipseLength":0,"from":"{0.5, 0}","gradientType":0,"stops":[{"_class":"gradientStop","color":{"_class":"color","alpha":1,"blue":1,"green":1,"red":1},"position":0},{"_class":"gradientStop","color":{"_class":"color","alpha":1,"blue":0,"green":0,"red":0},"position":1}],"to":"{0.5, 1}"},"isEnabled":false,"position":1,"thickness":1}],"colorControls":{"_class":"colorControls","brightness":0,"contrast":1,"hue":0,"isEnabled":true,"saturation":1},"contextSettings":{"_class":"graphicsContextSettings","blendMode":0,"opacity":1},"do_objectID":"96620CBF-24FC-4186-8F82-00474FFFEF16","endMarkerType":0,"fills":[{"_class":"fill","color":{"_class":"color","alpha":1,"blue":0.9882352941176471,"green":0.9764705882352941,"red":0.9686274509803922},"contextSettings":{"_class":"graphicsContextSettings","blendMode":0,"opacity":1},"fillType":0,"gradient":{"_class":"gradient","elipseLength":0,"from":"{0.5, 0}","gradientType":0,"stops":[{"_class":"gradientStop","color":{"_class":"color","alpha":1,"blue":1,"green":1,"red":1},"position":0},{"_class":"gradientStop","color":{"_class":"color","alpha":1,"blue":0,"green":0,"red":0},"position":1}],"to":"{0.5, 1}"},"isEnabled":true,"noiseIndex":0,"noiseIntensity":0,"patternFillType":1,"patternTileScale":1}],"innerShadows":[],"miterLimit":10,"shadows":[],"startMarkerType":0,"windingRule":0}},{"_class":"shapeGroup","booleanOperation":-1,"clippingMaskMode":0,"do_objectID":"49DF7601-D3D0-4DF7-AD84-7DAA46F0A9F4","frame":{"_class":"rect","constrainProportions":true,"height":160,"width":112,"x":0,"y":15},"groupLayout":{"_class":"MSImmutableFreeformGroupLayout"},"hasClickThrough":false,"hasClippingMask":false,"isFixedToViewport":false,"isFlippedHorizontal":false,"isFlippedVertical":false,"isLocked":false,"isVisible":true,"layers":[{"_class":"shapePath","booleanOperation":-1,"clippingMaskMode":0,"do_objectID":"E5B326C5-F252-4AC1-A4BD-E53ECE1D54A2","edited":true,"frame":{"_class":"rect","constrainProportions":false,"height":160,"width":112,"x":0,"y":0},"hasClippingMask":false,"isClosed":true,"isFixedToViewport":false,"isFlippedHorizontal":false,"isFlippedVertical":false,"isLocked":false,"isVisible":true,"name":"Path","nameIsFixed":false,"pointRadiusBehaviour":1,"points":[{"_class":"curvePoint","cornerRadius":0,"curveFrom":"{0.66919191919191912, 1}","curveMode":2,"curveTo":"{0.33459595959595961, 1}","hasCurveFrom":true,"hasCurveTo":true,"point":"{0.5, 1}"},{"_class":"curvePoint","cornerRadius":0,"curveFrom":"{0.95896464646464652, 0.7998447549345753}","curveMode":2,"curveTo":"{0.79482323232323226, 0.95996895098691515}","hasCurveFrom":true,"hasCurveTo":true,"point":"{0.87689393939393945, 0.87990685296074522}"},{"_class":"curvePoint","cornerRadius":0,"curveFrom":"{1, 0.33532934131736525}","curveMode":2,"curveTo":"{1, 0.67376358394322455}","hasCurveFrom":true,"hasCurveTo":true,"point":"{1, 0.50166333998669332}"},{"_class":"curvePoint","cornerRadius":0,"curveFrom":"{0.78929924242424243, 0.042027056997116882}","curveMode":2,"curveTo":"{0.95785984848484851, 0.21013528498558437}","hasCurveFrom":true,"hasCurveTo":true,"point":"{0.87357954545454541, 0.12608117099135063}"},{"_class":"curvePoint","cornerRadius":0,"curveFrom":"{0.33080808080808083, 0}","curveMode":2,"curveTo":"{0.66477272727272729, 0}","hasCurveFrom":true,"hasCurveTo":true,"point":"{0.5, 0}"},{"_class":"curvePoint","cornerRadius":0,"curveFrom":"{0.041035353535353543, 0.20181858505211797}","curveMode":2,"curveTo":"{0.20517676767676765, 0.040363717010423607}","hasCurveFrom":true,"hasCurveTo":true,"point":"{0.12310606060606061, 0.12109115103127079}"},{"_class":"curvePoint","cornerRadius":0,"curveFrom":"{0, 0.66666666666666663}","curveMode":2,"curveTo":"{0, 0.32867598137059217}","hasCurveFrom":true,"hasCurveTo":true,"point":"{0, 0.50166333998669332}"},{"_class":"curvePoint","cornerRadius":0,"curveFrom":"{0.20991161616161613, 0.95819472166777553}","curveMode":2,"curveTo":"{0.041982323232323239, 0.79097360833887775}","hasCurveFrom":true,"hasCurveTo":true,"point":"{0.1259469696969697, 0.8745841650033267}"}],"resizingConstraint":63,"resizingType":0,"rotation":0,"shouldBreakMaskChain":false,"style":{"_class":"style","blur":{"_class":"blur","center":"{0.5, 0.5}","isEnabled":false,"motionAngle":0,"radius":10,"saturation":1,"type":0},"borderOptions":{"_class":"borderOptions","dashPattern":[],"isEnabled":true,"lineCapStyle":0,"lineJoinStyle":0},"borders":[],"colorControls":{"_class":"colorControls","brightness":0,"contrast":1,"hue":0,"isEnabled":false,"saturation":1},"contextSettings":{"_class":"graphicsContextSettings","blendMode":0,"opacity":1},"do_objectID":"1C018D4E-528F-4B8B-9EB5-01E0A2F381D3","endMarkerType":0,"fills":[],"innerShadows":[],"miterLimit":10,"shadows":[],"startMarkerType":0,"windingRule":1}},{"_class":"shapePath","booleanOperation":-1,"clippingMaskMode":0,"do_objectID":"D38879E7-452F-4178-8D2D-68FA2AB5321D","edited":true,"frame":{"_class":"rect","constrainProportions":false,"height":93,"width":29,"x":42,"y":34},"hasClippingMask":false,"isClosed":true,"isFixedToViewport":false,"isFlippedHorizontal":false,"isFlippedVertical":false,"isLocked":false,"isVisible":true,"name":"Path","nameIsFixed":false,"pointRadiusBehaviour":1,"points":[{"_class":"curvePoint","cornerRadius":0,"curveFrom":"{0.3197530864197532, 1}","curveMode":2,"curveTo":"{0.68271604938271613, 1}","hasCurveFrom":true,"hasCurveTo":true,"point":"{0.5, 1}"},{"_class":"curvePoint","cornerRadius":0,"curveFrom":"{0.038271604938271697, 0.82224770642201839}","curveMode":2,"curveTo":"{0.19135802469135793, 0.96444954128440363}","hasCurveFrom":true,"hasCurveTo":true,"point":"{0.11481481481481481, 0.89334862385321101}"},{"_class":"curvePoint","cornerRadius":0,"curveFrom":"{0, 0.50229357798165142}","curveMode":4,"curveTo":"{0, 0.69189602446483178}","hasCurveFrom":false,"hasCurveTo":true,"point":"{0, 0.50229357798165142}"},{"_class":"curvePoint","cornerRadius":0,"curveFrom":"{0.0018896747233049138, 0.3047829946860669}","curveMode":4,"curveTo":"{6.8301496022656836e-05, 0.48841477058762528}","hasCurveFrom":true,"hasCurveTo":false,"point":"{6.8301496022656836e-05, 0.48841477058762528}"},{"_class":"curvePoint","cornerRadius":0,"curveFrom":"{0.19135802469135793, 0.035932721712538251}","curveMode":2,"curveTo":"{0.040138512496235811, 0.17791079286939665}","hasCurveFrom":true,"hasCurveTo":true,"point":"{0.11481481481481481, 0.10779816513761468}"},{"_class":"curvePoint","cornerRadius":0,"curveFrom":"{0.6802469135802468, 0}","curveMode":2,"curveTo":"{0.3197530864197532, 0}","hasCurveFrom":true,"hasCurveTo":true,"point":"{0.5, 0}"},{"_class":"curvePoint","cornerRadius":0,"curveFrom":"{0.96172839506172836, 0.18635321100917432}","curveMode":2,"curveTo":"{0.80864197530864201, 0.037270642201834861}","hasCurveFrom":true,"hasCurveTo":true,"point":"{0.88518518518518519, 0.11181192660550458}"},{"_class":"curvePoint","cornerRadius":0,"curveFrom":"{1, 0.68730886850152895}","curveMode":2,"curveTo":"{1, 0.3165137614678899}","hasCurveFrom":true,"hasCurveTo":true,"point":"{1, 0.50229357798165142}"},{"_class":"curvePoint","cornerRadius":0,"curveFrom":"{0.81172839506172834, 0.96330275229357798}","curveMode":2,"curveTo":"{0.9623456790123458, 0.8165137614678899}","hasCurveFrom":true,"hasCurveTo":true,"point":"{0.88703703703703707, 0.88990825688073394}"}],"resizingConstraint":63,"resizingType":0,"rotation":0,"shouldBreakMaskChain":false,"style":{"_class":"style","blur":{"_class":"blur","center":"{0.5, 0.5}","isEnabled":false,"motionAngle":0,"radius":10,"saturation":1,"type":0},"borderOptions":{"_class":"borderOptions","dashPattern":[],"isEnabled":true,"lineCapStyle":0,"lineJoinStyle":0},"borders":[],"colorControls":{"_class":"colorControls","brightness":0,"contrast":1,"hue":0,"isEnabled":false,"saturation":1},"contextSettings":{"_class":"graphicsContextSettings","blendMode":0,"opacity":1},"do_objectID":"A59E738C-F807-4684-BD39-C55455394181","endMarkerType":0,"fills":[],"innerShadows":[],"miterLimit":10,"shadows":[],"startMarkerType":0,"windingRule":1}}],"name":"0","nameIsFixed":false,"resizingConstraint":63,"resizingType":0,"rotation":0,"shouldBreakMaskChain":false,"style":{"_class":"style","blur":{"_class":"blur","center":"{0.5, 0.5}","isEnabled":false,"motionAngle":0,"radius":10,"saturation":1,"type":0},"borderOptions":{"_class":"borderOptions","dashPattern":[],"isEnabled":true,"lineCapStyle":0,"lineJoinStyle":0},"borders":[],"colorControls":{"_class":"colorControls","brightness":0,"contrast":1,"hue":0,"isEnabled":false,"saturation":1},"contextSettings":{"_class":"graphicsContextSettings","blendMode":0,"opacity":1},"do_objectID":"E85198A5-6534-4ACF-A611-9784AAB0E979","endMarkerType":0,"fills":[{"_class":"fill","color":{"_class":"color","alpha":1,"blue":1,"green":1,"red":1},"contextSettings":{"_class":"graphicsContextSettings","blendMode":0,"opacity":1},"fillType":0,"gradient":{"_class":"gradient","elipseLength":0,"from":"{0.5, 0}","gradientType":0,"stops":[{"_class":"gradientStop","color":{"_class":"color","alpha":1,"blue":1,"green":1,"red":1},"position":0},{"_class":"gradientStop","color":{"_class":"color","alpha":1,"blue":0,"green":0,"red":0},"position":1}],"to":"{0.5, 1}"},"isEnabled":true,"noiseIndex":0,"noiseIntensity":0,"patternFillType":1,"patternTileScale":1}],"innerShadows":[],"miterLimit":10,"shadows":[],"startMarkerType":0,"windingRule":0},"windingRule":0},{"_class":"group","booleanOperation":-1,"clippingMaskMode":0,"do_objectID":"90A60F4E-2B5D-4D1C-8D8E-3B40C930DD9D","frame":{"_class":"rect","constrainProportions":false,"height":80,"width":321,"x":99,"y":47},"groupLayout":{"_class":"MSImmutableFreeformGroupLayout"},"hasClickThrough":false,"hasClippingMask":false,"isFixedToViewport":false,"isFlippedHorizontal":false,"isFlippedVertical":false,"isLocked":false,"isVisible":true,"layers":[{"_class":"text","attributedString":{"_class":"attributedString","attributes":[{"_class":"stringAttribute","attributes":{"MSAttributedStringColorAttribute":{"_class":"color","alpha":1,"blue":0.7019607843137254,"green":0.6078431372549019,"red":0.5607843137254902},"MSAttributedStringFontAttribute":{"_class":"fontDescriptor","attributes":{"name":"OpenSans-SemiBold","size":15}},"paragraphStyle":{"_class":"paragraphStyle","alignment":0,"maximumLineHeight":24,"minimumLineHeight":24},"textStyleVerticalAlignmentKey":1},"length":37,"location":0}],"string":"There are different padding elements."},"automaticallyDrawOnUnderlyingPath":false,"booleanOperation":0,"clippingMaskMode":0,"do_objectID":"5F02A00F-DC6C-45EA-9997-C16F8B4DF60A","dontSynchroniseWithSymbol":false,"frame":{"_class":"rect","constrainProportions":false,"height":24,"width":275,"x":0,"y":56},"glyphBounds":"{{0, 6}, {274, 16}}","hasClippingMask":false,"isFixedToViewport":false,"isFlippedHorizontal":false,"isFlippedVertical":false,"isLocked":false,"isVisible":true,"lineSpacingBehaviour":3,"name":"There are different","nameIsFixed":false,"resizingConstraint":47,"resizingType":0,"rotation":0,"shouldBreakMaskChain":false,"style":{"_class":"style","blur":{"_class":"blur","center":"{0.5, 0.5}","isEnabled":false,"motionAngle":0,"radius":10,"saturation":1,"type":0},"borderOptions":{"_class":"borderOptions","dashPattern":[],"isEnabled":true,"lineCapStyle":0,"lineJoinStyle":0},"borders":[],"colorControls":{"_class":"colorControls","brightness":0,"contrast":1,"hue":0,"isEnabled":true,"saturation":1},"contextSettings":{"_class":"graphicsContextSettings","blendMode":0,"opacity":1},"do_objectID":"E196DA9D-411E-461B-B45D-ED2D1867D338","endMarkerType":0,"fills":[],"innerShadows":[],"miterLimit":10,"shadows":[],"startMarkerType":0,"textStyle":{"_class":"textStyle","encodedAttributes":{"MSAttributedStringColorAttribute":{"_class":"color","alpha":1,"blue":0.7019607843137254,"green":0.6078431372549019,"red":0.5607843137254902},"MSAttributedStringFontAttribute":{"_class":"fontDescriptor","attributes":{"name":"OpenSans-SemiBold","size":15}},"paragraphStyle":{"_class":"paragraphStyle","alignment":0,"maximumLineHeight":24,"minimumLineHeight":24},"textStyleVerticalAlignmentKey":1},"verticalAlignment":0},"windingRule":1},"textBehaviour":0,"userInfo":{"com.animaapp.stc-sketch-plugin":{"kModelPropertiesKey":{"isAutoWidth":1}}}},{"_class":"text","attributedString":{"_class":"attributedString","attributes":[{"_class":"stringAttribute","attributes":{"MSAttributedStringColorAttribute":{"_class":"color","alpha":1,"blue":0.2705882352941176,"green":0.1686274509803922,"red":0.1333333333333333},"MSAttributedStringFontAttribute":{"_class":"fontDescriptor","attributes":{"name":"AppleColorEmoji","size":36}},"paragraphStyle":{"_class":"paragraphStyle","alignment":0,"maximumLineHeight":48,"minimumLineHeight":48},"textStyleVerticalAlignmentKey":1},"length":3,"location":0},{"_class":"stringAttribute","attributes":{"MSAttributedStringColorAttribute":{"_class":"color","alpha":1,"blue":0.2705882352941176,"green":0.1686274509803922,"red":0.1333333333333333},"MSAttributedStringFontAttribute":{"_class":"fontDescriptor","attributes":{"name":"OpenSans-Bold","size":36}},"paragraphStyle":{"_class":"paragraphStyle","alignment":0,"maximumLineHeight":48,"minimumLineHeight":48},"textStyleVerticalAlignmentKey":1},"length":15,"location":3}],"string":"🖍️ Paddings Setup"},"automaticallyDrawOnUnderlyingPath":false,"booleanOperation":0,"clippingMaskMode":0,"do_objectID":"9DE04119-AA42-42DB-A6BB-E2B212316EB8","dontSynchroniseWithSymbol":false,"frame":{"_class":"rect","constrainProportions":false,"height":48,"width":321,"x":0,"y":0},"glyphBounds":"{{0, 6}, {320, 41}}","hasClippingMask":false,"isFixedToViewport":false,"isFlippedHorizontal":false,"isFlippedVertical":false,"isLocked":false,"isVisible":true,"lineSpacingBehaviour":3,"name":"🖍️ Paddings Setup","nameIsFixed":false,"resizingConstraint":47,"resizingType":0,"rotation":0,"shouldBreakMaskChain":false,"style":{"_class":"style","blur":{"_class":"blur","center":"{0.5, 0.5}","isEnabled":false,"motionAngle":0,"radius":10,"saturation":1,"type":0},"borderOptions":{"_class":"borderOptions","dashPattern":[],"isEnabled":true,"lineCapStyle":0,"lineJoinStyle":0},"borders":[],"colorControls":{"_class":"colorControls","brightness":0,"contrast":1,"hue":0,"isEnabled":true,"saturation":1},"contextSettings":{"_class":"graphicsContextSettings","blendMode":0,"opacity":1},"do_objectID":"56673B3A-36B6-4970-AD90-A63970ECD8C3","endMarkerType":0,"fills":[],"innerShadows":[],"miterLimit":10,"shadows":[],"startMarkerType":0,"textStyle":{"_class":"textStyle","encodedAttributes":{"MSAttributedStringColorAttribute":{"_class":"color","alpha":1,"blue":0.2705882352941176,"green":0.1686274509803922,"red":0.1333333333333333},"MSAttributedStringFontAttribute":{"_class":"fontDescriptor","attributes":{"name":"AppleColorEmoji","size":36}},"paragraphStyle":{"_class":"paragraphStyle","alignment":0,"maximumLineHeight":48,"minimumLineHeight":48},"textStyleVerticalAlignmentKey":1},"verticalAlignment":0},"windingRule":1},"textBehaviour":0,"userInfo":{"com.animaapp.stc-sketch-plugin":{"kModelPropertiesKey":{"isAutoWidth":1}}}}],"name":"Group","nameIsFixed":false,"resizingConstraint":63,"resizingType":0,"rotation":0,"shouldBreakMaskChain":false,"style":{"_class":"style","blur":{"_class":"blur","center":"{0.5, 0.5}","isEnabled":false,"motionAngle":0,"radius":10,"saturation":1,"type":0},"borderOptions":{"_class":"borderOptions","dashPattern":[],"isEnabled":true,"lineCapStyle":0,"lineJoinStyle":0},"borders":[],"colorControls":{"_class":"colorControls","brightness":0,"contrast":1,"hue":0,"isEnabled":true,"saturation":1},"contextSettings":{"_class":"graphicsContextSettings","blendMode":0,"opacity":1},"do_objectID":"946333B3-E9E6-465D-9E7F-E3DF27E15799","endMarkerType":0,"fills":[],"innerShadows":[],"miterLimit":10,"shadows":[],"startMarkerType":0,"windingRule":1}}],"name":"Group 2","nameIsFixed":false,"resizingConstraint":63,"resizingType":0,"rotation":0,"shouldBreakMaskChain":false,"style":{"_class":"style","blur":{"_class":"blur","center":"{0.5, 0.5}","isEnabled":false,"motionAngle":0,"radius":10,"saturation":1,"type":0},"borderOptions":{"_class":"borderOptions","dashPattern":[],"isEnabled":true,"lineCapStyle":0,"lineJoinStyle":0},"borders":[],"colorControls":{"_class":"colorControls","brightness":0,"contrast":1,"hue":0,"isEnabled":true,"saturation":1},"contextSettings":{"_class":"graphicsContextSettings","blendMode":0,"opacity":1},"do_objectID":"6BBBD47D-E346-4EC4-B6C0-249EA0F079B9","endMarkerType":0,"fills":[],"innerShadows":[],"miterLimit":10,"shadows":[],"startMarkerType":0,"windingRule":1}},{"_class":"text","attributedString":{"_class":"attributedString","attributes":[{"_class":"stringAttribute","attributes":{"MSAttributedStringColorAttribute":{"_class":"color","alpha":1,"blue":0.2705882352941176,"green":0.1686274509803922,"red":0.1333333333333333},"MSAttributedStringFontAttribute":{"_class":"fontDescriptor","attributes":{"name":"OpenSans-Bold","size":26}},"paragraphStyle":{"_class":"paragraphStyle","alignment":0,"maximumLineHeight":32,"minimumLineHeight":32},"textStyleVerticalAlignmentKey":1},"length":13,"location":0}],"string":"Type Paddings"},"automaticallyDrawOnUnderlyingPath":false,"booleanOperation":-1,"clippingMaskMode":0,"do_objectID":"DBC58206-B8CA-466B-803E-E1FFF069BCD3","dontSynchroniseWithSymbol":false,"frame":{"_class":"rect","constrainProportions":false,"height":32,"width":282,"x":89,"y":218},"glyphBounds":"{{0, 6}, {185, 27}}","hasClippingMask":false,"isFixedToViewport":false,"isFlippedHorizontal":false,"isFlippedVertical":false,"isLocked":false,"isVisible":true,"lineSpacingBehaviour":3,"name":"Type Paddings","nameIsFixed":false,"resizingConstraint":47,"resizingType":0,"rotation":0,"shouldBreakMaskChain":false,"style":{"_class":"style","blur":{"_class":"blur","center":"{0.5, 0.5}","isEnabled":false,"motionAngle":0,"radius":10,"saturation":1,"type":0},"borderOptions":{"_class":"borderOptions","dashPattern":[],"isEnabled":true,"lineCapStyle":0,"lineJoinStyle":0},"borders":[],"colorControls":{"_class":"colorControls","brightness":0,"contrast":1,"hue":0,"isEnabled":true,"saturation":1},"contextSettings":{"_class":"graphicsContextSettings","blendMode":0,"opacity":1},"do_objectID":"9D02E7D8-9BDE-48E2-AA4E-F5B626245F40","endMarkerType":0,"fills":[],"innerShadows":[],"miterLimit":10,"shadows":[],"startMarkerType":0,"textStyle":{"_class":"textStyle","encodedAttributes":{"MSAttributedStringColorAttribute":{"_class":"color","alpha":1,"blue":0.2705882352941176,"green":0.1686274509803922,"red":0.1333333333333333},"MSAttributedStringFontAttribute":{"_class":"fontDescriptor","attributes":{"name":"OpenSans-Bold","size":26}},"paragraphStyle":{"_class":"paragraphStyle","alignment":0,"maximumLineHeight":32,"minimumLineHeight":32},"textStyleVerticalAlignmentKey":1},"verticalAlignment":0},"windingRule":1},"textBehaviour":2},{"_class":"group","booleanOperation":-1,"clippingMaskMode":0,"do_objectID":"8DA68182-AB9C-49DC-A9E4-AE9F10889C8B","frame":{"_class":"rect","constrainProportions":false,"height":2,"width":513,"x":0,"y":193},"groupLayout":{"_class":"MSImmutableFreeformGroupLayout"},"hasClickThrough":false,"hasClippingMask":false,"isFixedToViewport":false,"isFlippedHorizontal":false,"isFlippedVertical":false,"isLocked":false,"isVisible":true,"layers":[{"_class":"rectangle","booleanOperation":-1,"clippingMaskMode":0,"do_objectID":"337651CE-C417-42E8-91E5-B6F5D9BDBD70","edited":false,"fixedRadius":0,"frame":{"_class":"rect","constrainProportions":false,"height":2,"width":513,"x":0,"y":0},"hasClippingMask":true,"hasConvertedToNewRoundCorners":true,"isClosed":true,"isFixedToViewport":false,"isFlippedHorizontal":false,"isFlippedVertical":false,"isLocked":false,"isVisible":true,"name":"🎨 Divider Color","nameIsFixed":true,"needsConvertionToNewRoundCorners":false,"pointRadiusBehaviour":1,"points":[{"_class":"curvePoint","cornerRadius":0,"curveFrom":"{0, 0}","curveMode":1,"curveTo":"{0, 0}","hasCurveFrom":false,"hasCurveTo":false,"point":"{0, 0}"},{"_class":"curvePoint","cornerRadius":0,"curveFrom":"{1, 0}","curveMode":1,"curveTo":"{1, 0}","hasCurveFrom":false,"hasCurveTo":false,"point":"{1, 0}"},{"_class":"curvePoint","cornerRadius":0,"curveFrom":"{1, 1}","curveMode":1,"curveTo":"{1, 1}","hasCurveFrom":false,"hasCurveTo":false,"point":"{1, 1}"},{"_class":"curvePoint","cornerRadius":0,"curveFrom":"{0, 1}","curveMode":1,"curveTo":"{0, 1}","hasCurveFrom":false,"hasCurveTo":false,"point":"{0, 1}"}],"resizingConstraint":15,"resizingType":0,"rotation":0,"shouldBreakMaskChain":false,"style":{"_class":"style","blur":{"_class":"blur","center":"{0.5, 0.5}","isEnabled":false,"motionAngle":0,"radius":10,"saturation":1,"type":0},"borderOptions":{"_class":"borderOptions","dashPattern":[],"isEnabled":true,"lineCapStyle":0,"lineJoinStyle":0},"borders":[{"_class":"border","color":{"_class":"color","alpha":1,"blue":0.592,"green":0.592,"red":0.592},"contextSettings":{"_class":"graphicsContextSettings","blendMode":0,"opacity":1},"fillType":0,"gradient":{"_class":"gradient","elipseLength":0,"from":"{0.5, 0}","gradientType":0,"stops":[{"_class":"gradientStop","color":{"_class":"color","alpha":1,"blue":1,"green":1,"red":1},"position":0},{"_class":"gradientStop","color":{"_class":"color","alpha":1,"blue":0,"green":0,"red":0},"position":1}],"to":"{0.5, 1}"},"isEnabled":false,"position":1,"thickness":1}],"colorControls":{"_class":"colorControls","brightness":0,"contrast":1,"hue":0,"isEnabled":true,"saturation":1},"contextSettings":{"_class":"graphicsContextSettings","blendMode":0,"opacity":1},"do_objectID":"0B2B778B-2888-4D29-B2C8-3E5E5629A47B","endMarkerType":0,"fills":[{"_class":"fill","color":{"_class":"color","alpha":1,"blue":0.9529411764705882,"green":0.9568627450980391,"red":0.9568627450980391},"contextSettings":{"_class":"graphicsContextSettings","blendMode":0,"opacity":1},"fillType":0,"gradient":{"_class":"gradient","elipseLength":0,"from":"{0.5, 0}","gradientType":0,"stops":[{"_class":"gradientStop","color":{"_class":"color","alpha":1,"blue":1,"green":1,"red":1},"position":0},{"_class":"gradientStop","color":{"_class":"color","alpha":1,"blue":0,"green":0,"red":0},"position":1}],"to":"{0.5, 1}"},"isEnabled":true,"noiseIndex":0,"noiseIntensity":0,"patternFillType":1,"patternTileScale":1}],"innerShadows":[],"miterLimit":10,"shadows":[],"startMarkerType":0,"windingRule":1},"userInfo":{"com.animaapp.stc-sketch-plugin":{"kModelPropertiesKey":{}}}}],"name":"20) Divider/ ━ 2px","nameIsFixed":false,"resizingConstraint":63,"resizingType":0,"rotation":0,"shouldBreakMaskChain":false,"style":{"_class":"style","blur":{"_class":"blur","center":"{0.5, 0.5}","isEnabled":false,"motionAngle":0,"radius":10,"saturation":1,"type":0},"borderOptions":{"_class":"borderOptions","dashPattern":[],"isEnabled":true,"lineCapStyle":0,"lineJoinStyle":0},"borders":[],"colorControls":{"_class":"colorControls","brightness":0,"contrast":1,"hue":0,"isEnabled":true,"saturation":1},"contextSettings":{"_class":"graphicsContextSettings","blendMode":0,"opacity":1},"do_objectID":"2F33939A-AB3C-449B-B5CE-AEEBCB8F0FBA","endMarkerType":0,"fills":[],"innerShadows":[],"miterLimit":10,"shadows":[],"startMarkerType":0,"windingRule":1},"userInfo":{"com.bohemiancoding.sketchtool.detach":{"symbolInstance":{"do_objectID":"120E648E-15E4-478A-96C3-275281689E9D","frame":{"_class":"rect","constrainProportions":false,"height":1,"width":513,"x":0,"y":193}},"symbolMaster":{"do_objectID":"C8571338-3297-4E66-8428-198BD426F589","symbolID":"B5C99A05-C172-4688-8B17-1A02D0176BB0"}},"com.sketch.detach":{"symbolInstance":{"do_objectID":"120E648E-15E4-478A-96C3-275281689E9D","frame":{"_class":"rect","constrainProportions":false,"height":1,"width":513,"x":0,"y":193}},"symbolMaster":{"do_objectID":"C8571338-3297-4E66-8428-198BD426F589","symbolID":"B5C99A05-C172-4688-8B17-1A02D0176BB0"}}}},{"_class":"symbolInstance","booleanOperation":-1,"clippingMaskMode":0,"do_objectID":"7A2743E1-B162-4208-B57A-49F9D80F374F","frame":{"_class":"rect","constrainProportions":false,"height":48,"width":48,"x":156,"y":578},"hasClippingMask":false,"horizontalSpacing":0,"isFixedToViewport":false,"isFlippedHorizontal":false,"isFlippedVertical":false,"isLocked":false,"isVisible":true,"name":"Paddings/XXLarge","nameIsFixed":false,"overrideValues":[],"resizingConstraint":63,"resizingType":0,"rotation":0,"scale":1,"shouldBreakMaskChain":false,"style":{"_class":"style","blur":{"_class":"blur","center":"{0.5, 0.5}","isEnabled":false,"motionAngle":0,"radius":10,"saturation":1,"type":0},"borderOptions":{"_class":"borderOptions","dashPattern":[],"isEnabled":true,"lineCapStyle":0,"lineJoinStyle":0},"borders":[],"colorControls":{"_class":"colorControls","brightness":0,"contrast":1,"hue":0,"isEnabled":false,"saturation":1},"contextSettings":{"_class":"graphicsContextSettings","blendMode":0,"opacity":1},"do_objectID":"A7AB146F-343B-40E8-A0FB-4D92AA814062","endMarkerType":0,"fills":[],"innerShadows":[],"miterLimit":10,"shadows":[],"startMarkerType":0,"windingRule":1},"symbolID":"448C8019-7729-416E-A481-3022FDB36143","verticalSpacing":0},{"_class":"symbolInstance","booleanOperation":-1,"clippingMaskMode":0,"do_objectID":"B469AFD2-631F-4C26-BE7B-6C78BE1AC2E3","frame":{"_class":"rect","constrainProportions":false,"height":40,"width":40,"x":156,"y":514},"hasClippingMask":false,"horizontalSpacing":0,"isFixedToViewport":false,"isFlippedHorizontal":false,"isFlippedVertical":false,"isLocked":false,"isVisible":true,"name":"Paddings/XLarge","nameIsFixed":false,"overrideValues":[],"resizingConstraint":63,"resizingType":0,"rotation":0,"scale":1,"shouldBreakMaskChain":false,"style":{"_class":"style","blur":{"_class":"blur","center":"{0.5, 0.5}","isEnabled":false,"motionAngle":0,"radius":10,"saturation":1,"type":0},"borderOptions":{"_class":"borderOptions","dashPattern":[],"isEnabled":true,"lineCapStyle":0,"lineJoinStyle":0},"borders":[],"colorControls":{"_class":"colorControls","brightness":0,"contrast":1,"hue":0,"isEnabled":false,"saturation":1},"contextSettings":{"_class":"graphicsContextSettings","blendMode":0,"opacity":1},"do_objectID":"4BD6FAF5-C96D-4203-91A7-27014C7A62AF","endMarkerType":0,"fills":[],"innerShadows":[],"miterLimit":10,"shadows":[],"startMarkerType":0,"windingRule":1},"symbolID":"82E5FA15-FB31-4E9A-B6D7-EA8503917613","verticalSpacing":0},{"_class":"symbolInstance","booleanOperation":-1,"clippingMaskMode":0,"do_objectID":"B00AA7F5-CC16-4CAC-9EB3-85D24399C3B0","frame":{"_class":"rect","constrainProportions":false,"height":32,"width":32,"x":156,"y":458},"hasClippingMask":false,"horizontalSpacing":0,"isFixedToViewport":false,"isFlippedHorizontal":false,"isFlippedVertical":false,"isLocked":false,"isVisible":true,"name":"Paddings/Large","nameIsFixed":false,"overrideValues":[],"resizingConstraint":63,"resizingType":0,"rotation":0,"scale":1,"shouldBreakMaskChain":false,"style":{"_class":"style","blur":{"_class":"blur","center":"{0.5, 0.5}","isEnabled":false,"motionAngle":0,"radius":10,"saturation":1,"type":0},"borderOptions":{"_class":"borderOptions","dashPattern":[],"isEnabled":true,"lineCapStyle":0,"lineJoinStyle":0},"borders":[],"colorControls":{"_class":"colorControls","brightness":0,"contrast":1,"hue":0,"isEnabled":false,"saturation":1},"contextSettings":{"_class":"graphicsContextSettings","blendMode":0,"opacity":1},"do_objectID":"28D6B3DF-C809-4E32-A2A8-242FA2C070E6","endMarkerType":0,"fills":[],"innerShadows":[],"miterLimit":10,"shadows":[],"startMarkerType":0,"windingRule":1},"symbolID":"0144D062-C3D0-4C96-BBE1-3C1AC202C0EA","verticalSpacing":0},{"_class":"symbolInstance","booleanOperation":-1,"clippingMaskMode":0,"do_objectID":"40B87B94-4B3F-4362-B87A-D0172CE203C4","frame":{"_class":"rect","constrainProportions":false,"height":24,"width":24,"x":156,"y":410},"hasClippingMask":false,"horizontalSpacing":0,"isFixedToViewport":false,"isFlippedHorizontal":false,"isFlippedVertical":false,"isLocked":false,"isVisible":true,"name":"Paddings/Medium","nameIsFixed":false,"overrideValues":[],"resizingConstraint":63,"resizingType":0,"rotation":0,"scale":1,"shouldBreakMaskChain":false,"style":{"_class":"style","blur":{"_class":"blur","center":"{0.5, 0.5}","isEnabled":false,"motionAngle":0,"radius":10,"saturation":1,"type":0},"borderOptions":{"_class":"borderOptions","dashPattern":[],"isEnabled":true,"lineCapStyle":0,"lineJoinStyle":0},"borders":[],"colorControls":{"_class":"colorControls","brightness":0,"contrast":1,"hue":0,"isEnabled":false,"saturation":1},"contextSettings":{"_class":"graphicsContextSettings","blendMode":0,"opacity":1},"do_objectID":"DBA663E2-045A-415F-BEF0-89F2FC80542E","endMarkerType":0,"fills":[],"innerShadows":[],"miterLimit":10,"shadows":[],"startMarkerType":0,"windingRule":1},"symbolID":"EDA9ACE4-6E91-4E30-B53F-C8F35DB3711E","verticalSpacing":0},{"_class":"symbolInstance","booleanOperation":-1,"clippingMaskMode":0,"do_objectID":"4188117B-9C22-4C67-A42C-D90543EBA713","frame":{"_class":"rect","constrainProportions":false,"height":16,"width":16,"x":156,"y":366},"hasClippingMask":false,"horizontalSpacing":0,"isFixedToViewport":false,"isFlippedHorizontal":false,"isFlippedVertical":false,"isLocked":false,"isVisible":true,"name":"Paddings/Small","nameIsFixed":false,"overrideValues":[],"resizingConstraint":63,"resizingType":0,"rotation":0,"scale":1,"shouldBreakMaskChain":false,"style":{"_class":"style","blur":{"_class":"blur","center":"{0.5, 0.5}","isEnabled":false,"motionAngle":0,"radius":10,"saturation":1,"type":0},"borderOptions":{"_class":"borderOptions","dashPattern":[],"isEnabled":true,"lineCapStyle":0,"lineJoinStyle":0},"borders":[],"colorControls":{"_class":"colorControls","brightness":0,"contrast":1,"hue":0,"isEnabled":false,"saturation":1},"contextSettings":{"_class":"graphicsContextSettings","blendMode":0,"opacity":1},"do_objectID":"88411B8E-1259-4E04-A137-EB567E9F8EF6","endMarkerType":0,"fills":[],"innerShadows":[],"miterLimit":10,"shadows":[],"startMarkerType":0,"windingRule":1},"symbolID":"380488A9-B464-4A80-8F64-5B20895BFF4E","verticalSpacing":0},{"_class":"symbolInstance","booleanOperation":-1,"clippingMaskMode":0,"do_objectID":"8C5884BD-4849-47A1-9291-CA0184EAF7B7","frame":{"_class":"rect","constrainProportions":false,"height":8,"width":8,"x":156,"y":322},"hasClippingMask":false,"horizontalSpacing":0,"isFixedToViewport":false,"isFlippedHorizontal":false,"isFlippedVertical":false,"isLocked":false,"isVisible":true,"name":"Paddings/XSmall","nameIsFixed":false,"overrideValues":[],"resizingConstraint":63,"resizingType":0,"rotation":0,"scale":1,"shouldBreakMaskChain":false,"style":{"_class":"style","blur":{"_class":"blur","center":"{0.5, 0.5}","isEnabled":false,"motionAngle":0,"radius":10,"saturation":1,"type":0},"borderOptions":{"_class":"borderOptions","dashPattern":[],"isEnabled":true,"lineCapStyle":0,"lineJoinStyle":0},"borders":[],"colorControls":{"_class":"colorControls","brightness":0,"contrast":1,"hue":0,"isEnabled":false,"saturation":1},"contextSettings":{"_class":"graphicsContextSettings","blendMode":0,"opacity":1},"do_objectID":"C80BE7DF-5F89-4E77-88B0-F2B289983256","endMarkerType":0,"fills":[],"innerShadows":[],"miterLimit":10,"shadows":[],"startMarkerType":0,"windingRule":1},"symbolID":"C3A7DCB3-7EF2-4A7F-BF92-6801DA70B244","verticalSpacing":0},{"_class":"text","attributedString":{"_class":"attributedString","attributes":[{"_class":"stringAttribute","attributes":{"MSAttributedStringColorAttribute":{"_class":"color","alpha":1,"blue":0.7019607843137254,"green":0.6078431372549019,"red":0.5607843137254902},"MSAttributedStringFontAttribute":{"_class":"fontDescriptor","attributes":{"name":"OpenSans-SemiBold","size":15}},"paragraphStyle":{"_class":"paragraphStyle","alignment":1,"maximumLineHeight":24,"minimumLineHeight":24},"textStyleVerticalAlignmentKey":1},"length":6,"location":0}],"string":"XSmall"},"automaticallyDrawOnUnderlyingPath":false,"booleanOperation":0,"clippingMaskMode":0,"do_objectID":"CF5B170D-7E00-43DE-BF20-6AAA021B94D5","dontSynchroniseWithSymbol":false,"frame":{"_class":"rect","constrainProportions":false,"height":24,"width":49,"x":91,"y":314},"glyphBounds":"{{0, 6}, {48, 13}}","hasClippingMask":false,"isFixedToViewport":false,"isFlippedHorizontal":false,"isFlippedVertical":false,"isLocked":false,"isVisible":true,"lineSpacingBehaviour":3,"name":"XSmall","nameIsFixed":false,"resizingConstraint":47,"resizingType":0,"rotation":0,"shouldBreakMaskChain":false,"style":{"_class":"style","blur":{"_class":"blur","center":"{0.5, 0.5}","isEnabled":false,"motionAngle":0,"radius":10,"saturation":1,"type":0},"borderOptions":{"_class":"borderOptions","dashPattern":[],"isEnabled":true,"lineCapStyle":0,"lineJoinStyle":0},"borders":[],"colorControls":{"_class":"colorControls","brightness":0,"contrast":1,"hue":0,"isEnabled":true,"saturation":1},"contextSettings":{"_class":"graphicsContextSettings","blendMode":0,"opacity":1},"do_objectID":"B399ED87-F3B2-4E7E-A70A-69FDF3CE7451","endMarkerType":0,"fills":[],"innerShadows":[],"miterLimit":10,"shadows":[],"startMarkerType":0,"textStyle":{"_class":"textStyle","encodedAttributes":{"MSAttributedStringColorAttribute":{"_class":"color","alpha":1,"blue":0.7019607843137254,"green":0.6078431372549019,"red":0.5607843137254902},"MSAttributedStringFontAttribute":{"_class":"fontDescriptor","attributes":{"name":"OpenSans-SemiBold","size":15}},"paragraphStyle":{"_class":"paragraphStyle","alignment":1,"maximumLineHeight":24,"minimumLineHeight":24},"textStyleVerticalAlignmentKey":1},"verticalAlignment":0},"windingRule":1},"textBehaviour":0,"userInfo":{"com.animaapp.stc-sketch-plugin":{"kModelPropertiesKey":{"isAutoWidth":1}}}},{"_class":"text","attributedString":{"_class":"attributedString","attributes":[{"_class":"stringAttribute","attributes":{"MSAttributedStringColorAttribute":{"_class":"color","alpha":1,"blue":0.7019607843137254,"green":0.6078431372549019,"red":0.5607843137254902},"MSAttributedStringFontAttribute":{"_class":"fontDescriptor","attributes":{"name":"OpenSans-SemiBold","size":15}},"paragraphStyle":{"_class":"paragraphStyle","alignment":0,"maximumLineHeight":24,"minimumLineHeight":24},"textStyleVerticalAlignmentKey":1},"length":5,"location":0}],"string":"Small"},"automaticallyDrawOnUnderlyingPath":false,"booleanOperation":0,"clippingMaskMode":0,"do_objectID":"EFB74C30-69F3-4004-9B47-3100E8C88F15","dontSynchroniseWithSymbol":false,"frame":{"_class":"rect","constrainProportions":false,"height":24,"width":40,"x":100,"y":362},"glyphBounds":"{{0, 6}, {39, 13}}","hasClippingMask":false,"isFixedToViewport":false,"isFlippedHorizontal":false,"isFlippedVertical":false,"isLocked":false,"isVisible":true,"lineSpacingBehaviour":3,"name":"Small","nameIsFixed":false,"resizingConstraint":47,"resizingType":0,"rotation":0,"shouldBreakMaskChain":false,"style":{"_class":"style","blur":{"_class":"blur","center":"{0.5, 0.5}","isEnabled":false,"motionAngle":0,"radius":10,"saturation":1,"type":0},"borderOptions":{"_class":"borderOptions","dashPattern":[],"isEnabled":true,"lineCapStyle":0,"lineJoinStyle":0},"borders":[],"colorControls":{"_class":"colorControls","brightness":0,"contrast":1,"hue":0,"isEnabled":true,"saturation":1},"contextSettings":{"_class":"graphicsContextSettings","blendMode":0,"opacity":1},"do_objectID":"05F7F44D-858E-4D80-896E-50CEBE198BE4","endMarkerType":0,"fills":[],"innerShadows":[],"miterLimit":10,"shadows":[],"startMarkerType":0,"textStyle":{"_class":"textStyle","encodedAttributes":{"MSAttributedStringColorAttribute":{"_class":"color","alpha":1,"blue":0.7019607843137254,"green":0.6078431372549019,"red":0.5607843137254902},"MSAttributedStringFontAttribute":{"_class":"fontDescriptor","attributes":{"name":"OpenSans-SemiBold","size":15}},"paragraphStyle":{"_class":"paragraphStyle","alignment":0,"maximumLineHeight":24,"minimumLineHeight":24},"textStyleVerticalAlignmentKey":1},"verticalAlignment":0},"windingRule":1},"textBehaviour":0,"userInfo":{"com.animaapp.stc-sketch-plugin":{"kModelPropertiesKey":{"isAutoWidth":1}}}},{"_class":"text","attributedString":{"_class":"attributedString","attributes":[{"_class":"stringAttribute","attributes":{"MSAttributedStringColorAttribute":{"_class":"color","alpha":1,"blue":0.7019607843137254,"green":0.6078431372549019,"red":0.5607843137254902},"MSAttributedStringFontAttribute":{"_class":"fontDescriptor","attributes":{"name":"OpenSans-SemiBold","size":15}},"paragraphStyle":{"_class":"paragraphStyle","alignment":0,"maximumLineHeight":24,"minimumLineHeight":24},"textStyleVerticalAlignmentKey":1},"length":6,"location":0}],"string":"Medium"},"automaticallyDrawOnUnderlyingPath":false,"booleanOperation":0,"clippingMaskMode":0,"do_objectID":"74F4DA83-BA31-4D12-A0B4-07C69A95E827","dontSynchroniseWithSymbol":false,"frame":{"_class":"rect","constrainProportions":false,"height":24,"width":60,"x":80,"y":410},"glyphBounds":"{{1, 6}, {58, 13}}","hasClippingMask":false,"isFixedToViewport":false,"isFlippedHorizontal":false,"isFlippedVertical":false,"isLocked":false,"isVisible":true,"lineSpacingBehaviour":3,"name":"Medium","nameIsFixed":false,"resizingConstraint":47,"resizingType":0,"rotation":0,"shouldBreakMaskChain":false,"style":{"_class":"style","blur":{"_class":"blur","center":"{0.5, 0.5}","isEnabled":false,"motionAngle":0,"radius":10,"saturation":1,"type":0},"borderOptions":{"_class":"borderOptions","dashPattern":[],"isEnabled":true,"lineCapStyle":0,"lineJoinStyle":0},"borders":[],"colorControls":{"_class":"colorControls","brightness":0,"contrast":1,"hue":0,"isEnabled":true,"saturation":1},"contextSettings":{"_class":"graphicsContextSettings","blendMode":0,"opacity":1},"do_objectID":"6CECF683-FF8A-42D8-A304-DDD205EFA3DF","endMarkerType":0,"fills":[],"innerShadows":[],"miterLimit":10,"shadows":[],"startMarkerType":0,"textStyle":{"_class":"textStyle","encodedAttributes":{"MSAttributedStringColorAttribute":{"_class":"color","alpha":1,"blue":0.7019607843137254,"green":0.6078431372549019,"red":0.5607843137254902},"MSAttributedStringFontAttribute":{"_class":"fontDescriptor","attributes":{"name":"OpenSans-SemiBold","size":15}},"paragraphStyle":{"_class":"paragraphStyle","alignment":0,"maximumLineHeight":24,"minimumLineHeight":24},"textStyleVerticalAlignmentKey":1},"verticalAlignment":0},"windingRule":1},"textBehaviour":0,"userInfo":{"com.animaapp.stc-sketch-plugin":{"kModelPropertiesKey":{"isAutoWidth":1}}}},{"_class":"text","attributedString":{"_class":"attributedString","attributes":[{"_class":"stringAttribute","attributes":{"MSAttributedStringColorAttribute":{"_class":"color","alpha":1,"blue":0.7019607843137254,"green":0.6078431372549019,"red":0.5607843137254902},"MSAttributedStringFontAttribute":{"_class":"fontDescriptor","attributes":{"name":"OpenSans-SemiBold","size":15}},"paragraphStyle":{"_class":"paragraphStyle","alignment":1,"maximumLineHeight":24,"minimumLineHeight":24},"textStyleVerticalAlignmentKey":1},"length":5,"location":0}],"string":"Large"},"automaticallyDrawOnUnderlyingPath":false,"booleanOperation":0,"clippingMaskMode":0,"do_objectID":"5CE802D7-1A81-4847-992B-82AB7F939F69","dontSynchroniseWithSymbol":false,"frame":{"_class":"rect","constrainProportions":false,"height":24,"width":41,"x":99,"y":462},"glyphBounds":"{{1, 7}, {39, 15}}","hasClippingMask":false,"isFixedToViewport":false,"isFlippedHorizontal":false,"isFlippedVertical":false,"isLocked":false,"isVisible":true,"lineSpacingBehaviour":3,"name":"Large","nameIsFixed":false,"resizingConstraint":47,"resizingType":0,"rotation":0,"shouldBreakMaskChain":false,"style":{"_class":"style","blur":{"_class":"blur","center":"{0.5, 0.5}","isEnabled":false,"motionAngle":0,"radius":10,"saturation":1,"type":0},"borderOptions":{"_class":"borderOptions","dashPattern":[],"isEnabled":true,"lineCapStyle":0,"lineJoinStyle":0},"borders":[],"colorControls":{"_class":"colorControls","brightness":0,"contrast":1,"hue":0,"isEnabled":true,"saturation":1},"contextSettings":{"_class":"graphicsContextSettings","blendMode":0,"opacity":1},"do_objectID":"CCD3D951-1840-49CC-B9E8-8B2649ACFA5A","endMarkerType":0,"fills":[],"innerShadows":[],"miterLimit":10,"shadows":[],"startMarkerType":0,"textStyle":{"_class":"textStyle","encodedAttributes":{"MSAttributedStringColorAttribute":{"_class":"color","alpha":1,"blue":0.7019607843137254,"green":0.6078431372549019,"red":0.5607843137254902},"MSAttributedStringFontAttribute":{"_class":"fontDescriptor","attributes":{"name":"OpenSans-SemiBold","size":15}},"paragraphStyle":{"_class":"paragraphStyle","alignment":1,"maximumLineHeight":24,"minimumLineHeight":24},"textStyleVerticalAlignmentKey":1},"verticalAlignment":0},"windingRule":1},"textBehaviour":0,"userInfo":{"com.animaapp.stc-sketch-plugin":{"kModelPropertiesKey":{"isAutoWidth":1}}}},{"_class":"text","attributedString":{"_class":"attributedString","attributes":[{"_class":"stringAttribute","attributes":{"MSAttributedStringColorAttribute":{"_class":"color","alpha":1,"blue":0.7019607843137254,"green":0.6078431372549019,"red":0.5607843137254902},"MSAttributedStringFontAttribute":{"_class":"fontDescriptor","attributes":{"name":"OpenSans-SemiBold","size":15}},"paragraphStyle":{"_class":"paragraphStyle","alignment":0,"maximumLineHeight":24,"minimumLineHeight":24},"textStyleVerticalAlignmentKey":1},"length":6,"location":0}],"string":"XLarge"},"automaticallyDrawOnUnderlyingPath":false,"booleanOperation":0,"clippingMaskMode":0,"do_objectID":"EEFDCA18-7B86-4F11-89CC-8643E0069515","dontSynchroniseWithSymbol":false,"frame":{"_class":"rect","constrainProportions":false,"height":24,"width":50,"x":90,"y":522},"glyphBounds":"{{0, 7}, {49, 15}}","hasClippingMask":false,"isFixedToViewport":false,"isFlippedHorizontal":false,"isFlippedVertical":false,"isLocked":false,"isVisible":true,"lineSpacingBehaviour":3,"name":"XLarge","nameIsFixed":false,"resizingConstraint":47,"resizingType":0,"rotation":0,"shouldBreakMaskChain":false,"style":{"_class":"style","blur":{"_class":"blur","center":"{0.5, 0.5}","isEnabled":false,"motionAngle":0,"radius":10,"saturation":1,"type":0},"borderOptions":{"_class":"borderOptions","dashPattern":[],"isEnabled":true,"lineCapStyle":0,"lineJoinStyle":0},"borders":[],"colorControls":{"_class":"colorControls","brightness":0,"contrast":1,"hue":0,"isEnabled":true,"saturation":1},"contextSettings":{"_class":"graphicsContextSettings","blendMode":0,"opacity":1},"do_objectID":"0F6D20F2-6AE2-4BF2-9901-3933E8FB91F1","endMarkerType":0,"fills":[],"innerShadows":[],"miterLimit":10,"shadows":[],"startMarkerType":0,"textStyle":{"_class":"textStyle","encodedAttributes":{"MSAttributedStringColorAttribute":{"_class":"color","alpha":1,"blue":0.7019607843137254,"green":0.6078431372549019,"red":0.5607843137254902},"MSAttributedStringFontAttribute":{"_class":"fontDescriptor","attributes":{"name":"OpenSans-SemiBold","size":15}},"paragraphStyle":{"_class":"paragraphStyle","alignment":0,"maximumLineHeight":24,"minimumLineHeight":24},"textStyleVerticalAlignmentKey":1},"verticalAlignment":0},"windingRule":1},"textBehaviour":0,"userInfo":{"com.animaapp.stc-sketch-plugin":{"kModelPropertiesKey":{"isAutoWidth":1}}}},{"_class":"text","attributedString":{"_class":"attributedString","attributes":[{"_class":"stringAttribute","attributes":{"MSAttributedStringColorAttribute":{"_class":"color","alpha":1,"blue":0.7019607843137254,"green":0.6078431372549019,"red":0.5607843137254902},"MSAttributedStringFontAttribute":{"_class":"fontDescriptor","attributes":{"name":"OpenSans-SemiBold","size":15}},"paragraphStyle":{"_class":"paragraphStyle","alignment":0,"maximumLineHeight":24,"minimumLineHeight":24},"textStyleVerticalAlignmentKey":1},"length":7,"location":0}],"string":"XXLarge"},"automaticallyDrawOnUnderlyingPath":false,"booleanOperation":0,"clippingMaskMode":0,"do_objectID":"06F59633-AED0-4896-8183-4F05BD85C38C","dontSynchroniseWithSymbol":false,"frame":{"_class":"rect","constrainProportions":false,"height":24,"width":59,"x":81,"y":590},"glyphBounds":"{{0, 7}, {59, 15}}","hasClippingMask":false,"isFixedToViewport":false,"isFlippedHorizontal":false,"isFlippedVertical":false,"isLocked":false,"isVisible":true,"lineSpacingBehaviour":3,"name":"XXLarge","nameIsFixed":false,"resizingConstraint":47,"resizingType":0,"rotation":0,"shouldBreakMaskChain":false,"style":{"_class":"style","blur":{"_class":"blur","center":"{0.5, 0.5}","isEnabled":false,"motionAngle":0,"radius":10,"saturation":1,"type":0},"borderOptions":{"_class":"borderOptions","dashPattern":[],"isEnabled":true,"lineCapStyle":0,"lineJoinStyle":0},"borders":[],"colorControls":{"_class":"colorControls","brightness":0,"contrast":1,"hue":0,"isEnabled":true,"saturation":1},"contextSettings":{"_class":"graphicsContextSettings","blendMode":0,"opacity":1},"do_objectID":"A5043C4E-8897-42BB-ABA4-453126BD1380","endMarkerType":0,"fills":[],"innerShadows":[],"miterLimit":10,"shadows":[],"startMarkerType":0,"textStyle":{"_class":"textStyle","encodedAttributes":{"MSAttributedStringColorAttribute":{"_class":"color","alpha":1,"blue":0.7019607843137254,"green":0.6078431372549019,"red":0.5607843137254902},"MSAttributedStringFontAttribute":{"_class":"fontDescriptor","attributes":{"name":"OpenSans-SemiBold","size":15}},"paragraphStyle":{"_class":"paragraphStyle","alignment":0,"maximumLineHeight":24,"minimumLineHeight":24},"textStyleVerticalAlignmentKey":1},"verticalAlignment":0},"windingRule":1},"textBehaviour":0,"userInfo":{"com.animaapp.stc-sketch-plugin":{"kModelPropertiesKey":{"isAutoWidth":1}}}}],"name":"Brand Color Copy 3","nameIsFixed":false,"presetDictionary":{},"resizesContent":false,"resizingConstraint":63,"resizingType":0,"rotation":0,"shouldBreakMaskChain":true,"userInfo":{"io.magicsketch.mirror":{"highestQuality":-1}},"verticalRulerData":{"_class":"rulerData","base":0,"guides":[]}},{"_class":"symbolMaster","allowsOverrides":true,"backgroundColor":{"_class":"color","alpha":1,"blue":1,"green":1,"red":1},"booleanOperation":-1,"clippingMaskMode":0,"do_objectID":"5BB2CC3A-BEE5-4309-B280-8C85F45D5E18","frame":{"_class":"rect","constrainProportions":false,"height":8,"width":8,"x":-177,"y":363},"groupLayout":{"_class":"MSImmutableFreeformGroupLayout"},"hasBackgroundColor":false,"hasClickThrough":true,"hasClippingMask":false,"horizontalRulerData":{"_class":"rulerData","base":0,"guides":[]},"includeBackgroundColorInExport":true,"includeBackgroundColorInInstance":false,"includeInCloudUpload":true,"isFixedToViewport":false,"isFlippedHorizontal":false,"isFlippedVertical":false,"isFlowHome":false,"isLocked":false,"isVisible":true,"layerListExpandedType":0,"layers":[{"_class":"rectangle","booleanOperation":-1,"clippingMaskMode":0,"do_objectID":"D93E9B96-E02A-435A-9C6D-1354933E99BA","edited":false,"fixedRadius":0,"frame":{"_class":"rect","constrainProportions":true,"height":8,"width":8,"x":0,"y":0},"hasClippingMask":false,"hasConvertedToNewRoundCorners":true,"isClosed":true,"isFixedToViewport":false,"isFlippedHorizontal":false,"isFlippedVertical":false,"isLocked":false,"isVisible":true,"name":"Rectangle Copy","nameIsFixed":false,"needsConvertionToNewRoundCorners":false,"pointRadiusBehaviour":1,"points":[{"_class":"curvePoint","cornerRadius":0,"curveFrom":"{0, 0}","curveMode":1,"curveTo":"{0, 0}","hasCurveFrom":false,"hasCurveTo":false,"point":"{0, 0}"},{"_class":"curvePoint","cornerRadius":0,"curveFrom":"{1, 0}","curveMode":1,"curveTo":"{1, 0}","hasCurveFrom":false,"hasCurveTo":false,"point":"{1, 0}"},{"_class":"curvePoint","cornerRadius":0,"curveFrom":"{1, 1}","curveMode":1,"curveTo":"{1, 1}","hasCurveFrom":false,"hasCurveTo":false,"point":"{1, 1}"},{"_class":"curvePoint","cornerRadius":0,"curveFrom":"{0, 1}","curveMode":1,"curveTo":"{0, 1}","hasCurveFrom":false,"hasCurveTo":false,"point":"{0, 1}"}],"resizingConstraint":63,"resizingType":0,"rotation":0,"sharedStyleID":"9B9ABE00-76C0-4D90-8A28-D3A19EC57109","shouldBreakMaskChain":false,"style":{"_class":"style","blur":{"_class":"blur","center":"{0.5, 0.5}","isEnabled":false,"motionAngle":0,"radius":10,"saturation":1,"type":0},"borderOptions":{"_class":"borderOptions","dashPattern":[],"isEnabled":true,"lineCapStyle":0,"lineJoinStyle":0},"borders":[{"_class":"border","color":{"_class":"color","alpha":1,"blue":0.592,"green":0.592,"red":0.592},"contextSettings":{"_class":"graphicsContextSettings","blendMode":0,"opacity":1},"fillType":0,"gradient":{"_class":"gradient","elipseLength":0,"from":"{0.5, 0}","gradientType":0,"stops":[{"_class":"gradientStop","color":{"_class":"color","alpha":1,"blue":1,"green":1,"red":1},"position":0},{"_class":"gradientStop","color":{"_class":"color","alpha":1,"blue":0,"green":0,"red":0},"position":1}],"to":"{0.5, 1}"},"isEnabled":false,"position":1,"thickness":1}],"colorControls":{"_class":"colorControls","brightness":0,"contrast":1,"hue":0,"isEnabled":true,"saturation":1},"contextSettings":{"_class":"graphicsContextSettings","blendMode":0,"opacity":1},"do_objectID":"1EB5F048-744B-40AF-BB3A-AF9C3CD5BB48","endMarkerType":0,"fills":[{"_class":"fill","color":{"_class":"color","alpha":1,"blue":0.7411764705882353,"green":0.7529411764705882,"red":0.7529411764705882},"contextSettings":{"_class":"graphicsContextSettings","blendMode":0,"opacity":1},"fillType":0,"gradient":{"_class":"gradient","elipseLength":0,"from":"{0.5, 0}","gradientType":0,"stops":[{"_class":"gradientStop","color":{"_class":"color","alpha":1,"blue":1,"green":1,"red":1},"position":0},{"_class":"gradientStop","color":{"_class":"color","alpha":1,"blue":0,"green":0,"red":0},"position":1}],"to":"{0.5, 1}"},"isEnabled":true,"noiseIndex":0,"noiseIntensity":0,"patternFillType":1,"patternTileScale":1}],"innerShadows":[],"miterLimit":10,"shadows":[],"startMarkerType":0,"windingRule":1},"userInfo":{"com.animaapp.stc-sketch-plugin":{"kModelPropertiesKey":{"constraints":{"aspectRatio":{"constant":8,"enabled":1,"model_class":"ADModelConstraint","model_version":0,"multiplier":8},"automatic":1,"model_class":"ADModelViewConstraints","model_version":0,"scaleFactor":1}}}}}],"name":"Paddings/XSmall","nameIsFixed":false,"overrideProperties":[{"_class":"MSImmutableOverrideProperty","canOverride":true,"overrideName":"D93E9B96-E02A-435A-9C6D-1354933E99BA_layerStyle"}],"presetDictionary":{},"resizesContent":false,"resizingConstraint":63,"resizingType":0,"rotation":0,"shouldBreakMaskChain":true,"style":{"_class":"style","blur":{"_class":"blur","center":"{0.5, 0.5}","isEnabled":false,"motionAngle":0,"radius":10,"saturation":1,"type":0},"borderOptions":{"_class":"borderOptions","dashPattern":[],"isEnabled":true,"lineCapStyle":0,"lineJoinStyle":0},"borders":[],"colorControls":{"_class":"colorControls","brightness":0,"contrast":1,"hue":0,"isEnabled":false,"saturation":1},"contextSettings":{"_class":"graphicsContextSettings","blendMode":0,"opacity":1},"do_objectID":"7BF8BAA4-2A7C-424D-860D-87C5E362B225","endMarkerType":0,"fills":[],"innerShadows":[],"miterLimit":10,"shadows":[],"startMarkerType":0,"windingRule":1},"symbolID":"C3A7DCB3-7EF2-4A7F-BF92-6801DA70B244","verticalRulerData":{"_class":"rulerData","base":0,"guides":[]}},{"_class":"symbolMaster","allowsOverrides":true,"backgroundColor":{"_class":"color","alpha":1,"blue":1,"green":1,"red":1},"booleanOperation":-1,"clippingMaskMode":0,"do_objectID":"7AF991B7-864B-4F94-8F52-4F331FE6117A","frame":{"_class":"rect","constrainProportions":false,"height":16,"width":16,"x":-177,"y":411},"groupLayout":{"_class":"MSImmutableFreeformGroupLayout"},"hasBackgroundColor":false,"hasClickThrough":true,"hasClippingMask":false,"horizontalRulerData":{"_class":"rulerData","base":0,"guides":[]},"includeBackgroundColorInExport":true,"includeBackgroundColorInInstance":false,"includeInCloudUpload":true,"isFixedToViewport":false,"isFlippedHorizontal":false,"isFlippedVertical":false,"isFlowHome":false,"isLocked":false,"isVisible":true,"layerListExpandedType":0,"layers":[{"_class":"rectangle","booleanOperation":-1,"clippingMaskMode":0,"do_objectID":"13BFAE4C-AFAC-4214-8541-BB15BCB40516","edited":false,"fixedRadius":0,"frame":{"_class":"rect","constrainProportions":true,"height":16,"width":16,"x":0,"y":0},"hasClippingMask":false,"hasConvertedToNewRoundCorners":true,"isClosed":true,"isFixedToViewport":false,"isFlippedHorizontal":false,"isFlippedVertical":false,"isLocked":false,"isVisible":true,"name":"Rectangle","nameIsFixed":false,"needsConvertionToNewRoundCorners":false,"pointRadiusBehaviour":1,"points":[{"_class":"curvePoint","cornerRadius":0,"curveFrom":"{0, 0}","curveMode":1,"curveTo":"{0, 0}","hasCurveFrom":false,"hasCurveTo":false,"point":"{0, 0}"},{"_class":"curvePoint","cornerRadius":0,"curveFrom":"{1, 0}","curveMode":1,"curveTo":"{1, 0}","hasCurveFrom":false,"hasCurveTo":false,"point":"{1, 0}"},{"_class":"curvePoint","cornerRadius":0,"curveFrom":"{1, 1}","curveMode":1,"curveTo":"{1, 1}","hasCurveFrom":false,"hasCurveTo":false,"point":"{1, 1}"},{"_class":"curvePoint","cornerRadius":0,"curveFrom":"{0, 1}","curveMode":1,"curveTo":"{0, 1}","hasCurveFrom":false,"hasCurveTo":false,"point":"{0, 1}"}],"resizingConstraint":63,"resizingType":0,"rotation":0,"sharedStyleID":"9B9ABE00-76C0-4D90-8A28-D3A19EC57109","shouldBreakMaskChain":false,"style":{"_class":"style","blur":{"_class":"blur","center":"{0.5, 0.5}","isEnabled":false,"motionAngle":0,"radius":10,"saturation":1,"type":0},"borderOptions":{"_class":"borderOptions","dashPattern":[],"isEnabled":true,"lineCapStyle":0,"lineJoinStyle":0},"borders":[{"_class":"border","color":{"_class":"color","alpha":1,"blue":0.592,"green":0.592,"red":0.592},"contextSettings":{"_class":"graphicsContextSettings","blendMode":0,"opacity":1},"fillType":0,"gradient":{"_class":"gradient","elipseLength":0,"from":"{0.5, 0}","gradientType":0,"stops":[{"_class":"gradientStop","color":{"_class":"color","alpha":1,"blue":1,"green":1,"red":1},"position":0},{"_class":"gradientStop","color":{"_class":"color","alpha":1,"blue":0,"green":0,"red":0},"position":1}],"to":"{0.5, 1}"},"isEnabled":false,"position":1,"thickness":1}],"colorControls":{"_class":"colorControls","brightness":0,"contrast":1,"hue":0,"isEnabled":true,"saturation":1},"contextSettings":{"_class":"graphicsContextSettings","blendMode":0,"opacity":1},"do_objectID":"FC00FFAA-BE86-4769-8750-528CE033600A","endMarkerType":0,"fills":[{"_class":"fill","color":{"_class":"color","alpha":1,"blue":0.7411764705882353,"green":0.7529411764705882,"red":0.7529411764705882},"contextSettings":{"_class":"graphicsContextSettings","blendMode":0,"opacity":1},"fillType":0,"gradient":{"_class":"gradient","elipseLength":0,"from":"{0.5, 0}","gradientType":0,"stops":[{"_class":"gradientStop","color":{"_class":"color","alpha":1,"blue":1,"green":1,"red":1},"position":0},{"_class":"gradientStop","color":{"_class":"color","alpha":1,"blue":0,"green":0,"red":0},"position":1}],"to":"{0.5, 1}"},"isEnabled":true,"noiseIndex":0,"noiseIntensity":0,"patternFillType":1,"patternTileScale":1}],"innerShadows":[],"miterLimit":10,"shadows":[],"startMarkerType":0,"windingRule":1},"userInfo":{"com.animaapp.stc-sketch-plugin":{"kModelPropertiesKey":{"constraints":{"aspectRatio":{"constant":16,"enabled":1,"model_class":"ADModelConstraint","model_version":0,"multiplier":16},"automatic":1,"model_class":"ADModelViewConstraints","model_version":0,"scaleFactor":1}}}}}],"name":"Paddings/Small","nameIsFixed":false,"overrideProperties":[{"_class":"MSImmutableOverrideProperty","canOverride":true,"overrideName":"13BFAE4C-AFAC-4214-8541-BB15BCB40516_layerStyle"}],"presetDictionary":{},"resizesContent":false,"resizingConstraint":63,"resizingType":0,"rotation":0,"shouldBreakMaskChain":true,"style":{"_class":"style","blur":{"_class":"blur","center":"{0.5, 0.5}","isEnabled":false,"motionAngle":0,"radius":10,"saturation":1,"type":0},"borderOptions":{"_class":"borderOptions","dashPattern":[],"isEnabled":true,"lineCapStyle":0,"lineJoinStyle":0},"borders":[],"colorControls":{"_class":"colorControls","brightness":0,"contrast":1,"hue":0,"isEnabled":false,"saturation":1},"contextSettings":{"_class":"graphicsContextSettings","blendMode":0,"opacity":1},"do_objectID":"AD273F49-01D7-47E7-8942-E4ACEDA19A9B","endMarkerType":0,"fills":[],"innerShadows":[],"miterLimit":10,"shadows":[],"startMarkerType":0,"windingRule":1},"symbolID":"380488A9-B464-4A80-8F64-5B20895BFF4E","verticalRulerData":{"_class":"rulerData","base":0,"guides":[]}},{"_class":"symbolMaster","allowsOverrides":true,"backgroundColor":{"_class":"color","alpha":1,"blue":1,"green":1,"red":1},"booleanOperation":-1,"clippingMaskMode":0,"do_objectID":"C5981F14-EC78-438F-AB9D-80095A38B1F7","frame":{"_class":"rect","constrainProportions":false,"height":24,"width":24,"x":-177,"y":467},"groupLayout":{"_class":"MSImmutableFreeformGroupLayout"},"hasBackgroundColor":false,"hasClickThrough":true,"hasClippingMask":false,"horizontalRulerData":{"_class":"rulerData","base":0,"guides":[]},"includeBackgroundColorInExport":true,"includeBackgroundColorInInstance":false,"includeInCloudUpload":true,"isFixedToViewport":false,"isFlippedHorizontal":false,"isFlippedVertical":false,"isFlowHome":false,"isLocked":false,"isVisible":true,"layerListExpandedType":0,"layers":[{"_class":"rectangle","booleanOperation":-1,"clippingMaskMode":0,"do_objectID":"97BE0780-DAEA-460D-ABFC-425539C5F95A","edited":false,"fixedRadius":0,"frame":{"_class":"rect","constrainProportions":true,"height":24,"width":24,"x":0,"y":0},"hasClippingMask":false,"hasConvertedToNewRoundCorners":true,"isClosed":true,"isFixedToViewport":false,"isFlippedHorizontal":false,"isFlippedVertical":false,"isLocked":false,"isVisible":true,"name":"Rectangle","nameIsFixed":false,"needsConvertionToNewRoundCorners":false,"pointRadiusBehaviour":1,"points":[{"_class":"curvePoint","cornerRadius":0,"curveFrom":"{0, 0}","curveMode":1,"curveTo":"{0, 0}","hasCurveFrom":false,"hasCurveTo":false,"point":"{0, 0}"},{"_class":"curvePoint","cornerRadius":0,"curveFrom":"{1, 0}","curveMode":1,"curveTo":"{1, 0}","hasCurveFrom":false,"hasCurveTo":false,"point":"{1, 0}"},{"_class":"curvePoint","cornerRadius":0,"curveFrom":"{1, 1}","curveMode":1,"curveTo":"{1, 1}","hasCurveFrom":false,"hasCurveTo":false,"point":"{1, 1}"},{"_class":"curvePoint","cornerRadius":0,"curveFrom":"{0, 1}","curveMode":1,"curveTo":"{0, 1}","hasCurveFrom":false,"hasCurveTo":false,"point":"{0, 1}"}],"resizingConstraint":63,"resizingType":0,"rotation":0,"sharedStyleID":"9B9ABE00-76C0-4D90-8A28-D3A19EC57109","shouldBreakMaskChain":false,"style":{"_class":"style","blur":{"_class":"blur","center":"{0.5, 0.5}","isEnabled":false,"motionAngle":0,"radius":10,"saturation":1,"type":0},"borderOptions":{"_class":"borderOptions","dashPattern":[],"isEnabled":true,"lineCapStyle":0,"lineJoinStyle":0},"borders":[{"_class":"border","color":{"_class":"color","alpha":1,"blue":0.592,"green":0.592,"red":0.592},"contextSettings":{"_class":"graphicsContextSettings","blendMode":0,"opacity":1},"fillType":0,"gradient":{"_class":"gradient","elipseLength":0,"from":"{0.5, 0}","gradientType":0,"stops":[{"_class":"gradientStop","color":{"_class":"color","alpha":1,"blue":1,"green":1,"red":1},"position":0},{"_class":"gradientStop","color":{"_class":"color","alpha":1,"blue":0,"green":0,"red":0},"position":1}],"to":"{0.5, 1}"},"isEnabled":false,"position":1,"thickness":1}],"colorControls":{"_class":"colorControls","brightness":0,"contrast":1,"hue":0,"isEnabled":true,"saturation":1},"contextSettings":{"_class":"graphicsContextSettings","blendMode":0,"opacity":1},"do_objectID":"09A0102A-D87D-4C4A-B4FB-66D295168045","endMarkerType":0,"fills":[{"_class":"fill","color":{"_class":"color","alpha":1,"blue":0.7411764705882353,"green":0.7529411764705882,"red":0.7529411764705882},"contextSettings":{"_class":"graphicsContextSettings","blendMode":0,"opacity":1},"fillType":0,"gradient":{"_class":"gradient","elipseLength":0,"from":"{0.5, 0}","gradientType":0,"stops":[{"_class":"gradientStop","color":{"_class":"color","alpha":1,"blue":1,"green":1,"red":1},"position":0},{"_class":"gradientStop","color":{"_class":"color","alpha":1,"blue":0,"green":0,"red":0},"position":1}],"to":"{0.5, 1}"},"isEnabled":true,"noiseIndex":0,"noiseIntensity":0,"patternFillType":1,"patternTileScale":1}],"innerShadows":[],"miterLimit":10,"shadows":[],"startMarkerType":0,"windingRule":1},"userInfo":{"com.animaapp.stc-sketch-plugin":{"kModelPropertiesKey":{"constraints":{"aspectRatio":{"constant":24,"enabled":1,"model_class":"ADModelConstraint","model_version":0,"multiplier":24},"automatic":1,"model_class":"ADModelViewConstraints","model_version":0,"scaleFactor":1}}}}}],"name":"Paddings/Medium","nameIsFixed":false,"overrideProperties":[{"_class":"MSImmutableOverrideProperty","canOverride":true,"overrideName":"97BE0780-DAEA-460D-ABFC-425539C5F95A_layerStyle"}],"presetDictionary":{},"resizesContent":false,"resizingConstraint":63,"resizingType":0,"rotation":0,"shouldBreakMaskChain":true,"style":{"_class":"style","blur":{"_class":"blur","center":"{0.5, 0.5}","isEnabled":false,"motionAngle":0,"radius":10,"saturation":1,"type":0},"borderOptions":{"_class":"borderOptions","dashPattern":[],"isEnabled":true,"lineCapStyle":0,"lineJoinStyle":0},"borders":[],"colorControls":{"_class":"colorControls","brightness":0,"contrast":1,"hue":0,"isEnabled":false,"saturation":1},"contextSettings":{"_class":"graphicsContextSettings","blendMode":0,"opacity":1},"do_objectID":"EA10480D-3478-4B2C-8A12-05872C5E06FB","endMarkerType":0,"fills":[],"innerShadows":[],"miterLimit":10,"shadows":[],"startMarkerType":0,"windingRule":1},"symbolID":"EDA9ACE4-6E91-4E30-B53F-C8F35DB3711E","verticalRulerData":{"_class":"rulerData","base":0,"guides":[]}},{"_class":"symbolMaster","allowsOverrides":true,"backgroundColor":{"_class":"color","alpha":1,"blue":1,"green":1,"red":1},"booleanOperation":-1,"clippingMaskMode":0,"do_objectID":"AE71FC9D-0574-4417-A173-E7ACEAE159AA","frame":{"_class":"rect","constrainProportions":false,"height":32,"width":32,"x":-177,"y":531},"groupLayout":{"_class":"MSImmutableFreeformGroupLayout"},"hasBackgroundColor":false,"hasClickThrough":true,"hasClippingMask":false,"horizontalRulerData":{"_class":"rulerData","base":0,"guides":[]},"includeBackgroundColorInExport":true,"includeBackgroundColorInInstance":false,"includeInCloudUpload":true,"isFixedToViewport":false,"isFlippedHorizontal":false,"isFlippedVertical":false,"isFlowHome":false,"isLocked":false,"isVisible":true,"layerListExpandedType":0,"layers":[{"_class":"rectangle","booleanOperation":-1,"clippingMaskMode":0,"do_objectID":"55CDFF9C-81B3-4006-B803-789DA426BC24","edited":false,"fixedRadius":0,"frame":{"_class":"rect","constrainProportions":true,"height":32,"width":32,"x":0,"y":0},"hasClippingMask":false,"hasConvertedToNewRoundCorners":true,"isClosed":true,"isFixedToViewport":false,"isFlippedHorizontal":false,"isFlippedVertical":false,"isLocked":false,"isVisible":true,"name":"Rectangle","nameIsFixed":false,"needsConvertionToNewRoundCorners":false,"pointRadiusBehaviour":1,"points":[{"_class":"curvePoint","cornerRadius":0,"curveFrom":"{0, 0}","curveMode":1,"curveTo":"{0, 0}","hasCurveFrom":false,"hasCurveTo":false,"point":"{0, 0}"},{"_class":"curvePoint","cornerRadius":0,"curveFrom":"{1, 0}","curveMode":1,"curveTo":"{1, 0}","hasCurveFrom":false,"hasCurveTo":false,"point":"{1, 0}"},{"_class":"curvePoint","cornerRadius":0,"curveFrom":"{1, 1}","curveMode":1,"curveTo":"{1, 1}","hasCurveFrom":false,"hasCurveTo":false,"point":"{1, 1}"},{"_class":"curvePoint","cornerRadius":0,"curveFrom":"{0, 1}","curveMode":1,"curveTo":"{0, 1}","hasCurveFrom":false,"hasCurveTo":false,"point":"{0, 1}"}],"resizingConstraint":63,"resizingType":0,"rotation":0,"sharedStyleID":"9B9ABE00-76C0-4D90-8A28-D3A19EC57109","shouldBreakMaskChain":false,"style":{"_class":"style","blur":{"_class":"blur","center":"{0.5, 0.5}","isEnabled":false,"motionAngle":0,"radius":10,"saturation":1,"type":0},"borderOptions":{"_class":"borderOptions","dashPattern":[],"isEnabled":true,"lineCapStyle":0,"lineJoinStyle":0},"borders":[{"_class":"border","color":{"_class":"color","alpha":1,"blue":0.592,"green":0.592,"red":0.592},"contextSettings":{"_class":"graphicsContextSettings","blendMode":0,"opacity":1},"fillType":0,"gradient":{"_class":"gradient","elipseLength":0,"from":"{0.5, 0}","gradientType":0,"stops":[{"_class":"gradientStop","color":{"_class":"color","alpha":1,"blue":1,"green":1,"red":1},"position":0},{"_class":"gradientStop","color":{"_class":"color","alpha":1,"blue":0,"green":0,"red":0},"position":1}],"to":"{0.5, 1}"},"isEnabled":false,"position":1,"thickness":1}],"colorControls":{"_class":"colorControls","brightness":0,"contrast":1,"hue":0,"isEnabled":true,"saturation":1},"contextSettings":{"_class":"graphicsContextSettings","blendMode":0,"opacity":1},"do_objectID":"89CDC686-C988-4B47-B82C-D12D858EDE5B","endMarkerType":0,"fills":[{"_class":"fill","color":{"_class":"color","alpha":1,"blue":0.7411764705882353,"green":0.7529411764705882,"red":0.7529411764705882},"contextSettings":{"_class":"graphicsContextSettings","blendMode":0,"opacity":1},"fillType":0,"gradient":{"_class":"gradient","elipseLength":0,"from":"{0.5, 0}","gradientType":0,"stops":[{"_class":"gradientStop","color":{"_class":"color","alpha":1,"blue":1,"green":1,"red":1},"position":0},{"_class":"gradientStop","color":{"_class":"color","alpha":1,"blue":0,"green":0,"red":0},"position":1}],"to":"{0.5, 1}"},"isEnabled":true,"noiseIndex":0,"noiseIntensity":0,"patternFillType":1,"patternTileScale":1}],"innerShadows":[],"miterLimit":10,"shadows":[],"startMarkerType":0,"windingRule":1},"userInfo":{"com.animaapp.stc-sketch-plugin":{"kModelPropertiesKey":{"constraints":{"aspectRatio":{"constant":32,"enabled":1,"model_class":"ADModelConstraint","model_version":0,"multiplier":32},"automatic":1,"model_class":"ADModelViewConstraints","model_version":0,"scaleFactor":1}}}}}],"name":"Paddings/Large","nameIsFixed":false,"overrideProperties":[{"_class":"MSImmutableOverrideProperty","canOverride":true,"overrideName":"55CDFF9C-81B3-4006-B803-789DA426BC24_layerStyle"}],"presetDictionary":{},"resizesContent":false,"resizingConstraint":63,"resizingType":0,"rotation":0,"shouldBreakMaskChain":true,"style":{"_class":"style","blur":{"_class":"blur","center":"{0.5, 0.5}","isEnabled":false,"motionAngle":0,"radius":10,"saturation":1,"type":0},"borderOptions":{"_class":"borderOptions","dashPattern":[],"isEnabled":true,"lineCapStyle":0,"lineJoinStyle":0},"borders":[],"colorControls":{"_class":"colorControls","brightness":0,"contrast":1,"hue":0,"isEnabled":false,"saturation":1},"contextSettings":{"_class":"graphicsContextSettings","blendMode":0,"opacity":1},"do_objectID":"458697D6-2799-453A-8711-3450FE5BE203","endMarkerType":0,"fills":[],"innerShadows":[],"miterLimit":10,"shadows":[],"startMarkerType":0,"windingRule":1},"symbolID":"0144D062-C3D0-4C96-BBE1-3C1AC202C0EA","verticalRulerData":{"_class":"rulerData","base":0,"guides":[]}},{"_class":"symbolMaster","allowsOverrides":true,"backgroundColor":{"_class":"color","alpha":1,"blue":1,"green":1,"red":1},"booleanOperation":-1,"clippingMaskMode":0,"do_objectID":"0FD8B3BA-71A5-4CB9-884F-D39DA96DE50F","frame":{"_class":"rect","constrainProportions":false,"height":40,"width":40,"x":-177,"y":603},"groupLayout":{"_class":"MSImmutableFreeformGroupLayout"},"hasBackgroundColor":false,"hasClickThrough":true,"hasClippingMask":false,"horizontalRulerData":{"_class":"rulerData","base":0,"guides":[]},"includeBackgroundColorInExport":true,"includeBackgroundColorInInstance":false,"includeInCloudUpload":true,"isFixedToViewport":false,"isFlippedHorizontal":false,"isFlippedVertical":false,"isFlowHome":false,"isLocked":false,"isVisible":true,"layerListExpandedType":0,"layers":[{"_class":"rectangle","booleanOperation":-1,"clippingMaskMode":0,"do_objectID":"51327ED6-E9AE-4703-A8BB-44565B0ADD27","edited":false,"fixedRadius":0,"frame":{"_class":"rect","constrainProportions":true,"height":40,"width":40,"x":0,"y":0},"hasClippingMask":false,"hasConvertedToNewRoundCorners":true,"isClosed":true,"isFixedToViewport":false,"isFlippedHorizontal":false,"isFlippedVertical":false,"isLocked":false,"isVisible":true,"name":"Rectangle","nameIsFixed":false,"needsConvertionToNewRoundCorners":false,"pointRadiusBehaviour":1,"points":[{"_class":"curvePoint","cornerRadius":0,"curveFrom":"{0, 0}","curveMode":1,"curveTo":"{0, 0}","hasCurveFrom":false,"hasCurveTo":false,"point":"{0, 0}"},{"_class":"curvePoint","cornerRadius":0,"curveFrom":"{1, 0}","curveMode":1,"curveTo":"{1, 0}","hasCurveFrom":false,"hasCurveTo":false,"point":"{1, 0}"},{"_class":"curvePoint","cornerRadius":0,"curveFrom":"{1, 1}","curveMode":1,"curveTo":"{1, 1}","hasCurveFrom":false,"hasCurveTo":false,"point":"{1, 1}"},{"_class":"curvePoint","cornerRadius":0,"curveFrom":"{0, 1}","curveMode":1,"curveTo":"{0, 1}","hasCurveFrom":false,"hasCurveTo":false,"point":"{0, 1}"}],"resizingConstraint":63,"resizingType":0,"rotation":0,"sharedStyleID":"9B9ABE00-76C0-4D90-8A28-D3A19EC57109","shouldBreakMaskChain":false,"style":{"_class":"style","blur":{"_class":"blur","center":"{0.5, 0.5}","isEnabled":false,"motionAngle":0,"radius":10,"saturation":1,"type":0},"borderOptions":{"_class":"borderOptions","dashPattern":[],"isEnabled":true,"lineCapStyle":0,"lineJoinStyle":0},"borders":[{"_class":"border","color":{"_class":"color","alpha":1,"blue":0.592,"green":0.592,"red":0.592},"contextSettings":{"_class":"graphicsContextSettings","blendMode":0,"opacity":1},"fillType":0,"gradient":{"_class":"gradient","elipseLength":0,"from":"{0.5, 0}","gradientType":0,"stops":[{"_class":"gradientStop","color":{"_class":"color","alpha":1,"blue":1,"green":1,"red":1},"position":0},{"_class":"gradientStop","color":{"_class":"color","alpha":1,"blue":0,"green":0,"red":0},"position":1}],"to":"{0.5, 1}"},"isEnabled":false,"position":1,"thickness":1}],"colorControls":{"_class":"colorControls","brightness":0,"contrast":1,"hue":0,"isEnabled":true,"saturation":1},"contextSettings":{"_class":"graphicsContextSettings","blendMode":0,"opacity":1},"do_objectID":"C1E3B10B-E8DE-4524-9A62-1C48ACC9B08F","endMarkerType":0,"fills":[{"_class":"fill","color":{"_class":"color","alpha":1,"blue":0.7411764705882353,"green":0.7529411764705882,"red":0.7529411764705882},"contextSettings":{"_class":"graphicsContextSettings","blendMode":0,"opacity":1},"fillType":0,"gradient":{"_class":"gradient","elipseLength":0,"from":"{0.5, 0}","gradientType":0,"stops":[{"_class":"gradientStop","color":{"_class":"color","alpha":1,"blue":1,"green":1,"red":1},"position":0},{"_class":"gradientStop","color":{"_class":"color","alpha":1,"blue":0,"green":0,"red":0},"position":1}],"to":"{0.5, 1}"},"isEnabled":true,"noiseIndex":0,"noiseIntensity":0,"patternFillType":1,"patternTileScale":1}],"innerShadows":[],"miterLimit":10,"shadows":[],"startMarkerType":0,"windingRule":1},"userInfo":{"com.animaapp.stc-sketch-plugin":{"kModelPropertiesKey":{"constraints":{"aspectRatio":{"constant":40,"enabled":1,"model_class":"ADModelConstraint","model_version":0,"multiplier":40},"automatic":1,"model_class":"ADModelViewConstraints","model_version":0,"scaleFactor":1}}}}}],"name":"Paddings/XLarge","nameIsFixed":false,"overrideProperties":[{"_class":"MSImmutableOverrideProperty","canOverride":true,"overrideName":"51327ED6-E9AE-4703-A8BB-44565B0ADD27_layerStyle"}],"presetDictionary":{},"resizesContent":false,"resizingConstraint":63,"resizingType":0,"rotation":0,"shouldBreakMaskChain":true,"style":{"_class":"style","blur":{"_class":"blur","center":"{0.5, 0.5}","isEnabled":false,"motionAngle":0,"radius":10,"saturation":1,"type":0},"borderOptions":{"_class":"borderOptions","dashPattern":[],"isEnabled":true,"lineCapStyle":0,"lineJoinStyle":0},"borders":[],"colorControls":{"_class":"colorControls","brightness":0,"contrast":1,"hue":0,"isEnabled":false,"saturation":1},"contextSettings":{"_class":"graphicsContextSettings","blendMode":0,"opacity":1},"do_objectID":"E57FF01D-6CAD-454F-851F-5C930A6032F8","endMarkerType":0,"fills":[],"innerShadows":[],"miterLimit":10,"shadows":[],"startMarkerType":0,"windingRule":1},"symbolID":"82E5FA15-FB31-4E9A-B6D7-EA8503917613","verticalRulerData":{"_class":"rulerData","base":0,"guides":[]}},{"_class":"symbolMaster","allowsOverrides":true,"backgroundColor":{"_class":"color","alpha":1,"blue":1,"green":1,"red":1},"booleanOperation":-1,"clippingMaskMode":0,"do_objectID":"2B451261-BEF1-46DB-9510-B2F9B57C536D","frame":{"_class":"rect","constrainProportions":false,"height":48,"width":48,"x":-177,"y":683},"groupLayout":{"_class":"MSImmutableFreeformGroupLayout"},"hasBackgroundColor":false,"hasClickThrough":true,"hasClippingMask":false,"horizontalRulerData":{"_class":"rulerData","base":0,"guides":[]},"includeBackgroundColorInExport":true,"includeBackgroundColorInInstance":false,"includeInCloudUpload":true,"isFixedToViewport":false,"isFlippedHorizontal":false,"isFlippedVertical":false,"isFlowHome":false,"isLocked":false,"isVisible":true,"layerListExpandedType":0,"layers":[{"_class":"rectangle","booleanOperation":-1,"clippingMaskMode":0,"do_objectID":"4F4DF154-2E53-4F64-8AA8-DEB70848835A","edited":false,"fixedRadius":0,"frame":{"_class":"rect","constrainProportions":true,"height":48,"width":48,"x":0,"y":0},"hasClippingMask":false,"hasConvertedToNewRoundCorners":true,"isClosed":true,"isFixedToViewport":false,"isFlippedHorizontal":false,"isFlippedVertical":false,"isLocked":false,"isVisible":true,"name":"Rectangle","nameIsFixed":false,"needsConvertionToNewRoundCorners":false,"pointRadiusBehaviour":1,"points":[{"_class":"curvePoint","cornerRadius":0,"curveFrom":"{0, 0}","curveMode":1,"curveTo":"{0, 0}","hasCurveFrom":false,"hasCurveTo":false,"point":"{0, 0}"},{"_class":"curvePoint","cornerRadius":0,"curveFrom":"{1, 0}","curveMode":1,"curveTo":"{1, 0}","hasCurveFrom":false,"hasCurveTo":false,"point":"{1, 0}"},{"_class":"curvePoint","cornerRadius":0,"curveFrom":"{1, 1}","curveMode":1,"curveTo":"{1, 1}","hasCurveFrom":false,"hasCurveTo":false,"point":"{1, 1}"},{"_class":"curvePoint","cornerRadius":0,"curveFrom":"{0, 1}","curveMode":1,"curveTo":"{0, 1}","hasCurveFrom":false,"hasCurveTo":false,"point":"{0, 1}"}],"resizingConstraint":63,"resizingType":0,"rotation":0,"sharedStyleID":"9B9ABE00-76C0-4D90-8A28-D3A19EC57109","shouldBreakMaskChain":false,"style":{"_class":"style","blur":{"_class":"blur","center":"{0.5, 0.5}","isEnabled":false,"motionAngle":0,"radius":10,"saturation":1,"type":0},"borderOptions":{"_class":"borderOptions","dashPattern":[],"isEnabled":true,"lineCapStyle":0,"lineJoinStyle":0},"borders":[{"_class":"border","color":{"_class":"color","alpha":1,"blue":0.592,"green":0.592,"red":0.592},"contextSettings":{"_class":"graphicsContextSettings","blendMode":0,"opacity":1},"fillType":0,"gradient":{"_class":"gradient","elipseLength":0,"from":"{0.5, 0}","gradientType":0,"stops":[{"_class":"gradientStop","color":{"_class":"color","alpha":1,"blue":1,"green":1,"red":1},"position":0},{"_class":"gradientStop","color":{"_class":"color","alpha":1,"blue":0,"green":0,"red":0},"position":1}],"to":"{0.5, 1}"},"isEnabled":false,"position":1,"thickness":1}],"colorControls":{"_class":"colorControls","brightness":0,"contrast":1,"hue":0,"isEnabled":true,"saturation":1},"contextSettings":{"_class":"graphicsContextSettings","blendMode":0,"opacity":1},"do_objectID":"806059B0-7B70-4CAA-8F6A-6F6AFE2C7F74","endMarkerType":0,"fills":[{"_class":"fill","color":{"_class":"color","alpha":1,"blue":0.7411764705882353,"green":0.7529411764705882,"red":0.7529411764705882},"contextSettings":{"_class":"graphicsContextSettings","blendMode":0,"opacity":1},"fillType":0,"gradient":{"_class":"gradient","elipseLength":0,"from":"{0.5, 0}","gradientType":0,"stops":[{"_class":"gradientStop","color":{"_class":"color","alpha":1,"blue":1,"green":1,"red":1},"position":0},{"_class":"gradientStop","color":{"_class":"color","alpha":1,"blue":0,"green":0,"red":0},"position":1}],"to":"{0.5, 1}"},"isEnabled":true,"noiseIndex":0,"noiseIntensity":0,"patternFillType":1,"patternTileScale":1}],"innerShadows":[],"miterLimit":10,"shadows":[],"startMarkerType":0,"windingRule":1},"userInfo":{"com.animaapp.stc-sketch-plugin":{"kModelPropertiesKey":{"constraints":{"aspectRatio":{"constant":48,"enabled":1,"model_class":"ADModelConstraint","model_version":0,"multiplier":48},"automatic":1,"model_class":"ADModelViewConstraints","model_version":0,"scaleFactor":1}}}}}],"name":"Paddings/XXLarge","nameIsFixed":false,"overrideProperties":[{"_class":"MSImmutableOverrideProperty","canOverride":true,"overrideName":"4F4DF154-2E53-4F64-8AA8-DEB70848835A_layerStyle"}],"presetDictionary":{},"resizesContent":false,"resizingConstraint":63,"resizingType":0,"rotation":0,"shouldBreakMaskChain":true,"style":{"_class":"style","blur":{"_class":"blur","center":"{0.5, 0.5}","isEnabled":false,"motionAngle":0,"radius":10,"saturation":1,"type":0},"borderOptions":{"_class":"borderOptions","dashPattern":[],"isEnabled":true,"lineCapStyle":0,"lineJoinStyle":0},"borders":[],"colorControls":{"_class":"colorControls","brightness":0,"contrast":1,"hue":0,"isEnabled":false,"saturation":1},"contextSettings":{"_class":"graphicsContextSettings","blendMode":0,"opacity":1},"do_objectID":"A0BFE292-14F4-46A7-B675-DA62983CA13A","endMarkerType":0,"fills":[],"innerShadows":[],"miterLimit":10,"shadows":[],"startMarkerType":0,"windingRule":1},"symbolID":"448C8019-7729-416E-A481-3022FDB36143","verticalRulerData":{"_class":"rulerData","base":0,"guides":[]}}],"name":"Tokens-Paddings","nameIsFixed":false,"resizingConstraint":63,"resizingType":0,"rotation":0,"scrollOrigin":"{297, 383}","shouldBreakMaskChain":false,"userInfo":{"com.animaapp.stc-sketch-plugin":{"com.animaapp.uses.anima":1}},"verticalRulerData":{"_class":"rulerData","base":-471,"guides":[]},"zoomValue":1}