{"app":"com.bohemiancoding.sketch3","appVersion":"71.2","compatibilityVersion":99,"created":{"app":"com.bohemiancoding.sketch3","appVersion":"71.2","compatibilityVersion":99,"variant":"NONAPPSTORE","version":136},"fonts":[],"pagesAndArtboards":{"163E6FF8-A468-4EBA-9E20-7AC77AABD47C":{"name":"Tokens-Shadows","artboards":{"0C283EEB-3C84-4753-A0A6-84BBA90F458F":{"name":"Shadows"},"56EB9219-5F42-4B3D-8FB3-43DCBC91F489":{"name":"Shadow/Secondary"},"C8509586-8971-4AA9-AC40-E20371068A49":{"name":"Shadow/Primary"}}},"2F00F0C4-D7CF-482B-855D-DBBF2403AD06":{"name":"Tokens-Shapes","artboards":{"0715D568-7639-41ED-BF1A-312BABEB5353":{"name":"_Shape/16px/↘️"},"07E44C76-8154-4EB2-81AB-CB78D1527EA1":{"name":"_Shape/8px/↙️"},"107E2F8C-A3D7-4C70-9DD3-5CB9509BF656":{"name":"_Shape/0px/↘️"},"20756CC1-4DE8-4E0E-8BB3-16FAEB0F00A7":{"name":"_Shape/0px/↘️ ↗️"},"21CE730F-DF8C-44FD-8E99-40D98543EDA3":{"name":"_Shape/4px/↘️"},"294D24C8-2F31-439D-8C64-5BFF6E86F208":{"name":"_Shape/4px/↙️"},"2F43426D-A003-4BD9-9033-7216CF76196D":{"name":"_Shape/4px/↗️"},"44DA1004-4457-4579-A9FF-ECEE774C9B81":{"name":"_Shape/16px/↖️↙️"},"4652E9F6-F229-4341-8B08-7BE55DFE9E48":{"name":"_Shape/24px/↘️↙️"},"475FA144-75F4-4855-98FF-062BBFDBA6AF":{"name":"_Shape/16px/↗️"},"4CF3D717-F6F5-4AAF-8D76-13BA8A4BE8D2":{"name":"_Shape/8px/↘️"},"4FB0E1D6-51B1-4AB6-B490-27EC4AA284E9":{"name":"_Shape/0px/↖️↗️"},"521E51A9-1040-457A-854F-86F9916AF032":{"name":"_Shape/0px/↗️"},"5D4662A8-96E6-461C-B4DD-45181180F932":{"name":"_Shape/16px/↙️"},"5F02978B-A9B6-4A0D-9517-EA9C6BA6B774":{"name":"_Shape/8px/↘️ ↗️"},"75F6DEF1-23CE-4CD2-A3E0-73FF17DD48F0":{"name":"_Shape/16px/↖️↗️↘️↙️"},"7A70A761-BEA8-484C-9C0F-6D051709F769":{"name":"_Shape/4px/↖️↙️"},"81BADA9B-A337-4FD7-8A8F-467ECE1A77F3":{"name":"_Shape/24px/↖️↗️"},"82396863-CF93-47C5-B617-0AC637713C7B":{"name":"_Shape/0px"},"8CA790A1-DADE-4433-BA65-F22BB53FCF39":{"name":"_Shape/0px/↖️"},"8D423FAB-C05F-4401-B9DA-2C6B9F53DF5C":{"name":"_Shape/0px/↖️ ↙️"},"8F1C855F-998E-4AE7-AB1B-0E3818F6335D":{"name":"_Shape/4px/↖️↗️"},"90CA57ED-DF6D-4443-94BE-FE8AB3410E13":{"name":"_Shape/4px/↘️↙️"},"95705380-D8CC-4314-B6C9-15070AC5FBCA":{"name":"_Shape/0px/↖️↗️↘️↙️"},"9666291A-C6F2-4553-9356-BAB63D7FCD72":{"name":"_Shape/0px/↙️"},"96B7C49D-5EA2-489A-B182-436651983C33":{"name":"_Shape/8px/↘️↙️"},"9D6A0757-DD9D-4D7F-A442-5048FB9A90A4":{"name":"_Shape/4px/↖️↗️↘️↙️"},"9E5D20F1-5007-4489-9062-DD14A74532DD":{"name":"_Shape/8px/↖️↙️"},"A46C94FB-4F8B-4F38-A23F-24FE51604737":{"name":"_Shape/24px/↙️"},"AA05959D-170A-4E9B-A721-EB32B9BF434D":{"name":"_Shape/16px/↘️ ↗️"},"AA8B787C-9C88-4426-8E15-AEA44A702138":{"name":"Shapes Setup"},"ACDE8EDE-CC9D-46FE-98CF-7AB944448569":{"name":"_Shape/8px/↗️"},"B1A83947-C0BB-4AB6-A05E-143FE29CC3AB":{"name":"_Shape/24px/↘️"},"B9313E8E-EAB5-46F0-8D8D-4454DA2A5A0A":{"name":"_Shape/Circular"},"B9CE8670-6512-494F-9FA2-18C0D1B840AD":{"name":"_Shape/24px/↗️"},"BCBD4DC3-161C-43FE-9C1A-299CEF466A66":{"name":"_Shape/24px/↖️↗️↘️↙️"},"C0AB3E17-C390-4F29-8D2F-9C58535BF54E":{"name":"_Shape/8px/↖️↗️"},"CD0969CD-B611-4069-9040-1E8DE0657298":{"name":"_Shape/4px/↘️ ↗️"},"D5C74D7A-6094-4D08-9AB6-6C2EDA7000AA":{"name":"_Shape/16px/↖️↗️"},"DD32C2AE-C490-418B-A115-BC06006E90A1":{"name":"_Shape/24px/↖️↙️"},"DE3E048A-7E66-4B75-988B-B30B925723A2":{"name":"_Shape/24px/↖️"},"E038FDF6-F425-4A61-A255-8CDAB2F35ED9":{"name":"_Shape/16px/↖️"},"E87EB773-5C9B-4384-9163-25C48040AB62":{"name":"_Shape/8px/↖️↗️↘️↙️"},"EE180F92-FB80-4000-9B46-2292B939D1C5":{"name":"_Shape/0px/↘️↙️"},"F95C53B1-FB01-4924-9696-A20C8C7840B3":{"name":"_Shape/4px/↖️"},"FC0B4F28-9245-4E1B-8D53-2E47217A5AFA":{"name":"_Shape/8px/↖️"},"FD98074E-7EB1-4DE5-85A7-600AD297F50D":{"name":"_Shape/16px/↘️↙️"},"FEFE4C58-4907-4726-AD9F-DEC2ECCE4956":{"name":"_Shape/24px/↘️ ↗️"}}},"32000FFD-F1CD-4E47-9053-A42DA45ECC17":{"name":"Tokens-Overlay","artboards":{"2371BABF-B38F-46B3-9963-464875993F9F":{"name":"Overlay"}}},"423883FE-B602-4F85-9384-FC192110DBB7":{"name":"Tokens-Typography","artboards":{"171239C7-27E9-4F97-80C6-97A201B6D256":{"name":"Typography-Light"},"1ACCA4B9-395A-4D53-AB87-A47014B341A9":{"name":"Typography-Regular"},"61AB0304-0726-41D9-8506-28A3E71364B9":{"name":"Typography-SemiBold"},"8197C444-3690-4D21-A2D4-C0AB11C206F3":{"name":"Typography-Bold"},"A12D881D-064F-43CD-95F5-E7F9B76F4764":{"name":"Typography-ExtraBold"}}},"4705F685-D8F2-406E-AD30-A66C440F159B":{"name":"Tokens-Dividers","artboards":{"0BB30EDA-39F8-4AFC-8879-B3AADA9CE8C9":{"name":"Dividers/Dash/Solid/2px"},"181E6B03-3ACB-4FCC-B6E9-B2A1BA629E4E":{"name":"Dividers/Line/Solid/2px"},"2A202E73-E2A7-4B5C-BAFA-0AD0EA9FFB51":{"name":"Dividers/Line/Radius/4px"},"39FCDA63-88A5-4C16-AA6B-E98E5FF66720":{"name":"Dividers/Dash/Radius/1px"},"42E0A31F-D799-4972-97B8-25ED5814D3EC":{"name":"Dividers/Dash/Solid/1px"},"5DBA1ED5-90E0-497A-8D3A-42001FE1A332":{"name":"Dividers/Line/Solid/4px"},"5E76E91C-AB9F-48B0-9280-FF6B1656CC90":{"name":"Dividers/Line/Radius/3px"},"6B4F2501-3504-4763-89CF-56C454FB954D":{"name":"Dividers/Dash/Radius/3px"},"75A96A98-3949-427D-9BCF-5BE0942E1C4A":{"name":"Brand Color Copy 2"},"949AC812-FF69-4AD5-87F1-CAC3BECBFBD5":{"name":"Dividers/Dash/Solid/3px"},"99078E66-5558-493A-B92B-043DBC304D6C":{"name":"Dividers/Line/Solid/3px"},"9A3C3EDF-8F78-4A39-B0D7-F6DA4164CD09":{"name":"Dividers/Line/Radius/1px"},"A4E2871E-02EC-4CEA-9D60-5950ECAE325F":{"name":"Dividers/Dash/Radius/4px"},"AA4D0B39-0D5B-4175-9F2C-76D9C15995B4":{"name":"Dividers/Line/Radius/2px"},"B852DFBB-D46C-4827-83BD-98D42B20247E":{"name":"Dividers/Line/Solid/1px"},"D90D6985-B065-4FF2-B623-5856842FCF6F":{"name":"Dividers/Dash/Solid/4px"},"F3EF11E0-913B-401F-98FD-2AFFE0373F68":{"name":"Dividers/Dash/Radius/2px"}}},"8B30568D-CD2D-49AD-896A-FBD47F898F1C":{"name":"Tokens-Paddings","artboards":{"0EC0641B-1049-4D61-914E-57F619A818E7":{"name":"Brand Color Copy 3"},"0FD8B3BA-71A5-4CB9-884F-D39DA96DE50F":{"name":"Paddings/XLarge"},"2B451261-BEF1-46DB-9510-B2F9B57C536D":{"name":"Paddings/XXLarge"},"5BB2CC3A-BEE5-4309-B280-8C85F45D5E18":{"name":"Paddings/XSmall"},"7AF991B7-864B-4F94-8F52-4F331FE6117A":{"name":"Paddings/Small"},"AE71FC9D-0574-4417-A173-E7ACEAE159AA":{"name":"Paddings/Large"},"C5981F14-EC78-438F-AB9D-80095A38B1F7":{"name":"Paddings/Medium"}}},"8E257888-833F-4851-9053-ACCC88A78DB0":{"name":"Tokens-Color","artboards":{"419C8F80-1CDB-450E-AFF0-14BEAD758C60":{"name":"Semantic Colors"},"4DBA2727-3869-435B-B6A0-857BABB2771D":{"name":"Theme Color"},"C3D9AF34-25BD-47AD-B10F-9E328B5155C9":{"name":"Color UI Master"},"CC1FD3E2-EFE9-4D35-B270-A2F840C0EEF9":{"name":"Shadow"}}},"9F2A6E08-47EB-44FB-9FE4-C7EE55A26DEB":{"name":"Tokens-Branding","artboards":{"011D921A-E18B-4023-9E36-10B33CB8D1E0":{"name":"Branding/CLX-Logo/Color"},"1A106439-B362-417F-A8B3-251ACD0429AC":{"name":"Branding/Corporate-Banking/White"},"22ACF5C1-07B9-4DB9-804E-5F9B4059FFC1":{"name":"Branding/Old-Logo/Color"},"2457A228-3DEB-4824-AD9C-DE8D4602F626":{"name":"Branding/CLX-Logo/White"},"2619999E-8284-4043-91CF-1504764A7D95":{"name":"Branding/Old-Logo/Black"},"2BF460CA-FE6F-4B58-9874-0F82AE56954E":{"name":"Branding/Corporate-Banking/Color"},"2FF3ED57-4E9F-42E1-A098-906EB9FF9461":{"name":"Branding/New-Logo/White"},"48C6A518-8CAC-48F1-9E83-0ED1F1706D55":{"name":"Branding/New-Logo/Color (White)"},"69BC304A-618A-4413-90BD-53E5A70C5E2F":{"name":"Branding/New-Logo/Color (Grey)"},"6A7FC5EF-5DE2-4306-8B0E-B1EC48E82E51":{"name":"Branding/CLX-Logo/Black"},"7181CA13-484E-40B0-9D22-ADF97352E88D":{"name":"Branding/New-Logo/Black"},"A51C9011-5E3D-4BCD-BC66-89F642CF18EB":{"name":"Branding/Old-Logo/White"},"AD09066A-6322-4E53-8ECC-DF0D78E75970":{"name":"Branding-Logo"},"EDC495D2-0F60-4248-B60E-FE904A0181B8":{"name":"Branding/Corporate-Banking/Black"}}},"C07C502A-7692-483C-8AAF-9AA3916C3B4B":{"name":"Token-Grid","artboards":{"66D6ED2D-55A5-44B8-806E-2581FFA72FBB":{"name":"Grid/3-Desktop/ Fluid Grid"},"747376F0-05F2-4800-B282-6D734824F4A7":{"name":"Grid/3-Desktop/ Default Grid"},"7D5FB3A7-60CB-414D-B793-C73BE01E7C68":{"name":"Grid/2-Tablet/ Tablet Grid"},"973D85AC-B491-4896-B7F4-56CA8A9BED1D":{"name":"Grid/3-Desktop/ Fixed Left Grid"},"A23A0985-AA74-4C2D-B603-C3D66BBF9004":{"name":"Brand Color Copy 3"},"E3B8EE43-9507-4CC1-AC61-A3DD85681577":{"name":"Grid/1-Mobile/ Mobile Grid"},"F90CCE66-60EE-4D72-8BC4-0C857444842D":{"name":"Large Devices ( ≥ 1200px )"},"FD8AC39B-299A-46EB-A057-825EBD9B84D4":{"name":"Small Devices ( ≥ 768px )"}}}},"variant":"NONAPPSTORE","version":136}